season,player_id,player_name,pos_rank,games,season_worp,positive_weeks,positive_week_pct,top2_positive_share,weeks_to_75pct_positive
2023,3634,Kalif Raymond,89,17,-0.3490705234375003,5,0.29411764705882354,0.8563397933450762,2.0
2023,5374,Justin Watson,95,16,-0.3783294375000005,3,0.1875,0.9461285083669921,2.0
2023,8140,Justyn Ross,257,17,-1.3269212500000005,0,0.0,,
2023,8921,Maurice Alexander,297,17,-1.4296298046875004,0,0.0,,
2023,1067,Marvin Jones,104,6,-0.4415910625,0,0.0,,
2023,11474,Dylan Drummond,273,16,-1.3842548125000005,0,0.0,,
2023,5102,Daurice Fountain,289,17,-1.4296298046875004,0,0.0,,
2023,7541,Cornell Powell,301,17,-1.4362630859375005,0,0.0,,
2023,10229,Rashee Rice,28,16,0.9825117265624995,14,0.875,0.34703920408494415,6.0
2023,7606,Kadarius Toney,107,13,-0.4478216171875001,3,0.23076923076923078,0.9424073842529374,2.0
2023,8475,Montrell Washington,304,17,-1.4362630859375005,0,0.0,,
2023,5086,Marquez Valdes-Scantling,163,17,-0.8225532656250005,1,0.058823529411764705,1.0,1.0
2023,7547,Amon-Ra St. Brown,3,16,2.4521102578125,15,0.9375,0.22917951679514925,9.0
2023,11053,Antoine Green,159,10,-0.8095740859375002,0,0.0,,
2023,4171,Josh Reynolds,61,17,-0.0023599140625003012,7,0.4117647058823529,0.5945369945114437,4.0
2023,8148,Jameson Williams,105,16,-0.4418838750000003,5,0.3125,0.6706282375868861,3.0
2023,5137,Richie James,229,16,-1.1293969921875004,0,0.0,,
2023,8168,Skyy Moore,166,17,-0.8337901171875004,2,0.11764705882352941,1.0,1.0
2023,10222,Jayden Reed,24,16,1.08065278125,13,0.8125,0.31275296410482917,6.0
2023,10234,Derius Davis,217,17,-1.0599169609375005,1,0.058823529411764705,1.0,1.0
2023,11080,Malik Knowles,325,17,-1.4613017265625003,0,0.0,,
2023,11115,Terrell Bynum,315,17,-1.4466034296875003,0,0.0,,
2023,11452,Jesse Matthews,307,17,-1.4363010078125005,0,0.0,,
2023,11505,David Durden,309,17,-1.4363010078125005,0,0.0,,
2023,11506,Jalen Moreno-Cropper,310,17,-1.4363010078125005,0,0.0,,
2023,1346,Marquise Goodwin,179,12,-0.8971613515625003,0,0.0,,
2023,1479,Keenan Allen,4,13,2.0562286796875,13,1.0,0.34761748726490405,6.0
2023,2078,Odell Beckham,56,14,0.07890735937499993,5,0.35714285714285715,0.6477146085358715,3.0
2023,2216,Mike Evans,8,17,1.6904679296874994,14,0.8235294117647058,0.2874748883179112,7.0
2023,2325,Nelson Agholor,100,17,-0.4225447343750003,6,0.35294117647058826,0.6958767385219143,3.0
2023,312,Matthew Slater,253,16,-1.3158439687500005,0,0.0,,
2023,3269,Chris Moore,134,17,-0.6576287187500003,1,0.058823529411764705,1.0,1.0
2023,4080,Zay Jones,57,9,0.0722760859374999,6,0.6666666666666666,0.6736592261427484,3.0
2023,4197,Isaiah McKenzie,236,16,-1.1553626953125005,0,0.0,,
2023,4198,Jamal Agnew,180,16,-0.9002738984375003,2,0.125,1.0,1.0
2023,4218,Trent Taylor,333,17,-1.4790336562500004,0,0.0,,
2023,4319,Zach Pascal,235,14,-1.1517963906250004,0,0.0,,
2023,4351,Tim Patrick,288,17,-1.4296298046875004,0,0.0,,
2023,4950,Christian Kirk,45,16,0.3238855312499997,9,0.5625,0.4228944672576615,6.0
2023,5038,Michael Gallup,110,17,-0.49071927343750027,4,0.23529411764705882,0.6225557289047453,3.0
2023,5045,Courtland Sutton,35,16,0.7295015312499997,13,0.8125,0.2564480254546653,7.0
2023,5902,Penny Hart,101,5,-0.42298146093750005,0,0.0,,
2023,5947,Jakobi Meyers,23,16,1.0832153671874998,11,0.6875,0.3320221023167314,6.0
2023,6387,Nsimba Webster,330,17,-1.4613017265625003,0,0.0,,
2023,6453,D.J. Montgomery,251,17,-1.2693483750000005,1,0.058823529411764705,1.0,1.0
2023,6819,Michael Pittman,13,16,1.516577046875,14,0.875,0.2701685553190413,8.0
2023,6853,Van Jefferson,192,17,-0.9721183437500005,0,0.0,,
2023,6960,Tyler Johnson,264,17,-1.3536815546875005,1,0.058823529411764705,1.0,1.0
2023,7009,Trishton Jackson,256,16,-1.3266711328125003,0,0.0,,
2023,7049,Jauan Jennings,126,13,-0.5516528750000003,2,0.15384615384615385,1.0,2.0
2023,7436,Mason Kinsey,285,17,-1.4214715859375004,0,0.0,,
2023,7546,Tre Nixon,284,17,-1.4182777656250005,0,0.0,,
2023,7569,Nico Collins,9,15,1.6467266562499996,12,0.8,0.3487227046166526,6.0
2023,7670,Joshua Palmer,78,16,-0.16374890625000027,7,0.4375,0.6403950342530543,4.0
2023,8135,Treylon Burks,115,11,-0.5017678984375002,2,0.18181818181818182,1.0,2.0
2023,8185,Johnny Johnson,312,17,-1.4363010078125005,0,0.0,,
2023,8188,Tyquan Thornton,190,15,-0.9586850468750001,0,0.0,,
2023,8202,Michael Woods,323,17,-1.4466034296875003,0,0.0,,
2023,8676,Rashid Shaheed,42,16,0.43268893749999976,8,0.5,0.49279437514145813,4.0
2023,9486,Dontayvion Wicks,58,15,0.07001889843750009,8,0.5333333333333333,0.6489992910328765,3.0
2023,9756,Jordan Addison,30,17,0.9545738359374994,13,0.7647058823529411,0.41730500544262417,6.0
2023,10218,Xavier Hutchinson,230,16,-1.134114296875,0,0.0,,
2023,10232,Michael Wilson,55,13,0.12334641406249996,6,0.46153846153846156,0.6290855815801936,3.0
2023,10869,Matt Landers,177,11,-0.8956329843750004,0,0.0,,
2023,11073,Thayer Thomas,324,17,-1.4613017265625003,0,0.0,,
2023,11157,Brycen Tremayne,278,17,-1.4125989921875004,0,0.0,,
2023,11210,Malik Heath,152,13,-0.7752906953125002,1,0.07692307692307693,1.0,1.0
2023,11456,Tre'Shaun Harrison,308,17,-1.4363010078125005,0,0.0,,
2023,2334,Phillip Dorsett,287,17,-1.4296298046875004,0,0.0,,
2023,2410,Jamison Crowder,209,17,-1.0430959765625003,1,0.058823529411764705,1.0,1.0
2023,3155,Laquon Treadwell,298,17,-1.4330438046875003,0,0.0,,
2023,3423,Robbie Chosen,140,11,-0.7173218828125002,1,0.09090909090909091,1.0,1.0
2023,4177,Mack Hollins,133,13,-0.6348686718750001,2,0.15384615384615385,1.0,1.0
2023,5199,Byron Pringle,226,17,-1.1104798593750003,1,0.058823529411764705,1.0,1.0
2023,5773,KhaDarel Hodge,194,17,-1.0043543906250005,2,0.11764705882352941,1.0,2.0
2023,6149,Darius Slayton,47,17,0.29153477343749984,8,0.47058823529411764,0.4893977795982721,4.0
2023,6794,Justin Jefferson,33,17,0.8727464453124999,8,0.47058823529411764,0.36581381623376114,5.0
2023,6801,Tee Higgins,37,12,0.5559765390624998,7,0.5833333333333334,0.5342665330061509,4.0
2023,6803,Brandon Aiyuk,10,16,1.6028192890624995,13,0.8125,0.3745669315894672,7.0
2023,6886,Chase Claypool,158,12,-0.8052878203125002,1,0.08333333333333333,1.0,1.0
2023,6927,Quez Watkins,181,15,-0.9166109531250003,2,0.13333333333333333,1.0,1.0
2023,6985,Dezmon Patmon,72,1,-0.10257757031250003,0,0.0,,
2023,7090,Darnell Mooney,94,15,-0.3724478671875001,3,0.2,0.8968876800966659,2.0
2023,7191,Jaylon Moore,291,17,-1.4296298046875004,0,0.0,,
2023,7337,Easop Winston,319,17,-1.4466034296875003,0,0.0,,
2023,7438,Kristian Wilkerson,183,10,-0.9260881875000002,0,0.0,,
2023,7526,Jaylen Waddle,22,14,1.1200615781249996,13,0.9285714285714286,0.3706918694715538,6.0
2023,7564,Ja'Marr Chase,15,16,1.4791151718749997,12,0.75,0.4389411504827115,5.0
2023,7565,Terrace Marshall,112,10,-0.4965301562500003,2,0.2,1.0,1.0
2023,8176,Danny Gray,294,17,-1.4296298046875004,0,0.0,,
2023,8253,Deven Thompkins,222,17,-1.0747690468750004,1,0.058823529411764705,1.0,1.0
2023,8411,Devon Allen,303,17,-1.4362630859375005,0,0.0,,
2023,8416,Jalen Virgil,296,17,-1.4296298046875004,0,0.0,,
2023,8732,Raleigh Webb,260,16,-1.3478641328125005,0,0.0,,
2023,9494,Marvin Mims,114,16,-0.49791384375000036,2,0.125,1.0,2.0
2023,9504,Kayshon Boutte,98,5,-0.41400089062500006,0,0.0,,
2023,11099,Kearis Jackson,305,17,-1.4363010078125005,0,0.0,,
2023,11105,Shaquan Davis,282,17,-1.4182777656250005,0,0.0,,
2023,11257,Shedrick Jackson,306,17,-1.4363010078125005,0,0.0,,
2023,11312,T.J. Luther,238,14,-1.1819194687500003,0,0.0,,
2023,1352,Robert Woods,75,14,-0.15328132031250036,4,0.2857142857142857,0.6912952624213579,3.0
2023,2374,Tyler Lockett,34,17,0.7907716328124998,11,0.6470588235294118,0.3611770122510518,6.0
2023,2381,Chris Conley,255,17,-1.3166124140625004,1,0.058823529411764705,1.0,1.0
2023,2750,DeAndre Carter,268,17,-1.3590095625000003,0,0.0,,
2023,3225,Tyler Boyd,54,17,0.1275851640624998,10,0.5882352941176471,0.6174459544380068,4.0
2023,4068,Mike Williams,174,17,-0.8799162734375006,2,0.11764705882352941,1.0,2.0
2023,4274,David Moore,240,17,-1.2094060546875003,1,0.058823529411764705,1.0,1.0
2023,4454,Kendrick Bourne,87,17,-0.3267443046875002,4,0.23529411764705882,0.7628463958540098,2.0
2023,5432,Cam Sims,185,11,-0.9279734218750002,0,0.0,,
2023,5859,A.J. Brown,6,17,1.7869714765625,14,0.8235294117647058,0.2863013997433389,8.0
2023,5955,Hunter Renfrow,186,17,-0.9331187265625003,1,0.058823529411764705,1.0,1.0
2023,5965,Miles Boykin,271,17,-1.3749394609375005,0,0.0,,
2023,6032,Keelan Doss,261,17,-1.3496142109375004,0,0.0,,
2023,6154,David Sills,290,17,-1.4296298046875004,0,0.0,,
2023,6271,Olamide Zaccheaus,214,17,-1.0529998437500003,2,0.11764705882352941,1.0,1.0
2023,6786,CeeDee Lamb,1,17,3.1009335859375,17,1.0,0.23084740918712082,9.0
2023,6798,Jalen Reagor,201,16,-1.0165784609375004,1,0.0625,1.0,1.0
2023,6814,Laviska Shenault,187,14,-0.9433511093750003,0,0.0,,
2023,6847,Devin Duvernay,274,17,-1.3858944843750003,0,0.0,,
2023,6920,Isaiah Hodgins,161,17,-0.8151729296875003,2,0.11764705882352941,1.0,2.0
2023,7496,Nick Westbrook-Ikhine,121,17,-0.5208378437500001,5,0.29411764705882354,0.8097879571049005,2.0
2023,7534,Seth Williams,292,17,-1.4296298046875004,0,0.0,,
2023,7559,Ihmir Smith-Marsette,219,17,-1.0694694531250002,1,0.058823529411764705,1.0,1.0
2023,7579,Austin Watkins,320,17,-1.4466034296875003,0,0.0,,
2023,7596,Elijah Moore,59,17,0.027781789062499784,7,0.4117647058823529,0.42185684991837014,4.0
2023,7601,Rondale Moore,80,17,-0.20052178906250018,6,0.35294117647058826,0.6942244765627584,3.0
2023,7612,Dee Eskridge,207,12,-1.0375302031250002,0,0.0,,
2023,7619,Mathew Sexton,81,2,-0.2107201640625,0,0.0,,
2023,7703,Jacob Harris,293,17,-1.4296298046875004,0,0.0,,
2023,7751,Dax Milne,280,17,-1.4125989921875004,0,0.0,,
2023,8114,Erik Ezukanma,254,16,-1.3161226718750005,0,0.0,,
2023,8118,David Bell,147,15,-0.7579644687500003,2,0.13333333333333333,1.0,2.0
2023,8137,George Pickens,29,17,0.9794488828124999,12,0.7058823529411765,0.4733754657795873,4.0
2023,8142,Alec Pierce,93,17,-0.3677047187500003,3,0.17647058823529413,0.9134963216982401,2.0
2023,8414,Britain Covey,263,17,-1.3505478593750007,0,0.0,,
2023,8756,Brandon Johnson,132,17,-0.6211969765625006,3,0.17647058823529413,0.7848063425217575,2.0
2023,8928,Daylen Baldwin,206,12,-1.0356891953125003,0,0.0,,
2023,9488,Jaxon Smith-Njigba,53,17,0.13848263281249984,8,0.47058823529411764,0.4320437462566374,5.0
2023,9490,Tyler Scott,210,17,-1.0499002187500004,0,0.0,,
2023,9495,Rakim Jarrett,248,16,-1.2459044843750005,0,0.0,,
2023,9501,DeMario Douglas,60,14,0.007049046874999798,5,0.35714285714285715,0.506289855075199,4.0
2023,10226,Andrei Iosivas,162,16,-0.8202546484375003,1,0.0625,1.0,1.0
2023,10860,Malik Cunningham,223,13,-1.0750744687500005,0,0.0,,
2023,10867,Jake Bobo,173,17,-0.8784661171875005,2,0.11764705882352941,1.0,1.0
2023,11232,Isaiah Winstead,191,12,-0.9700128359375004,0,0.0,,
2023,11421,Ryan Miller,316,17,-1.4466034296875003,0,0.0,,
2023,1144,Cole Beasley,118,6,-0.5095754062500002,0,0.0,,
2023,2133,Davante Adams,14,17,1.4815984062499998,14,0.8235294117647058,0.39512933546359597,6.0
2023,2309,Amari Cooper,16,15,1.36665378125,11,0.7333333333333333,0.4554227677225724,5.0
2023,3433,Alex Erickson,170,16,-0.8568323281250001,1,0.0625,1.0,1.0
2023,4039,Cooper Kupp,40,16,0.5304889374999999,8,0.5,0.5051804117657825,4.0
2023,4040,JuJu Smith-Schuster,96,13,-0.40327907031250015,2,0.15384615384615385,1.0,2.0
2023,4234,Noah Brown,62,14,-0.01656790625000032,4,0.2857142857142857,0.7391078661745717,3.0
2023,4854,River Cracraft,202,16,-1.0180536015625004,1,0.0625,1.0,1.0
2023,4981,Calvin Ridley,19,17,1.2147355703124996,11,0.6470588235294118,0.3834530523391505,5.0
2023,4983,DJ Moore,7,17,1.7147341796874997,14,0.8235294117647058,0.3554061067060839,6.0
2023,5880,Parris Campbell,144,12,-0.7275385703125002,0,0.0,,
2023,5927,Terry McLaurin,32,17,0.8848984999999997,14,0.8235294117647058,0.364657641180185,7.0
2023,5970,Greg Dortch,131,16,-0.5975041484375002,4,0.25,0.7817095020345387,2.0
2023,6171,Cody Thompson,259,16,-1.3410208984375003,0,0.0,,
2023,6824,Donovan Peoples-Jones,195,15,-1.0044228671875004,0,0.0,,
2023,6989,Marquez Callaway,205,12,-1.0249118906250003,0,0.0,,
2023,7351,Kirk Merritt,83,3,-0.29177121874999995,0,0.0,,
2023,7525,DeVonta Smith,18,16,1.2241074296874996,13,0.8125,0.30562622887094454,7.0
2023,7562,Tutu Atwell,66,16,-0.0715340312500003,7,0.4375,0.6388338229055853,3.0
2023,7587,Dyami Brown,212,17,-1.0511480000000004,1,0.058823529411764705,1.0,1.0
2023,7595,Tylan Wallace,241,15,-1.2136612812500003,0,0.0,,
2023,7713,Jaelon Darden,321,17,-1.4466034296875003,0,0.0,,
2023,7793,Racey McMath,130,7,-0.5916300468750002,0,0.0,,
2023,8125,Calvin Austin,167,17,-0.8351177343750003,2,0.11764705882352941,1.0,1.0
2023,8171,Kyle Philips,150,13,-0.7693130937500003,2,0.15384615384615385,1.0,2.0
2023,8178,Braylon Sanders,302,17,-1.4362630859375005,0,0.0,,
2023,8204,Bo Melton,172,17,-0.8681048750000004,3,0.17647058823529413,0.9853841743988848,2.0
2023,8570,Derek Wright,313,17,-1.4363010078125005,0,0.0,,
2023,8745,Lance McCutcheon,262,16,-1.3497070625000003,0,0.0,,
2023,8755,Kaden Davis,281,17,-1.4125989921875004,0,0.0,,
2023,8917,KaVontae Turpin,138,16,-0.7012979140625004,3,0.1875,0.8453996362690775,2.0
2023,9500,Josh Downs,50,17,0.2632867656249996,8,0.47058823529411764,0.6097672396889436,4.0
2023,10444,Cedric Tillman,139,14,-0.7144393906250002,2,0.14285714285714285,1.0,2.0
2023,11081,Cephus Johnson,314,17,-1.4466034296875003,0,0.0,,
2023,11168,Xavier Smith,299,17,-1.4362630859375005,0,0.0,,
2023,11387,Sean Ryan,327,17,-1.4613017265625003,0,0.0,,
2023,1992,Allen Robinson,153,17,-0.7777574609375004,2,0.11764705882352941,1.0,1.0
2023,2197,Brandin Cooks,39,16,0.5375018125,9,0.5625,0.4527815812444781,5.0
2023,3200,Sterling Shepard,249,17,-1.2606917500000003,0,0.0,,
2023,3321,Tyreek Hill,2,16,3.0270828046875,16,1.0,0.25772594401098303,8.0
2023,4082,Curtis Samuel,44,16,0.3241350859374999,7,0.4375,0.40841890124240415,5.0
2023,5096,Ray-Ray McCloud,218,16,-1.0611025937500003,0,0.0,,
2023,5110,Russell Gage,318,17,-1.4466034296875003,0,0.0,,
2023,5121,Braxton Berrios,143,16,-0.7247174453125003,1,0.0625,1.0,1.0
2023,5134,Keith Kirkwood,189,13,-0.9520834140625003,0,0.0,,
2023,5846,DK Metcalf,20,16,1.1550756249999998,13,0.8125,0.3924984724307438,8.0
2023,5872,Deebo Samuel,12,15,1.5181249765625,12,0.8,0.39800876843191163,6.0
2023,5937,Diontae Johnson,48,17,0.2878620624999998,9,0.5294117647058824,0.4044905797585512,6.0
2023,5938,Lil'Jordan Humphrey,176,17,-0.8934312578125003,3,0.17647058823529413,0.9900856780872003,1.0
2023,6223,Juwann Winfree,198,12,-1.0124056484375001,0,0.0,,
2023,6427,Ashton Dulin,283,17,-1.4182777656250005,0,0.0,,
2023,6598,Trenton Irwin,141,16,-0.7179141171875003,3,0.1875,0.991197580474101,2.0
2023,6909,Lynn Bowden,237,17,-1.1653902343750004,0,0.0,,
2023,7066,K.J. Osborn,67,16,-0.08060822656250016,7,0.4375,0.6489376994883103,4.0
2023,7233,Andre Baccellia,279,17,-1.4125989921875004,0,0.0,,
2023,7729,Dez Fitzpatrick,246,15,-1.2308891250000005,0,0.0,,
2023,7746,Austin Trammell,270,17,-1.3728901953125006,0,0.0,,
2023,7757,Ben Skowronek,245,17,-1.2233988359375005,0,0.0,,
2023,8068,C.J. Saunders,102,5,-0.42298146093750005,0,0.0,,
2023,8112,Drake London,36,16,0.6802281718749996,10,0.625,0.5743141384599603,4.0
2023,8117,Jalen Tolbert,160,17,-0.8118896718750004,3,0.17647058823529413,0.9464153604030913,2.0
2023,8119,Jahan Dotson,69,17,-0.08651075000000036,7,0.4117647058823529,0.6576601428391009,3.0
2023,8144,Chris Olave,17,16,1.3311544531249995,14,0.875,0.2613369616656441,8.0
2023,8198,Charleston Rambo,73,1,-0.10257757031250003,0,0.0,,
2023,8250,Tay Martin,295,17,-1.4296298046875004,0,0.0,,
2023,8527,Dareke Young,243,14,-1.2158910156250002,0,0.0,,
2023,9492,Trey Palmer,97,17,-0.4052379843750002,5,0.29411764705882354,0.9614935171935903,1.0
2023,9493,Puka Nacua,5,17,2.0143273203125,13,0.7647058823529411,0.2844552403938962,7.0
2023,9997,Zay Flowers,26,16,1.0141000390625,13,0.8125,0.2738441493119742,6.0
2023,10221,Ronnie Bell,233,17,-1.1432978281250006,1,0.058823529411764705,1.0,1.0
2023,10225,Jonathan Mingo,111,16,-0.49129477343750033,4,0.25,0.7329967926022601,3.0
2023,10228,Charlie Jones,244,17,-1.2171436796875006,1,0.058823529411764705,1.0,1.0
2023,11024,Grant DuBose,258,16,-1.3380281328125003,0,0.0,,
2023,11070,Kazmeir Allen,277,17,-1.4125989921875004,0,0.0,,
2023,11189,Zay Malone,90,4,-0.362908171875,0,0.0,,
2023,11276,Joseph Ngata,300,17,-1.4362630859375005,0,0.0,,
2023,1426,DeAndre Hopkins,25,17,1.0675131015624997,10,0.5882352941176471,0.4244384324772364,5.0
2023,1689,Adam Thielen,21,17,1.1265939531249998,13,0.7647058823529411,0.4068095330510535,6.0
2023,1911,Willie Snead,276,17,-1.3999032500000004,0,0.0,,
2023,3199,Michael Thomas,108,17,-0.4561245078125003,8,0.47058823529411764,0.37474344014503563,5.0
2023,3286,Demarcus Robinson,99,16,-0.41485955468750024,5,0.3125,0.5269435007652421,4.0
2023,3342,Jakeem Grant,317,17,-1.4466034296875003,0,0.0,,
2023,4037,Chris Godwin,31,17,0.9510580859374997,15,0.8823529411764706,0.3490633843400488,7.0
2023,4622,Keelan Cole,272,16,-1.3792470859375003,0,0.0,,
2023,5026,Tre'Quan Smith,266,16,-1.3584928515625003,0,0.0,,
2023,5695,Brandon Powell,142,17,-0.7241131796875002,4,0.23529411764705882,0.7680199362341499,2.0
2023,5848,Marquise Brown,52,16,0.1427359531249997,9,0.5625,0.376508890634782,5.0
2023,6063,Tyron Billy-Johnson,265,16,-1.3542463671875005,0,0.0,,
2023,6069,Stanley Morgan,311,17,-1.4363010078125005,0,0.0,,
2023,6290,Scotty Miller,204,17,-1.0238634921875003,1,0.058823529411764705,1.0,1.0
2023,6402,Steven Sims,269,17,-1.3702120625000005,0,0.0,,
2023,6421,Jalen Guyton,203,15,-1.0224443046875002,1,0.06666666666666667,1.0,1.0
2023,6744,Greg Ward,275,16,-1.3908880937500003,0,0.0,,
2023,7540,Amari Rodgers,119,6,-0.5095754062500002,0,0.0,,
2023,7571,Rashod Bateman,123,16,-0.5304831640625001,1,0.0625,1.0,1.0
2023,7944,Michael Strachan,197,13,-1.0081455000000004,0,0.0,,
2023,7956,Cade Johnson,322,17,-1.4466034296875003,0,0.0,,
2023,8013,Tim Jones,247,17,-1.2374064296875005,0,0.0,,
2023,8121,Romeo Doubs,41,17,0.4490602656249996,10,0.5882352941176471,0.340449885474809,5.0
2023,8180,Jalen Nailor,208,13,-1.0385338281250003,0,0.0,,
2023,8235,Samori Toure,175,12,-0.8827412968750002,0,0.0,,
2023,8435,Kwamie Lassiter,286,17,-1.4268571640625005,0,0.0,,
2023,8571,Ra'Shaun Henry,84,3,-0.29177121874999995,0,0.0,,
2023,8628,Jontre Kirklin,200,12,-1.0158192343750003,0,0.0,,
2023,9497,Jalin Hyatt,146,17,-0.7526405937500003,3,0.17647058823529413,0.8342092255817055,2.0
2023,9499,Bryce Ford-Wheaton,332,17,-1.4613017265625003,0,0.0,,
2023,9502,Tank Dell,38,16,0.5486433359374998,7,0.4375,0.4997337634263158,4.0
2023,9754,Quentin Johnston,106,17,-0.4464010234375004,5,0.29411764705882354,0.5932873794788632,3.0
2023,8134,Khalil Shakir,74,17,-0.13542132031250037,6,0.35294117647058826,0.7185243879842261,3.0
2023,4942,Marcell Ateman,91,4,-0.362908171875,0,0.0,,
2023,9489,Justin Shorter,331,17,-1.4613017265625003,0,0.0,,
2023,5185,Allen Lazard,125,14,-0.5316520312500002,2,0.14285714285714285,1.0,1.0
2023,5917,Mecole Hardman,224,16,-1.0873015078125003,1,0.0625,1.0,1.0
2023,928,Randall Cobb,154,11,-0.7865789687500003,0,0.0,,
2023,2449,Stefon Diggs,11,17,1.5858887343749994,12,0.7058823529411765,0.32544501325098296,7.0
2023,6234,Deonte Harty,184,16,-0.9276444375000004,1,0.0625,1.0,1.0
2023,8146,Garrett Wilson,27,17,1.0025409843749997,14,0.8235294117647058,0.2872342985894951,8.0
2023,11306,Xavier Gipson,156,17,-0.7933181171875002,1,0.058823529411764705,1.0,1.0
2023,5154,Trent Sherfield,242,17,-1.2136678750000003,1,0.058823529411764705,1.0,1.0
2023,6943,Gabe Davis,46,17,0.3096743749999997,8,0.47058823529411764,0.3982992934040809,5.0
2023,11377,Tyrell Shavers,326,17,-1.4613017265625003,0,0.0,,
2023,11495,Bryan Thompson,328,17,-1.4613017265625003,0,0.0,,
2023,5915,Andy Isabella,329,17,-1.4613017265625003,0,0.0,,
2023,11520,Lucky Jackson,267,16,-1.3587241562500003,0,0.0,,
2023,2319,DeVante Parker,86,13,-0.31487738281250033,4,0.3076923076923077,0.764803763771965,2.0
2023,11056,Jared Wayne,250,15,-1.2633098046875004,0,0.0,,
2023,6783,Jerry Jeudy,51,16,0.1762026093749996,10,0.625,0.3753721174555746,6.0
2023,6239,Malik Taylor,252,16,-1.3032574453125005,0,0.0,,
2023,8076,Michael Bandy,225,13,-1.0880279375000004,0,0.0,,
2023,11034,Jalen Brooks,113,7,-0.4975581015625001,1,0.14285714285714285,1.0,1.0
2023,8223,Velus Jones,213,14,-1.0513545546875003,0,0.0,,
2023,11068,Mitchell Tinsley,79,2,-0.19019723437499997,0,0.0,,
2023,10213,Tre Tucker,122,16,-0.5235404531250003,4,0.25,0.83140931922321,2.0
2023,8147,John Metchie,196,16,-1.0075905859375003,0,0.0,,
2023,6699,Gunner Olszewski,199,12,-1.0150305703125002,0,0.0,,
2023,9503,Jacob Copeland,171,11,-0.8578882343750003,0,0.0,,
2023,4951,DJ Chark,64,15,-0.0659360078125002,5,0.3333333333333333,0.749768000558056,3.0
2023,10863,A.T. Perry,88,11,-0.3275943906250002,3,0.2727272727272727,0.996806899563306,2.0
2023,7533,Anthony Schwartz,157,9,-0.7984719765625001,0,0.0,,
2023,8126,Wan'Dale Robinson,49,15,0.2671317812499997,7,0.4666666666666667,0.4927883720028784,4.0
2023,8931,Josh Ali,231,14,-1.1364206484375003,0,0.0,,
2023,11226,Tyjon Lindsey,109,6,-0.4751402500000002,0,0.0,,
2023,6557,Jeff Smith,164,10,-0.8237058671875003,0,0.0,,
2023,8861,Irv Charles,232,14,-1.1366451718750004,0,0.0,,
2023,11204,Duece Watts,239,15,-1.2093626093750003,0,0.0,,
2023,5113,Cedrick Wilson,120,15,-0.5185154531250006,3,0.2,0.7546197554516374,2.0
2023,8167,Christian Watson,43,9,0.37097793749999963,5,0.5555555555555556,0.7692238477935249,2.0
2023,11184,Daniel Arias,129,8,-0.5904272578125004,0,0.0,,
2023,11347,Chase Cota,211,13,-1.0504141406250005,0,0.0,,
2023,7603,Shi Smith,234,14,-1.1445297890625006,0,0.0,,
2023,7789,Jalen Camp,124,6,-0.5307539218750001,0,0.0,,
2023,11046,Colton Dowell,178,11,-0.8960716875000004,0,0.0,,
2023,8005,Tarik Black,145,9,-0.7477968671875003,0,0.0,,
2023,9487,Parker Washington,148,14,-0.7606027734375005,2,0.14285714285714285,1.0,1.0
2023,5323,Equanimeous St. Brown,151,11,-0.7699631953125005,0,0.0,,
2023,7521,Chris Blair,228,14,-1.1265065468750004,0,0.0,,
2023,7812,Simi Fehoko,169,11,-0.8550992890625003,0,0.0,,
2023,11382,Dontay Demus,65,1,-0.07113695312500007,0,0.0,,
2023,6805,KJ Hamler,227,14,-1.1265065468750004,0,0.0,,
2023,6849,Denzel Mims,216,13,-1.0571746015625003,0,0.0,,
2023,8783,Kendric Pryor,221,13,-1.0733928359375005,0,0.0,,
2023,5139,Trey Quinn,63,1,-0.060073289062500035,0,0.0,,
2023,7135,Freddie Swain,220,13,-1.0733549140625005,0,0.0,,
2023,7530,Frank Darby,215,13,-1.0553695937500005,0,0.0,,
2023,11139,Elijah Cooks,137,9,-0.7005214062500003,0,0.0,,
2023,11190,Keilahn Harris,76,2,-0.1569696562500001,0,0.0,,
2023,11192,Malik Flowers,70,1,-0.08659394531250009,0,0.0,,
2023,5013,Anthony Miller,71,1,-0.08659394531250009,0,0.0,,
2023,7357,Dan Chisena,193,12,-0.9896175312500004,0,0.0,,
2023,6857,Collin Johnson,182,11,-0.9189190546875003,0,0.0,,
2023,947,Julio Jones,127,11,-0.5631628125000003,1,0.09090909090909091,1.0,1.0
2023,7032,Tyrie Cleveland,165,10,-0.8258153750000004,0,0.0,,
2023,2673,Damiere Byrd,85,4,-0.3067719296875001,0,0.0,,
2023,7989,DJ Turner,188,11,-0.9517263203125003,0,0.0,,
2023,7039,Cody White,128,7,-0.5753676718750002,0,0.0,,
2023,11311,Jason Brownlee,103,7,-0.43474064062500023,0,0.0,,
2023,6380,Davion Davis,136,8,-0.6862483203125002,0,0.0,,
2023,7237,Scotty Washington,155,9,-0.7929516562500003,0,0.0,,
2023,6957,James Proche,168,10,-0.8549778046875003,0,0.0,,
2023,1916,Martavis Bryant,135,8,-0.6786883750000002,0,0.0,,
2023,6386,Alex Bachman,149,9,-0.7607430156250002,0,0.0,,
2023,6395,Trinity Benson,77,2,-0.15881258593750003,0,0.0,,
2023,8831,Ethan Fernea,117,6,-0.5049919609375002,0,0.0,,
2023,6588,Tom Kennedy,116,6,-0.5049919609375002,0,0.0,,
2023,11266,Thyrick Pitts,92,4,-0.36553924218750006,0,0.0,,
2023,3852,Jaydon Mickens,82,3,-0.28265225781250003,0,0.0,,
2023,8801,Dennis Houston,68,1,-0.08205464062500001,0,0.0,,
2024,5917,Mecole Hardman,211,17,-1.07712703125,2,0.11764705882352941,1.0,1.0
2024,11982,Isaiah Washington,76,1,-0.09239048437500003,0,0.0,,
2024,2325,Nelson Agholor,139,14,-0.6577147812499998,1,0.07142857142857142,1.0,1.0
2024,5134,Keith Kirkwood,328,17,-1.455472453125,0,0.0,,
2024,8168,Skyy Moore,305,17,-1.4386313203125,0,0.0,,
2024,8475,Montrell Washington,267,16,-1.3424305937500003,0,0.0,,
2024,11320,Nikko Remigio,275,17,-1.3671958671875002,0,0.0,,
2024,11624,Xavier Worthy,38,17,0.5934226640625,11,0.6470588235294118,0.3192007729252036,6.0
2024,6234,Deonte Harty,277,16,-1.3783795859375,0,0.0,,
2024,5013,Anthony Miller,265,16,-1.3333414453125003,0,0.0,,
2024,10229,Rashee Rice,144,17,-0.6815011796875001,3,0.17647058823529413,0.7368963400444918,3.0
2024,7595,Tylan Wallace,207,17,-1.0379844765625001,1,0.058823529411764705,1.0,1.0
2024,8140,Justyn Ross,304,17,-1.4386313203125,0,0.0,,
2024,9997,Zay Flowers,25,17,0.9812860000000002,12,0.7058823529411765,0.401693236441331,5.0
2024,10860,Malik Cunningham,320,17,-1.455472453125,0,0.0,,
2024,11964,Dayton Wade,324,17,-1.455472453125,0,0.0,,
2024,12267,Qadir Ismail,326,17,-1.455472453125,0,0.0,,
2024,4040,JuJu Smith-Schuster,130,14,-0.6132222734375001,2,0.14285714285714285,1.0,1.0
2024,5374,Justin Watson,160,17,-0.7811869218750003,2,0.11764705882352941,1.0,1.0
2024,7571,Rashod Bateman,43,17,0.4411528984374996,8,0.47058823529411764,0.43023443536422373,5.0
2024,12151,Julian Hicks,308,17,-1.4428240390625002,0,0.0,,
2024,7703,Jacob Harris,111,5,-0.4381905000000001,0,0.0,,
2024,8204,Bo Melton,228,17,-1.171808671875,0,0.0,,
2024,8414,Britain Covey,218,14,-1.100617046875,1,0.07142857142857142,1.0,1.0
2024,5880,Parris Campbell,256,17,-1.2907731093750001,1,0.058823529411764705,1.0,1.0
2024,8119,Jahan Dotson,190,17,-0.9820337109375,1,0.058823529411764705,1.0,1.0
2024,8167,Christian Watson,79,15,-0.10107082812500018,7,0.4666666666666667,0.6839203333879937,3.0
2024,9486,Dontayvion Wicks,95,17,-0.26234498437500026,7,0.4117647058823529,0.7510635175531705,2.0
2024,8171,Kyle Philips,283,16,-1.3820236015625,0,0.0,,
2024,10230,Jalen Wayne,73,1,-0.09239048437500003,0,0.0,,
2024,11615,Ainias Smith,248,17,-1.26801571875,1,0.058823529411764705,1.0,1.0
2024,11636,Johnny Wilson,232,16,-1.1834796093750002,0,0.0,,
2024,5859,A.J. Brown,10,13,1.4080619062500004,12,0.9230769230769231,0.3036447125470953,6.0
2024,8121,Romeo Doubs,46,14,0.2645052343749999,8,0.5714285714285714,0.5169227577350802,4.0
2024,7525,DeVonta Smith,18,13,1.1084773984375,10,0.7692307692307693,0.34786217414328413,6.0
2024,10222,Jayden Reed,31,17,0.8220016796874998,10,0.5882352941176471,0.5279132943514602,5.0
2024,11946,Marcus Rosemy-Jacksaint,183,11,-0.92775934375,0,0.0,,
2024,10444,Cedric Tillman,83,12,-0.13652830468749982,4,0.3333333333333333,0.746281661814568,3.0
2024,11139,Elijah Cooks,333,17,-1.45911646875,0,0.0,,
2024,11157,Brycen Tremayne,313,17,-1.448163171875,0,0.0,,
2024,11506,Jalen Moreno-Cropper,294,17,-1.4368785390625,0,0.0,,
2024,11850,Jeff Foreman,307,17,-1.4428240390625002,0,0.0,,
2024,11994,Kameron Johnson,243,15,-1.2546440937500003,0,0.0,,
2024,12114,Joshua Cephus,336,17,-1.45911646875,0,0.0,,
2024,1479,Keenan Allen,34,15,0.7314032031250002,8,0.5333333333333333,0.4735935922640751,4.0
2024,2078,Odell Beckham,185,13,-0.9494435468750002,0,0.0,,
2024,2309,Amari Cooper,57,14,0.05799291406250018,7,0.5,0.6023990922439196,3.0
2024,3286,Demarcus Robinson,70,17,-0.09008685937500022,8,0.47058823529411764,0.6669101125348887,3.0
2024,4037,Chris Godwin,48,17,0.18183576562499992,7,0.4117647058823529,0.5486736885077433,4.0
2024,4177,Mack Hollins,106,17,-0.4059735859374998,4,0.23529411764705882,0.6310681519862659,3.0
2024,4983,DJ Moore,19,17,1.1027855937499997,13,0.7647058823529411,0.36395489104199374,7.0
2024,5323,Equanimeous St. Brown,339,17,-1.45911646875,0,0.0,,
2024,5884,Kelvin Harmon,295,17,-1.4368785390625,0,0.0,,
2024,6588,Tom Kennedy,311,17,-1.443566359375,0,0.0,,
2024,6786,CeeDee Lamb,7,17,1.5729001875000002,14,0.8235294117647058,0.32100112091838995,8.0
2024,6794,Justin Jefferson,2,17,2.0681483828125,15,0.8823529411764706,0.2650312593422363,9.0
2024,6805,KJ Hamler,282,16,-1.3812812812500002,0,0.0,,
2024,6943,Gabe Davis,157,16,-0.7753767421875,2,0.125,1.0,1.0
2024,7090,Darnell Mooney,32,16,0.80154621875,11,0.6875,0.4094101354248442,5.0
2024,7521,Chris Blair,293,17,-1.4296801953125,0,0.0,,
2024,7526,Jaylen Waddle,45,16,0.32441760156250016,8,0.5,0.6585344347839227,3.0
2024,7562,Tutu Atwell,102,17,-0.34087472656249995,7,0.4117647058823529,0.46912103392902654,4.0
2024,7564,Ja'Marr Chase,1,17,2.8716679531250002,17,1.0,0.3089225926728809,9.0
2024,7596,Elijah Moore,82,17,-0.1231641015624999,6,0.35294117647058826,0.6201867677303827,3.0
2024,7989,DJ Turner,182,17,-0.9227572343749999,1,0.058823529411764705,1.0,1.0
2024,8137,George Pickens,36,14,0.6768791093749998,11,0.7857142857142857,0.41053409811521235,5.0
2024,8200,Kevin Austin,226,17,-1.1588536171875001,0,0.0,,
2024,8676,Rashid Shaheed,114,17,-0.47932900781249993,5,0.29411764705882354,0.581599558624541,3.0
2024,8756,Brandon Johnson,292,17,-1.422191421875,0,0.0,,
2024,9487,Parker Washington,110,17,-0.43518253125,5,0.29411764705882354,0.8752922480016947,2.0
2024,9494,Marvin Mims,66,17,-0.07066467187500003,7,0.4117647058823529,0.6441102734308003,3.0
2024,9495,Rakim Jarrett,237,17,-1.2173941093750003,0,0.0,,
2024,9502,Tank Dell,47,16,0.2304499843750002,9,0.5625,0.4652635928395003,4.0
2024,9756,Jordan Addison,24,15,0.981895140625,9,0.6,0.5081349586872064,5.0
2024,10232,Michael Wilson,61,16,-0.01421450000000013,7,0.4375,0.49648030421763695,4.0
2024,10867,Jake Bobo,223,17,-1.1235394765625,0,0.0,,
2024,11034,Jalen Brooks,169,14,-0.8396858125,0,0.0,,
2024,11168,Xavier Smith,273,17,-1.3630640234375002,0,0.0,,
2024,11520,Lucky Jackson,299,17,-1.4386313203125,0,0.0,,
2024,11626,Xavier Legette,59,16,0.024256648437500083,8,0.5,0.6338655714782488,3.0
2024,11632,Malik Nabers,4,15,1.7024022968749999,15,1.0,0.3171108745805685,8.0
2024,11650,Luke McCaffrey,213,17,-1.0841787421875,0,0.0,,
2024,11808,Jha'Quan Jackson,208,12,-1.0556106484375,0,0.0,,
2024,12133,Drake Stoops,301,17,-1.4386313203125,0,0.0,,
2024,12210,Cole Burgess,337,17,-1.45911646875,0,0.0,,
2024,1426,DeAndre Hopkins,52,17,0.11850245312500035,8,0.47058823529411764,0.566559351006565,4.0
2024,1689,Adam Thielen,60,17,0.015401593749999665,8,0.47058823529411764,0.5537217242660986,3.0
2024,1992,Allen Robinson,280,17,-1.3796477031250003,0,0.0,,
2024,2216,Mike Evans,9,14,1.4263982734374998,12,0.8571428571428571,0.3435802075831128,6.0
2024,3423,Robbie Chosen,84,2,-0.15881899218750006,0,0.0,,
2024,4080,Zay Jones,252,17,-1.2818383046875002,0,0.0,,
2024,4351,Tim Patrick,115,17,-0.4868992109375001,4,0.23529411764705882,0.6998363793391581,3.0
2024,4854,River Cracraft,239,16,-1.2339672968750002,0,0.0,,
2024,5695,Brandon Powell,255,17,-1.2893226640625,0,0.0,,
2024,6149,Darius Slayton,72,16,-0.09218283593749982,6,0.375,0.7515784665096329,2.0
2024,6171,Cody Thompson,317,17,-1.4516339687500002,0,0.0,,
2024,6223,Juwann Winfree,329,17,-1.455472453125,0,0.0,,
2024,6387,Nsimba Webster,296,17,-1.4368785390625,0,0.0,,
2024,6819,Michael Pittman,44,16,0.39155408593749996,9,0.5625,0.48594286904390677,4.0
2024,6857,Collin Johnson,289,17,-1.4190743203125,0,0.0,,
2024,6920,Isaiah Hodgins,290,17,-1.4198915546875002,0,0.0,,
2024,7357,Dan Chisena,259,16,-1.2997654140625001,0,0.0,,
2024,7436,Mason Kinsey,287,17,-1.4073060000000002,0,0.0,,
2024,7438,Kristian Wilkerson,266,17,-1.3347357421875001,1,0.058823529411764705,1.0,1.0
2024,7569,Nico Collins,21,16,1.0113291171875,12,0.75,0.3988845195753497,6.0
2024,7587,Dyami Brown,138,16,-0.6508140703125,2,0.125,1.0,1.0
2024,8118,David Bell,285,17,-1.3833895156250002,0,0.0,,
2024,8134,Khalil Shakir,37,16,0.6082080234374998,11,0.6875,0.35851892058110796,7.0
2024,8180,Jalen Nailor,105,17,-0.3689107578125003,6,0.35294117647058826,0.6279383832242751,3.0
2024,8235,Samori Toure,297,17,-1.4368785390625,0,0.0,,
2024,9489,Justin Shorter,276,16,-1.3776372656250002,0,0.0,,
2024,10218,Xavier Hutchinson,217,16,-1.09740703125,0,0.0,,
2024,10225,Jonathan Mingo,219,17,-1.1061016953124998,0,0.0,,
2024,11046,Colton Dowell,309,17,-1.443566359375,0,0.0,,
2024,11347,Chase Cota,74,1,-0.09239048437500003,0,0.0,,
2024,11377,Tyrell Shavers,263,17,-1.3101579765625002,1,0.058823529411764705,1.0,1.0
2024,11608,Isaiah Williams,159,9,-0.7792633828125001,0,0.0,,
2024,11625,Adonai Mitchell,168,17,-0.8361796562500001,2,0.11764705882352941,1.0,2.0
2024,11633,Jamari Thrash,177,11,-0.8979020468750001,0,0.0,,
2024,11635,Ladd McConkey,15,16,1.3192222578125,14,0.875,0.35859844858137585,7.0
2024,11637,Keon Coleman,53,13,0.11144717968750001,7,0.5384615384615384,0.6897619480457371,3.0
2024,11748,Bub Means,209,16,-1.0641731796875002,1,0.0625,1.0,1.0
2024,11821,Tahj Washington,300,17,-1.4386313203125,0,0.0,,
2024,11969,Xavier Johnson,325,17,-1.455472453125,0,0.0,,
2024,12090,Corey Crooms,77,1,-0.09239048437500003,0,0.0,,
2024,12134,Sam Wiglusz,134,7,-0.6333405781250001,0,0.0,,
2024,12224,David White,338,17,-1.45911646875,0,0.0,,
2024,12370,Praise Olatoke,315,17,-1.4516339687500002,0,0.0,,
2024,3155,Laquon Treadwell,327,17,-1.455472453125,0,0.0,,
2024,3225,Tyler Boyd,117,16,-0.49812710937500015,2,0.125,1.0,2.0
2024,4039,Cooper Kupp,28,12,0.8843126874999998,7,0.5833333333333334,0.46724654010604794,5.0
2024,4082,Curtis Samuel,124,14,-0.5314433515624999,3,0.21428571428571427,0.9271461473483339,2.0
2024,4950,Christian Kirk,136,17,-0.6458622031250001,4,0.23529411764705882,0.7463713357204368,3.0
2024,4981,Calvin Ridley,33,17,0.7784686953124997,12,0.7058823529411765,0.40745100123176664,5.0
2024,6712,Marcus Simms,150,8,-0.7153684843750001,0,0.0,,
2024,6847,Devin Duvernay,241,17,-1.2437360312499999,0,0.0,,
2024,7601,Rondale Moore,341,17,-1.45911646875,0,0.0,,
2024,7757,Ben Skowronek,240,16,-1.237635890625,0,0.0,,
2024,8013,Tim Jones,279,17,-1.3784870546875,0,0.0,,
2024,8135,Treylon Burks,272,17,-1.3521390625,0,0.0,,
2024,8202,Michael Woods,235,16,-1.2009647343750003,0,0.0,,
2024,8416,Jalen Virgil,284,16,-1.383259421875,0,0.0,,
2024,8527,Dareke Young,231,14,-1.1819966640625001,0,0.0,,
2024,8917,KaVontae Turpin,100,17,-0.3052546874999999,4,0.23529411764705882,0.8779397707070299,2.0
2024,9488,Jaxon Smith-Njigba,14,17,1.32428928125,12,0.7058823529411765,0.3517243581654765,6.0
2024,10226,Andrei Iosivas,91,17,-0.22178846875000013,7,0.4117647058823529,0.5650194770421697,3.0
2024,10234,Derius Davis,167,15,-0.829420375,2,0.13333333333333333,1.0,2.0
2024,11068,Mitchell Tinsley,321,17,-1.455472453125,0,0.0,,
2024,11421,Ryan Miller,210,17,-1.0758983593750002,0,0.0,,
2024,11474,Dylan Drummond,274,16,-1.3654079375000001,0,0.0,,
2024,11619,Ja'Lynn Polk,193,16,-1.0079010624999998,1,0.0625,1.0,1.0
2024,11631,Brian Thomas,5,17,1.6982144296875004,14,0.8235294117647058,0.2686713772061138,8.0
2024,11646,Jalen Coker,87,14,-0.1690166875000002,4,0.2857142857142857,0.6830896439701336,3.0
2024,11802,Tejhaun Palmer,314,17,-1.4516339687500002,0,0.0,,
2024,2133,Davante Adams,11,14,1.3696470625,11,0.7857142857142857,0.41332960835532573,5.0
2024,2197,Brandin Cooks,147,17,-0.693051109375,3,0.17647058823529413,0.8993272103258171,2.0
2024,2449,Stefon Diggs,63,17,-0.02409757031250004,7,0.4117647058823529,0.4228629104067461,4.0
2024,3200,Sterling Shepard,116,16,-0.49029085156250024,3,0.1875,0.7880862016324194,2.0
2024,3634,Kalif Raymond,165,17,-0.8212400703125001,3,0.17647058823529413,0.6805792329746542,3.0
2024,4171,Josh Reynolds,206,17,-1.0347345078125,2,0.11764705882352941,1.0,1.0
2024,4274,David Moore,126,17,-0.5650260468750001,2,0.11764705882352941,1.0,1.0
2024,4319,Zach Pascal,316,17,-1.4516339687500002,0,0.0,,
2024,4454,Kendrick Bourne,164,17,-0.8031696562500004,2,0.11764705882352941,1.0,1.0
2024,5121,Braxton Berrios,302,17,-1.4386313203125,0,0.0,,
2024,5773,KhaDarel Hodge,230,17,-1.1749006250000003,1,0.058823529411764705,1.0,1.0
2024,5927,Terry McLaurin,8,17,1.5659964609375,14,0.8235294117647058,0.22714229472509595,9.0
2024,6290,Scotty Miller,189,13,-0.9811239765625002,0,0.0,,
2024,6402,Steven Sims,162,9,-0.7858254453125,0,0.0,,
2024,6814,Laviska Shenault,244,16,-1.2624762421875,0,0.0,,
2024,6853,Van Jefferson,156,17,-0.7655909453124998,3,0.17647058823529413,0.8510592069244078,2.0
2024,6957,James Proche,264,16,-1.327198125,0,0.0,,
2024,6960,Tyler Johnson,131,15,-0.6161531093750001,3,0.2,0.8515113352650076,2.0
2024,7233,Andre Baccellia,319,17,-1.4516339687500002,0,0.0,,
2024,7496,Nick Westbrook-Ikhine,62,17,-0.01635916406250032,7,0.4117647058823529,0.5866191414355234,3.0
2024,7533,Anthony Schwartz,303,17,-1.4386313203125,0,0.0,,
2024,7612,Dee Eskridge,158,10,-0.7788314765625002,0,0.0,,
2024,7746,Austin Trammell,288,17,-1.4119437031250002,0,0.0,,
2024,8076,Michael Bandy,331,17,-1.455472453125,0,0.0,,
2024,8112,Drake London,6,17,1.5935591484375,15,0.8823529411764706,0.3673392179992481,8.0
2024,8125,Calvin Austin,86,17,-0.16682692968750013,6,0.35294117647058826,0.595222046957656,3.0
2024,8148,Jameson Williams,23,17,0.9920408125000002,13,0.7647058823529411,0.3365689405309158,6.0
2024,8188,Tyquan Thornton,203,13,-1.0273825156250003,0,0.0,,
2024,9492,Trey Palmer,178,15,-0.9120890390625,1,0.06666666666666667,1.0,1.0
2024,9501,DeMario Douglas,54,17,0.09896525781249976,9,0.5294117647058824,0.46706236095343734,5.0
2024,9504,Kayshon Boutte,65,16,-0.037473664062500245,5,0.3125,0.6983944024685453,3.0
2024,10228,Charlie Jones,141,8,-0.6610564375000002,0,0.0,,
2024,11452,Jesse Matthews,335,17,-1.45911646875,0,0.0,,
2024,11628,Marvin Harrison,35,17,0.7164955390624999,10,0.5882352941176471,0.4362225371771021,6.0
2024,11640,Jermaine Burton,195,14,-1.0171606328125002,0,0.0,,
2024,11762,Anthony Gould,142,8,-0.6754407656250001,0,0.0,,
2024,2374,Tyler Lockett,69,17,-0.08364513281250041,7,0.4117647058823529,0.47573598468875533,4.0
2024,2750,DeAndre Carter,253,17,-1.2868185625,0,0.0,,
2024,3269,Chris Moore,188,11,-0.9677294609375,0,0.0,,
2024,4951,DJ Chark,221,14,-1.1161827734375,0,0.0,,
2024,5086,Marquez Valdes-Scantling,93,14,-0.24752203906249992,5,0.35714285714285715,0.8747330905843186,2.0
2024,5096,Ray-Ray McCloud,56,17,0.08700678906249992,10,0.5882352941176471,0.4230284020183458,5.0
2024,5101,Deon Cain,172,10,-0.8529985468750001,0,0.0,,
2024,5154,Trent Sherfield,236,17,-1.2114213359375001,0,0.0,,
2024,5938,Lil'Jordan Humphrey,163,17,-0.7872938281250004,3,0.17647058823529413,0.9235600919064554,1.0
2024,5947,Jakobi Meyers,20,15,1.1000795234374996,13,0.8666666666666667,0.3297957439275514,7.0
2024,5970,Greg Dortch,118,17,-0.5127782421874999,3,0.17647058823529413,0.9034580000970631,2.0
2024,6598,Trenton Irwin,191,12,-0.990185390625,0,0.0,,
2024,6699,Gunner Olszewski,318,17,-1.4516339687500002,0,0.0,,
2024,6798,Jalen Reagor,233,16,-1.186960578125,0,0.0,,
2024,7713,Jaelon Darden,251,15,-1.2722008515625003,0,0.0,,
2024,7729,Dez Fitzpatrick,278,16,-1.3783795859375,0,0.0,,
2024,7812,Simi Fehoko,242,17,-1.248930015625,1,0.058823529411764705,1.0,1.0
2024,8114,Erik Ezukanma,247,15,-1.2673508671875002,0,0.0,,
2024,8185,Johnny Johnson,332,17,-1.455472453125,0,0.0,,
2024,9493,Puka Nacua,27,16,0.9094578828124998,10,0.625,0.38767664308995387,6.0
2024,9499,Bryce Ford-Wheaton,225,14,-1.1545231562500002,0,0.0,,
2024,10213,Tre Tucker,64,17,-0.030820867187499934,6,0.35294117647058826,0.5783205065001124,3.0
2024,10869,Matt Landers,108,5,-0.4332554609375001,0,0.0,,
2024,11024,Grant DuBose,286,17,-1.4056025859375,0,0.0,,
2024,11070,Kazmeir Allen,322,17,-1.455472453125,0,0.0,,
2024,11073,Thayer Thomas,298,17,-1.4386313203125,0,0.0,,
2024,11257,Shedrick Jackson,127,7,-0.57887421875,0,0.0,,
2024,11618,Jalen McMillan,49,14,0.17617147656249998,6,0.42857142857142855,0.48622928566128665,4.0
2024,11620,Rome Odunze,50,17,0.1441357499999999,7,0.4117647058823529,0.5641811962705638,3.0
2024,11623,Jordan Whittington,135,15,-0.6391786406250002,3,0.2,0.7732396490646771,2.0
2024,11834,Devaughn Vele,58,13,0.034494531250000016,7,0.5384615384615384,0.4740883308918174,4.0
2024,11874,Jaylen Johnson,310,17,-1.443566359375,0,0.0,,
2024,11886,Tulu Griffin,75,1,-0.09239048437500003,0,0.0,,
2024,11895,Mason Tipton,151,11,-0.7224307109374999,1,0.09090909090909091,1.0,1.0
2024,11940,JaQuae Jackson,323,17,-1.455472453125,0,0.0,,
2024,11959,Bryce Oliver,254,17,-1.2874673750000003,0,0.0,,
2024,1352,Robert Woods,176,15,-0.8841026953125004,0,0.0,,
2024,2410,Jamison Crowder,202,15,-1.0254672656250001,1,0.06666666666666667,1.0,1.0
2024,3321,Tyreek Hill,22,17,0.9955574218749995,12,0.7058823529411765,0.4173852792162943,6.0
2024,5026,Tre'Quan Smith,122,6,-0.5219711875000002,0,0.0,,
2024,5045,Courtland Sutton,17,17,1.2231406171875001,13,0.7647058823529411,0.32680913406134654,8.0
2024,5113,Cedrick Wilson,154,15,-0.7437692031250001,1,0.06666666666666667,1.0,1.0
2024,5846,DK Metcalf,30,15,0.8420178437499998,12,0.8,0.461003613788732,5.0
2024,5937,Diontae Johnson,85,14,-0.15991070312499983,3,0.21428571428571427,0.6978598128086725,3.0
2024,6154,David Sills,281,16,-1.3803927265625,0,0.0,,
2024,6271,Olamide Zaccheaus,92,17,-0.2294257890625001,3,0.17647058823529413,0.7811789202862532,2.0
2024,6386,Alex Bachman,260,16,-1.3003766328125002,0,0.0,,
2024,6421,Jalen Guyton,175,10,-0.8654742656250001,0,0.0,,
2024,6427,Ashton Dulin,196,15,-1.0176122890625,1,0.06666666666666667,1.0,1.0
2024,6453,D.J. Montgomery,330,17,-1.455472453125,0,0.0,,
2024,6783,Jerry Jeudy,16,17,1.2282342109375,12,0.7058823529411765,0.430483972079129,6.0
2024,6824,Donovan Peoples-Jones,312,17,-1.443566359375,0,0.0,,
2024,6927,Quez Watkins,306,17,-1.439578703125,0,0.0,,
2024,7039,Cody White,187,12,-0.9660923203125003,0,0.0,,
2024,7066,K.J. Osborn,128,9,-0.5983341640625,1,0.1111111111111111,1.0,1.0
2024,7547,Amon-Ra St. Brown,3,17,1.98659428125,15,0.8823529411764706,0.3002781455975975,8.0
2024,7670,Joshua Palmer,71,15,-0.09051689062500018,7,0.4666666666666667,0.7047559255084002,3.0
2024,8117,Jalen Tolbert,51,17,0.13714157031250002,9,0.5294117647058824,0.5247508928948449,5.0
2024,8126,Wan'Dale Robinson,41,17,0.4991725859374998,12,0.7058823529411765,0.3253876267570446,7.0
2024,8142,Alec Pierce,42,16,0.48473114062500017,8,0.5,0.4496788060321883,4.0
2024,8144,Chris Olave,113,16,-0.4644646562499997,4,0.25,0.5841510848592758,3.0
2024,8223,Velus Jones,133,8,-0.6264376640625,0,0.0,,
2024,9497,Jalin Hyatt,257,17,-1.2952284843750002,1,0.058823529411764705,1.0,1.0
2024,9754,Quentin Johnston,39,15,0.5828753671875002,9,0.6,0.49824556068979137,4.0
2024,10221,Ronnie Bell,220,14,-1.1134211640625,0,0.0,,
2024,2381,Chris Conley,224,15,-1.1471236093750004,1,0.06666666666666667,1.0,1.0
2024,7049,Jauan Jennings,26,15,0.9550412812499998,10,0.6666666666666666,0.5232411847723196,4.0
2024,11616,Jacob Cowing,229,15,-1.1724529921875002,1,0.06666666666666667,1.0,1.0
2024,11311,Jason Brownlee,334,17,-1.45911646875,0,0.0,,
2024,11617,Malachi Corley,194,12,-1.0144316796875,0,0.0,,
2024,12235,Marcus Riley,109,5,-0.4332554609375001,0,0.0,,
2024,5185,Allen Lazard,55,16,0.09031378125000017,7,0.4375,0.645680008474239,4.0
2024,5781,Malik Turner,89,2,-0.20869491406250007,0,0.0,,
2024,6239,Malik Taylor,340,17,-1.45911646875,0,0.0,,
2024,6803,Brandon Aiyuk,149,17,-0.7093275468749998,3,0.17647058823529413,0.9564869475198167,1.0
2024,8861,Irv Charles,343,17,-1.45911646875,0,0.0,,
2024,4068,Mike Williams,179,18,-0.9154091874999999,2,0.1111111111111111,1.0,2.0
2024,5872,Deebo Samuel,40,15,0.5715496874999999,8,0.5333333333333333,0.45990462938039045,4.0
2024,7565,Terrace Marshall,258,16,-1.2952467500000002,0,0.0,,
2024,7865,Brandon Smith,342,17,-1.45911646875,0,0.0,,
2024,11638,Ricky Pearsall,107,17,-0.4187810468750002,4,0.23529411764705882,0.7491136653856997,3.0
2024,4218,Trent Taylor,291,17,-1.4209014765625,0,0.0,,
2024,8146,Garrett Wilson,12,17,1.3424384140624999,14,0.8235294117647058,0.34815221171073224,7.0
2024,11306,Xavier Gipson,261,17,-1.3051846875000002,0,0.0,,
2024,11105,Shaquan Davis,68,1,-0.08045092968750006,0,0.0,,
2024,11627,Troy Franklin,143,16,-0.6776645312499998,3,0.1875,0.8686738003867226,2.0
2024,11645,Javon Baker,198,12,-1.0202585078125002,0,0.0,,
2024,11911,Jeshaun Jones,268,16,-1.3462408359375,0,0.0,,
2024,7606,Kadarius Toney,201,12,-1.0254253984375001,0,0.0,,
2024,4234,Noah Brown,99,15,-0.289236828125,5,0.3333333333333333,0.6801802159832899,3.0
2024,5848,Marquise Brown,227,16,-1.1595681562500002,2,0.125,1.0,2.0
2024,11312,T.J. Luther,166,10,-0.8289256875000001,0,0.0,,
2024,8250,Tay Martin,238,16,-1.22105984375,1,0.0625,1.0,1.0
2024,9490,Tyler Scott,216,13,-1.09555959375,0,0.0,,
2024,11053,Antoine Green,270,16,-1.351175875,0,0.0,,
2024,11210,Malik Heath,161,13,-0.785489671875,1,0.07692307692307693,1.0,1.0
2024,7009,Trishton Jackson,214,13,-1.0858988437500001,0,0.0,,
2024,7559,Ihmir Smith-Marsette,262,16,-1.3083657031250002,0,0.0,,
2024,8755,Kaden Davis,146,8,-0.686646046875,0,0.0,,
2024,8783,Kendric Pryor,269,16,-1.3490952890625,0,0.0,,
2024,8176,Danny Gray,271,16,-1.351175875,0,0.0,,
2024,11806,Casey Washington,204,12,-1.028622234375,0,0.0,,
2024,11815,Cornelius Johnson,249,15,-1.2699826250000001,0,0.0,,
2024,12410,John Jackson,245,15,-1.264037125,0,0.0,,
2024,6895,Quintez Cephus,246,15,-1.26578990625,0,0.0,,
2024,9500,Josh Downs,29,14,0.8758804218749998,9,0.6428571428571429,0.34733337862985375,6.0
2024,11133,Jaray Jenkins,103,4,-0.34244195312500003,0,0.0,,
2024,11621,Brenden Rice,234,14,-1.1886970390625,0,0.0,,
2024,5965,Miles Boykin,250,15,-1.2699826250000001,0,0.0,,
2024,6801,Tee Higgins,13,12,1.3262423281250002,10,0.8333333333333334,0.4015745783311581,6.0
2024,4038,John Ross,155,9,-0.7598887812499999,0,0.0,,
2024,11918,Ahmarean Brown,94,3,-0.25858921093750004,0,0.0,,
2024,12383,John Jiles,222,13,-1.1216854296875,0,0.0,,
2024,8147,John Metchie,123,13,-0.530680859375,2,0.15384615384615385,1.0,1.0
2024,12018,Sam Pinckney,90,2,-0.20924264843750007,0,0.0,,
2024,11610,Malik Washington,129,14,-0.6084041171875001,3,0.21428571428571427,0.9415382331127222,2.0
2024,11099,Kearis Jackson,215,13,-1.095471375,0,0.0,,
2024,11783,Ryan Flournoy,148,11,-0.7084053984375001,0,0.0,,
2024,11925,Terique Owens,212,13,-1.083416109375,0,0.0,,
2024,11885,Ramel Keyton,186,12,-0.9564815078125,0,0.0,,
2024,8253,Deven Thompkins,170,11,-0.8516678281250002,0,0.0,,
2024,11897,Jermaine Jackson,205,12,-1.0330219843750001,0,0.0,,
2024,10863,A.T. Perry,199,12,-1.0222169921875,0,0.0,,
2024,11630,Roman Wilson,181,11,-0.9225425546875,0,0.0,,
2024,11921,Xavier Weaver,88,2,-0.1782286328124999,0,0.0,,
2024,12395,Tanner Knue,197,12,-1.0183785078125,0,0.0,,
2024,7534,Seth Williams,192,12,-1.003623078125,0,0.0,,
2024,11056,Jared Wayne,200,12,-1.0222169921875,0,0.0,,
2024,4992,Dante Pettis,132,11,-0.6234653671875002,0,0.0,,
2024,8745,Lance McCutcheon,98,3,-0.2779203046875,0,0.0,,
2024,11080,Malik Knowles,121,6,-0.5215078671875001,0,0.0,,
2024,11629,Devontez Walker,145,9,-0.683328171875,1,0.1111111111111111,1.0,1.0
2024,6989,Marquez Callaway,184,11,-0.9363506015625,0,0.0,,
2024,2334,Phillip Dorsett,173,10,-0.8600524140625,0,0.0,,
2024,7541,Cornell Powell,174,10,-0.8600524140625,0,0.0,,
2024,8801,Dennis Houston,171,10,-0.8525699140625,0,0.0,,
2024,7944,Michael Strachan,104,4,-0.3687019218750001,0,0.0,,
2024,8005,Tarik Black,180,11,-0.921595171875,0,0.0,,
2024,8831,Ethan Fernea,81,1,-0.11630442968750004,0,0.0,,
2024,5915,Andy Isabella,80,1,-0.11630442968750004,0,0.0,,
2024,8178,Braylon Sanders,153,9,-0.74010396875,0,0.0,,
2024,7751,Dax Milne,140,8,-0.6604084375,0,0.0,,
2024,12086,Cam Johnson,67,1,-0.07783518749999996,0,0.0,,
2024,5110,Russell Gage,152,9,-0.7242102187499999,0,0.0,,
2024,4198,Jamal Agnew,137,8,-0.6463750312500001,0,0.0,,
2024,8921,Maurice Alexander,125,7,-0.5526665,0,0.0,,
2024,7237,Scotty Washington,112,5,-0.4506202421875,0,0.0,,
2024,6069,Stanley Morgan,119,6,-0.5158070156250001,0,0.0,,
2024,7337,Easop Winston,120,6,-0.5158070156250001,0,0.0,,
2024,11867,Jaelen Gill,101,4,-0.34084603124999996,0,0.0,,
2024,4197,Isaiah McKenzie,97,3,-0.26498898437499996,0,0.0,,
2024,3433,Alex Erickson,96,3,-0.26498898437499996,0,0.0,,
2024,12173,Jaxon Janke,78,1,-0.0962007265624999,0,0.0,,
2025,11034,Jalen Brooks,271,17,-1.3608194375,0,0.0,,
2025,11783,Ryan Flournoy,56,16,-0.04950586718750016,6,0.375,0.8787814125149022,2.0
2025,5859,A.J. Brown,12,16,1.0617181406250003,11,0.6875,0.40151769541847393,5.0
2025,11139,Elijah Cooks,90,4,-0.35841443750000007,0,0.0,,
2025,6786,CeeDee Lamb,11,14,1.1127362656249997,12,0.8571428571428571,0.31187040779912034,7.0
2025,8414,Britain Covey,275,17,-1.3687577734375,0,0.0,,
2025,10225,Jonathan Mingo,236,14,-1.1460343671875002,0,0.0,,
2025,11645,Javon Baker,179,10,-0.8865290000000001,0,0.0,,
2025,8137,George Pickens,5,17,1.7971287109374998,14,0.8235294117647058,0.28551496118302,7.0
2025,12849,Traeshon Holden,335,17,-1.4431802578125001,0,0.0,,
2025,13150,Darius Cooper,246,17,-1.22071528125,0,0.0,,
2025,7525,DeVonta Smith,24,17,0.7720984921875,11,0.6470588235294118,0.43098190634011974,5.0
2025,8917,KaVontae Turpin,81,15,-0.2985057890625,4,0.26666666666666666,0.8718852293517734,2.0
2025,7565,Terrace Marshall,226,13,-1.1092605859375,0,0.0,,
2025,8117,Jalen Tolbert,127,13,-0.6336525156249999,2,0.15384615384615385,1.0,1.0
2025,8119,Jahan Dotson,171,17,-0.8444413437499999,2,0.11764705882352941,1.0,2.0
2025,8147,John Metchie,134,17,-0.6756338359375,3,0.17647058823529413,0.9942412681775695,2.0
2025,11506,Jalen Moreno-Cropper,333,17,-1.4431802578125001,0,0.0,,
2025,11636,Johnny Wilson,285,17,-1.41961196875,0,0.0,,
2025,11311,Jason Brownlee,268,16,-1.3480146171875,0,0.0,,
2025,11624,Xavier Worthy,52,14,0.05163275781249971,8,0.5714285714285714,0.5145967335941434,5.0
2025,11940,JaQuae Jackson,325,17,-1.438615484375,0,0.0,,
2025,12509,Tre' Harris,142,17,-0.7057476796875002,2,0.11764705882352941,1.0,2.0
2025,11320,Nikko Remigio,261,16,-1.3133719609374999,0,0.0,,
2025,9754,Quentin Johnston,29,15,0.6058671953124999,10,0.6666666666666666,0.4086070733117966,5.0
2025,10234,Derius Davis,188,11,-0.9248095390625,0,0.0,,
2025,5848,Marquise Brown,47,16,0.17072268750000025,8,0.5,0.7061825231425043,3.0
2025,8188,Tyquan Thornton,106,16,-0.45875523437500015,4,0.25,0.7742595227978041,2.0
2025,10229,Rashee Rice,43,16,0.2528980468750001,8,0.5,0.49108208974257067,4.0
2025,13173,Jimmy Holiday,259,15,-1.2962973359375,0,0.0,,
2025,1479,Keenan Allen,31,17,0.5940525937500001,10,0.5882352941176471,0.5304773586712537,4.0
2025,4040,JuJu Smith-Schuster,129,17,-0.6364387500000002,4,0.23529411764705882,0.6882670583998298,3.0
2025,11635,Ladd McConkey,34,17,0.49319158593750007,11,0.6470588235294118,0.393975882485107,6.0
2025,12670,KeAndre Lambert-Smith,149,10,-0.7252496562500002,0,0.0,,
2025,12803,Luke Grimm,176,10,-0.8698389140625,0,0.0,,
2025,6798,Jalen Reagor,70,2,-0.16813065625,0,0.0,,
2025,11257,Shedrick Jackson,257,17,-1.272034484375,1,0.058823529411764705,1.0,1.0
2025,11608,Isaiah Williams,153,16,-0.7375854765625,3,0.1875,0.7612423749734225,2.0
2025,11631,Brian Thomas,42,14,0.2968776249999999,10,0.7142857142857143,0.6041133832430062,4.0
2025,11633,Jamari Thrash,119,9,-0.5442649140625001,0,0.0,,
2025,11964,Dayton Wade,322,17,-1.4384837421875,0,0.0,,
2025,12475,Ricky White,315,17,-1.433019625,0,0.0,,
2025,12499,Elic Ayomanor,65,16,-0.11852501562500006,6,0.375,0.599820605602491,3.0
2025,12539,Arian Smith,240,16,-1.1663191484375002,0,0.0,,
2025,12865,AJ Henning,327,17,-1.438615484375,0,0.0,,
2025,13003,Tru Edwards,318,17,-1.433019625,0,0.0,,
2025,2197,Brandin Cooks,135,15,-0.6799894218750002,1,0.06666666666666667,1.0,1.0
2025,2334,Phillip Dorsett,269,16,-1.3536348359375,0,0.0,,
2025,4234,Noah Brown,195,13,-0.9458758671874999,0,0.0,,
2025,4274,David Moore,281,17,-1.3992422421875,0,0.0,,
2025,4981,Calvin Ridley,130,14,-0.6431889531249999,1,0.07142857142857142,1.0,1.0
2025,5013,Anthony Miller,83,3,-0.2997371953125,0,0.0,,
2025,5110,Russell Gage,189,11,-0.926416828125,0,0.0,,
2025,5927,Terry McLaurin,35,10,0.46615223437500003,9,0.9,0.5783582750351687,4.0
2025,5938,Lil'Jordan Humphrey,222,17,-1.0923343046875003,2,0.11764705882352941,1.0,2.0
2025,6427,Ashton Dulin,231,16,-1.1277500546875001,0,0.0,,
2025,6453,D.J. Montgomery,312,17,-1.4318475,0,0.0,,
2025,7049,Jauan Jennings,32,15,0.5556383046875,10,0.6666666666666666,0.34437080952101556,6.0
2025,7436,Mason Kinsey,258,16,-1.2757182578124997,0,0.0,,
2025,7547,Amon-Ra St. Brown,3,17,2.0556152109375,15,0.8823529411764706,0.30290252244285165,8.0
2025,7562,Tutu Atwell,203,16,-1.008504546875,2,0.125,1.0,1.0
2025,7564,Ja'Marr Chase,4,17,2.026688171875,13,0.7647058823529411,0.28372106197405983,8.0
2025,8168,Skyy Moore,256,17,-1.269928984375,0,0.0,,
2025,8223,Velus Jones,237,14,-1.1579041328125,0,0.0,,
2025,8801,Dennis Houston,289,17,-1.41961196875,0,0.0,,
2025,9499,Bryce Ford-Wheaton,307,17,-1.43178390625,0,0.0,,
2025,10213,Tre Tucker,40,17,0.3489959296874999,8,0.47058823529411764,0.6924579225064144,3.0
2025,10226,Andrei Iosivas,108,17,-0.47560572656249994,5,0.29411764705882354,0.6883797237930432,3.0
2025,10228,Charlie Jones,232,14,-1.1289332890625001,0,0.0,,
2025,10232,Michael Wilson,16,17,0.9277524687500001,10,0.5882352941176471,0.5075439373276358,4.0
2025,11073,Thayer Thomas,120,6,-0.54919515625,0,0.0,,
2025,11306,Xavier Gipson,163,10,-0.810661515625,0,0.0,,
2025,11616,Jacob Cowing,298,17,-1.43178390625,0,0.0,,
2025,11623,Jordan Whittington,213,17,-1.0463604609375001,0,0.0,,
2025,11625,Adonai Mitchell,95,16,-0.3770726796875001,3,0.1875,0.9352100340204932,2.0
2025,11628,Marvin Harrison,41,13,0.3164482421874998,7,0.5384615384615384,0.47312973244686374,4.0
2025,11637,Keon Coleman,51,13,0.06473422656249972,5,0.38461538461538464,0.8860950765507956,2.0
2025,11638,Ricky Pearsall,45,10,0.19654277343750004,6,0.6,0.6502123632955635,3.0
2025,11748,Bub Means,309,17,-1.4318475,0,0.0,,
2025,11806,Casey Washington,92,7,-0.365152515625,0,0.0,,
2025,12383,John Jiles,299,17,-1.43178390625,0,0.0,,
2025,12478,Nick Nash,291,17,-1.4234537890625,0,0.0,,
2025,12497,Tory Horton,126,15,-0.62578096875,4,0.26666666666666666,0.7865429329851216,2.0
2025,12532,Ja'Corey Brooks,326,17,-1.438615484375,0,0.0,,
2025,12547,Kyle Williams,185,17,-0.9086356171875,3,0.17647058823529413,0.86617030219941,2.0
2025,12690,Tommy Mellott,109,5,-0.48012200000000005,0,0.0,,
2025,12743,Junior Bergen,300,17,-1.43178390625,0,0.0,,
2025,12848,Josh Kelly,329,17,-1.439599796875,0,0.0,,
2025,12889,Beaux Collins,279,17,-1.3853011718750001,0,0.0,,
2025,12907,Quentin Skinner,262,16,-1.3151265625000002,0,0.0,,
2025,3200,Sterling Shepard,78,14,-0.269959,3,0.21428571428571427,0.7395672044135407,3.0
2025,3269,Chris Moore,196,16,-0.9503539453125001,2,0.125,1.0,1.0
2025,4080,Zay Jones,207,16,-1.0202047890625001,2,0.125,1.0,1.0
2025,4198,Jamal Agnew,184,11,-0.9059500390624999,0,0.0,,
2025,5154,Trent Sherfield,277,17,-1.375924328125,0,0.0,,
2025,5773,KhaDarel Hodge,239,15,-1.1642378125,0,0.0,,
2025,5955,Hunter Renfrow,69,6,-0.146816109375,1,0.16666666666666666,1.0,1.0
2025,6149,Darius Slayton,67,14,-0.1404383046875004,5,0.35714285714285715,0.6811301926585527,3.0
2025,6588,Tom Kennedy,255,16,-1.26062396875,0,0.0,,
2025,6801,Tee Higgins,15,15,0.9835030390625001,12,0.8,0.44295777806428405,6.0
2025,6853,Van Jefferson,146,17,-0.7240293984375,3,0.17647058823529413,0.8938050164321502,2.0
2025,7595,Tylan Wallace,206,14,-1.019201125,1,0.07142857142857142,1.0,1.0
2025,7670,Joshua Palmer,102,12,-0.4395026484375,2,0.16666666666666666,1.0,2.0
2025,7757,Ben Skowronek,250,17,-1.2299792578125,1,0.058823529411764705,1.0,1.0
2025,7812,Simi Fehoko,320,17,-1.433019625,0,0.0,,
2025,7865,Brandon Smith,242,14,-1.1758581015625,0,0.0,,
2025,8114,Erik Ezukanma,110,5,-0.48012200000000005,0,0.0,,
2025,9486,Dontayvion Wicks,79,14,-0.28861746875000005,3,0.21428571428571427,0.9980040648165645,1.0
2025,9488,Jaxon Smith-Njigba,2,17,2.6303236171874995,16,0.9411764705882353,0.22089367267371998,10.0
2025,9493,Puka Nacua,1,16,2.8589723828124995,15,0.9375,0.2423323334980383,9.0
2025,10444,Cedric Tillman,154,17,-0.7398166796875001,2,0.11764705882352941,1.0,1.0
2025,11056,Jared Wayne,280,17,-1.3981035546875,0,0.0,,
2025,11068,Mitchell Tinsley,229,17,-1.1236794765625,1,0.058823529411764705,1.0,1.0
2025,11377,Tyrell Shavers,197,17,-0.9542721718750001,1,0.058823529411764705,1.0,1.0
2025,11421,Ryan Miller,217,14,-1.0520097265625001,0,0.0,,
2025,11474,Dylan Drummond,260,17,-1.3068406171875,0,0.0,,
2025,11615,Ainias Smith,297,17,-1.43178390625,0,0.0,,
2025,11921,Xavier Weaver,150,10,-0.7269335937499999,0,0.0,,
2025,12482,Savion Williams,167,13,-0.8199091875,0,0.0,,
2025,12503,Isaiah Bond,156,16,-0.7454886406249998,2,0.125,1.0,2.0
2025,12541,Dont'e Thornton,201,15,-0.9918838359375,0,0.0,,
2025,12732,Dominic Lovett,223,13,-1.09568578125,0,0.0,,
2025,12772,Courtney Jackson,316,17,-1.433019625,0,0.0,,
2025,12971,Ke'Shawn Williams,265,16,-1.3365367031250002,0,0.0,,
2025,13034,Tyrone Broden,273,16,-1.3628304140625,0,0.0,,
2025,13124,Jeremiah Webb,301,17,-1.43178390625,0,0.0,,
2025,1426,DeAndre Hopkins,141,17,-0.6995848750000002,2,0.11764705882352941,1.0,2.0
2025,2374,Tyler Lockett,137,17,-0.6907970937500001,3,0.17647058823529413,0.9779442416601433,2.0
2025,2449,Stefon Diggs,19,17,0.8670622890625,10,0.5882352941176471,0.37004457392586965,6.0
2025,3634,Kalif Raymond,122,15,-0.5610171171874998,3,0.2,0.9650446421732938,2.0
2025,6386,Alex Bachman,238,14,-1.1625177578125,0,0.0,,
2025,6819,Michael Pittman,23,17,0.7726698593749997,9,0.5294117647058824,0.3190832171020451,6.0
2025,7039,Cody White,212,15,-1.044368546875,1,0.06666666666666667,1.0,1.0
2025,7521,Chris Blair,295,17,-1.4234537890625,0,0.0,,
2025,7569,Nico Collins,8,15,1.2725120859375,13,0.8666666666666667,0.2946070073074027,6.0
2025,8112,Drake London,10,12,1.1907105078124998,9,0.75,0.4331314479454518,5.0
2025,8144,Chris Olave,6,16,1.5121198125,14,0.875,0.3125961733935186,8.0
2025,8167,Christian Watson,53,17,0.045285812500000244,6,0.35294117647058826,0.5006533066249582,4.0
2025,9502,Tank Dell,332,17,-1.439599796875,0,0.0,,
2025,10221,Ronnie Bell,252,16,-1.239420734375,1,0.0625,1.0,1.0
2025,10863,A.T. Perry,324,17,-1.438615484375,0,0.0,,
2025,11168,Xavier Smith,165,16,-0.81503359375,2,0.125,1.0,2.0
2025,11210,Malik Heath,159,11,-0.7761507968750001,0,0.0,,
2025,11610,Malik Washington,73,17,-0.20260939843750014,6,0.35294117647058826,0.7536201771821849,2.0
2025,11617,Malachi Corley,218,17,-1.0577333046875,0,0.0,,
2025,11627,Troy Franklin,37,17,0.4149706328124999,11,0.6470588235294118,0.5191175288731733,4.0
2025,11629,Devontez Walker,133,12,-0.6685617656250002,2,0.16666666666666666,1.0,2.0
2025,11646,Jalen Coker,105,17,-0.4583772265625001,4,0.23529411764705882,0.7018207398073419,3.0
2025,11650,Luke McCaffrey,180,17,-0.8891184062500002,3,0.17647058823529413,0.9721530047958348,1.0
2025,11802,Tejhaun Palmer,313,17,-1.433019625,0,0.0,,
2025,11834,Devaughn Vele,123,16,-0.5737264453125002,3,0.1875,0.9722186775754911,1.0
2025,11895,Mason Tipton,230,16,-1.1241409765625001,0,0.0,,
2025,12267,Qadir Ismail,162,9,-0.7848298281250001,0,0.0,,
2025,12514,Emeka Egbuka,25,17,0.7444122421874997,9,0.5294117647058824,0.4817815259913707,4.0
2025,12526,Tetairoa McMillan,17,17,0.9248638828124998,14,0.8235294117647058,0.3646960552905224,7.0
2025,12540,Chimere Dike,71,17,-0.17411289062499996,6,0.35294117647058826,0.5351294197608442,4.0
2025,2133,Davante Adams,9,14,1.2288393437499998,13,0.9285714285714286,0.2679142998884601,6.0
2025,2216,Mike Evans,75,14,-0.21889315625,6,0.42857142857142855,0.5556289803219379,4.0
2025,4039,Cooper Kupp,63,16,-0.10425972656250021,6,0.375,0.52251050661978,4.0
2025,5045,Courtland Sutton,14,17,1.0116842343749997,13,0.7647058823529411,0.3188249691774245,7.0
2025,5374,Justin Watson,274,17,-1.3670334453125,0,0.0,,
2025,5917,Mecole Hardman,183,10,-0.8967232890624999,0,0.0,,
2025,5970,Greg Dortch,136,17,-0.6861129140625,3,0.17647058823529413,0.9114123334535528,2.0
2025,6290,Scotty Miller,194,13,-0.939436,0,0.0,,
2025,7009,Trishton Jackson,84,3,-0.2997371953125,0,0.0,,
2025,7496,Nick Westbrook-Ikhine,215,15,-1.0501726015625001,0,0.0,,
2025,7587,Dyami Brown,132,15,-0.6543584140625001,2,0.13333333333333333,1.0,2.0
2025,8118,David Bell,121,6,-0.54919515625,0,0.0,,
2025,8126,Wan'Dale Robinson,18,17,0.8815511250000003,12,0.7058823529411765,0.43627447053603585,5.0
2025,8142,Alec Pierce,22,15,0.81471646875,11,0.7333333333333333,0.4155056512582481,5.0
2025,8146,Garrett Wilson,66,15,-0.1308149218750001,4,0.26666666666666666,0.6057158498623504,3.0
2025,9487,Parker Washington,30,16,0.6038448359375002,10,0.625,0.3797217147162521,5.0
2025,9504,Kayshon Boutte,49,14,0.1407084609375,6,0.42857142857142855,0.6258799829930976,3.0
2025,10218,Xavier Hutchinson,96,17,-0.3800684453124998,3,0.17647058823529413,0.7412167283526515,3.0
2025,10222,Jayden Reed,182,17,-0.8961704218750001,3,0.17647058823529413,0.8383083685296446,2.0
2025,11157,Brycen Tremayne,211,16,-1.040387109375,0,0.0,,
2025,11626,Xavier Legette,89,15,-0.35028208593749977,3,0.2,0.8919528487760416,2.0
2025,11762,Anthony Gould,220,13,-1.087471625,0,0.0,,
2025,11959,Bryce Oliver,170,10,-0.8422972578125,0,0.0,,
2025,11994,Kameron Johnson,254,17,-1.2416544375,1,0.058823529411764705,1.0,1.0
2025,12484,Jayden Higgins,55,17,-0.04614746874999992,7,0.4117647058823529,0.4522874313956911,4.0
2025,12485,Tez Johnson,97,16,-0.389407984375,6,0.375,0.5548510387361688,4.0
2025,12492,Pat Bryant,104,15,-0.45006033593750017,4,0.26666666666666666,0.9003861981531442,2.0
2025,12536,Jaylin Noel,145,17,-0.7167367578124999,5,0.29411764705882354,0.6694528548561459,3.0
2025,12641,Jaylin Lane,193,17,-0.9343601875,1,0.058823529411764705,1.0,1.0
2025,12699,LaJohntay Wester,336,17,-1.455773046875,0,0.0,,
2025,12718,Konata Mumpfield,244,17,-1.1851814609375,0,0.0,,
2025,12829,Coleman Owen,310,17,-1.4318475,0,0.0,,
2025,12860,Theo Wease,235,17,-1.1400652890625,2,0.11764705882352941,1.0,1.0
2025,12925,Jamaal Pritchett,286,17,-1.41961196875,0,0.0,,
2025,13179,Ja'seem Reed,302,17,-1.43178390625,0,0.0,,
2025,2750,DeAndre Carter,287,17,-1.41961196875,0,0.0,,
2025,3155,Laquon Treadwell,311,17,-1.4318475,0,0.0,,
2025,3286,Demarcus Robinson,169,17,-0.8317478515625001,1,0.058823529411764705,1.0,1.0
2025,3423,Robbie Chosen,178,12,-0.8748859375,0,0.0,,
2025,4218,Trent Taylor,303,17,-1.43178390625,0,0.0,,
2025,5086,Marquez Valdes-Scantling,190,15,-0.9287781484375,1,0.06666666666666667,1.0,1.0
2025,5096,Ray-Ray McCloud,139,10,-0.6942689375000002,1,0.1,1.0,1.0
2025,5781,Malik Turner,304,17,-1.43178390625,0,0.0,,
2025,5846,DK Metcalf,28,17,0.6282714062499999,10,0.5882352941176471,0.4456354389452171,5.0
2025,5947,Jakobi Meyers,27,16,0.6429849843750001,12,0.75,0.47727257579557836,5.0
2025,6154,David Sills,191,17,-0.9299691718750001,3,0.17647058823529413,0.9022898485100854,2.0
2025,6783,Jerry Jeudy,58,17,-0.07043010156250029,5,0.29411764705882354,0.6602734270277918,3.0
2025,6957,James Proche,251,16,-1.2311150859375,1,0.0625,1.0,1.0
2025,7233,Andre Baccellia,284,17,-1.4073797343749999,0,0.0,,
2025,7596,Elijah Moore,174,14,-0.8542764531250002,1,0.07142857142857142,1.0,1.0
2025,7612,Dee Eskridge,245,15,-1.1984168046875001,0,0.0,,
2025,7746,Austin Trammell,270,17,-1.3578632734375,0,0.0,,
2025,8076,Michael Bandy,263,17,-1.317812609375,0,0.0,,
2025,8135,Treylon Burks,202,15,-0.996909984375,1,0.06666666666666667,1.0,1.0
2025,8676,Rashid Shaheed,44,18,0.21558707031249974,9,0.5,0.53183760050893,4.0
2025,8755,Kaden Davis,288,17,-1.41961196875,0,0.0,,
2025,8861,Irv Charles,290,17,-1.41961196875,0,0.0,,
2025,9489,Justin Shorter,321,17,-1.433019625,0,0.0,,
2025,9490,Tyler Scott,243,14,-1.1835616640625,0,0.0,,
2025,9494,Marvin Mims,98,16,-0.3986712734374998,4,0.25,0.9927319426715171,2.0
2025,9497,Jalin Hyatt,186,12,-0.9146073437499999,0,0.0,,
2025,9500,Josh Downs,50,16,0.11408302343749999,8,0.5,0.4481744569092525,5.0
2025,9501,DeMario Douglas,93,17,-0.3688392500000004,2,0.11764705882352941,1.0,2.0
2025,11618,Jalen McMillan,225,17,-1.098600171875,1,0.058823529411764705,1.0,1.0
2025,11619,Ja'Lynn Polk,308,17,-1.4318475,0,0.0,,
2025,11630,Roman Wilson,160,14,-0.7812575000000004,2,0.14285714285714285,1.0,1.0
2025,11632,Malik Nabers,157,17,-0.74572621875,2,0.11764705882352941,1.0,1.0
2025,12114,Joshua Cephus,314,17,-1.433019625,0,0.0,,
2025,12483,Jack Bech,181,16,-0.8895356171875,1,0.0625,1.0,1.0
2025,12501,Matthew Golden,100,14,-0.4149572343750001,5,0.35714285714285715,0.779242464982133,2.0
2025,12520,Xavier Restrepo,272,17,-1.3609930703125,0,0.0,,
2025,12535,Isaac TeSlaa,128,17,-0.6340697343749999,4,0.23529411764705882,0.6627282764644348,3.0
2025,12756,Stephen Gosnell,323,17,-1.4384837421875,0,0.0,,
2025,12761,Jordan Moore,334,17,-1.4431802578125001,0,0.0,,
2025,12788,Will Sheppard,293,17,-1.4234537890625,0,0.0,,
2025,12880,Silas Bolden,74,2,-0.20355801562499998,0,0.0,,
2025,12908,Chandler Brayboy,317,17,-1.433019625,0,0.0,,
2025,13011,Brennan Presley,319,17,-1.433019625,0,0.0,,
2025,13074,Isaiah Neyor,294,17,-1.4234537890625,0,0.0,,
2025,13120,Jacoby Jones,283,17,-1.4030796484375,0,0.0,,
2025,3321,Tyreek Hill,158,17,-0.76430665625,4,0.23529411764705882,0.7521857404688918,2.0
2025,4171,Josh Reynolds,200,15,-0.9824954375000001,0,0.0,,
2025,4177,Mack Hollins,76,17,-0.23589842187500004,4,0.23529411764705882,0.7061486397929208,3.0
2025,4351,Tim Patrick,166,16,-0.8183092656250002,3,0.1875,0.8992841351224233,2.0
2025,5113,Cedrick Wilson,205,13,-1.0153421718750002,0,0.0,,
2025,5134,Keith Kirkwood,267,16,-1.3473995078125003,0,0.0,,
2025,5872,Deebo Samuel,26,16,0.7159196249999996,9,0.5625,0.42430175309173507,5.0
2025,6699,Gunner Olszewski,198,16,-0.960289296875,2,0.125,1.0,1.0
2025,6803,Brandon Aiyuk,305,17,-1.43178390625,0,0.0,,
2025,6943,Gabe Davis,192,15,-0.9311203984375,1,0.06666666666666667,1.0,1.0
2025,6960,Tyler Johnson,125,12,-0.6144783515625001,2,0.16666666666666666,1.0,1.0
2025,7438,Kristian Wilkerson,208,12,-1.0277208046875002,0,0.0,,
2025,7526,Jaylen Waddle,20,16,0.8312565624999999,10,0.625,0.36307472509142835,6.0
2025,7559,Ihmir Smith-Marsette,306,17,-1.43178390625,0,0.0,,
2025,7571,Rashod Bateman,118,13,-0.5266917734375003,1,0.07692307692307693,1.0,1.0
2025,8121,Romeo Doubs,38,17,0.36667211718749976,11,0.6470588235294118,0.4804760408626181,5.0
2025,8125,Calvin Austin,77,14,-0.26146416406250006,5,0.35714285714285715,0.7726167085838597,2.0
2025,8134,Khalil Shakir,39,17,0.3655553281249999,11,0.6470588235294118,0.38939106177759064,6.0
2025,8148,Jameson Williams,13,17,1.0593630234375002,10,0.5882352941176471,0.3462030130958697,6.0
2025,8200,Kevin Austin,224,17,-1.097018640625,1,0.058823529411764705,1.0,1.0
2025,8204,Bo Melton,209,16,-1.03674859375,1,0.0625,1.0,1.0
2025,8745,Lance McCutcheon,172,10,-0.8460279375000002,0,0.0,,
2025,9997,Zay Flowers,7,17,1.3314707968750001,15,0.8823529411764706,0.3943352888851376,8.0
2025,12746,JP Richardson,292,17,-1.4234537890625,0,0.0,,
2025,13075,Myles Price,282,16,-1.4011989843750001,0,0.0,,
2025,1689,Adam Thielen,187,16,-0.9232148125000001,1,0.0625,1.0,1.0
2025,12496,Tai Felton,278,17,-1.378148484375,0,0.0,,
2025,6271,Olamide Zaccheaus,101,16,-0.4371287968749997,5,0.3125,0.8413796574782124,2.0
2025,8180,Jalen Nailor,94,17,-0.3750447656250001,4,0.23529411764705882,0.9869913978358296,2.0
2025,8921,Maurice Alexander,296,17,-1.4234537890625,0,0.0,,
2025,13079,Jahdae Walker,117,9,-0.5245296640625002,2,0.2222222222222222,1.0,1.0
2025,6847,Devin Duvernay,276,17,-1.37477034375,0,0.0,,
2025,11911,Jeshaun Jones,328,17,-1.439599796875,0,0.0,,
2025,5965,Miles Boykin,140,8,-0.698879515625,0,0.0,,
2025,11620,Rome Odunze,33,13,0.5503790312500001,7,0.5384615384615384,0.4866048218479394,4.0
2025,12519,Luther Burden,46,15,0.18896943749999984,8,0.5333333333333333,0.6667635518719722,3.0
2025,6794,Justin Jefferson,21,17,0.820995765625,13,0.7647058823529411,0.32790395434900754,7.0
2025,8013,Tim Jones,247,15,-1.2245558984375,0,0.0,,
2025,11520,Lucky Jackson,82,3,-0.2997371953125,0,0.0,,
2025,12946,Dontae Fleming,330,17,-1.439599796875,0,0.0,,
2025,4983,DJ Moore,36,17,0.4300051953124998,10,0.5882352941176471,0.42305365180440735,4.0
2025,7601,Rondale Moore,331,17,-1.439599796875,0,0.0,,
2025,9756,Jordan Addison,54,17,0.014340523437499864,10,0.5882352941176471,0.47119685051647153,4.0
2025,12892,Da'Quan Felton,264,16,-1.33272640625,0,0.0,,
2025,4454,Kendrick Bourne,80,16,-0.2921118984375002,3,0.1875,0.9920619887962315,2.0
2025,8527,Dareke Young,241,15,-1.1684420078125,0,0.0,,
2025,7090,Darnell Mooney,91,15,-0.3595925625,3,0.2,0.949807927018513,1.0
2025,10867,Jake Bobo,199,12,-0.9732701484374999,0,0.0,,
2025,11815,Cornelius Johnson,266,16,-1.3394262421875,0,0.0,,
2025,12757,Hal Presley,173,10,-0.8526430781250001,0,0.0,,
2025,13212,Cade McDonald,116,6,-0.5203268671874999,0,0.0,,
2025,5185,Allen Lazard,138,11,-0.69276425,1,0.09090909090909091,1.0,1.0
2025,9495,Rakim Jarrett,64,1,-0.10450051562499996,0,0.0,,
2025,13202,Dalevon Campbell,204,12,-1.0111183593750002,0,0.0,,
2025,4950,Christian Kirk,111,13,-0.48132810156250017,2,0.15384615384615385,1.0,2.0
2025,12505,Jalen Royals,151,9,-0.72906040625,0,0.0,,
2025,12888,Dalen Cambre,249,15,-1.228225890625,0,0.0,,
2025,8783,Kendric Pryor,253,15,-1.2396222421875,0,0.0,,
2025,13101,Gage Larvadain,219,15,-1.08254790625,0,0.0,,
2025,8250,Tay Martin,85,4,-0.3003890859375,0,0.0,,
2025,6920,Isaiah Hodgins,175,14,-0.8681553828125,2,0.14285714285714285,1.0,2.0
2025,10860,Malik Cunningham,248,15,-1.226569453125,0,0.0,,
2025,4082,Curtis Samuel,161,12,-0.7824720000000003,1,0.08333333333333333,1.0,1.0
2025,6895,Quintez Cephus,234,14,-1.1398626015625002,0,0.0,,
2025,6927,Quez Watkins,228,14,-1.1198747734375,0,0.0,,
2025,7357,Dan Chisena,233,14,-1.1320467109375,0,0.0,,
2025,12935,Jakobie Keeney-James,221,14,-1.0883831328125,0,0.0,,
2025,13189,Luke Floriea,227,14,-1.1198747734375,0,0.0,,
2025,8253,Deven Thompkins,216,14,-1.0503962421875,0,0.0,,
2025,4037,Chris Godwin,48,9,0.14278341406250006,4,0.4444444444444444,0.7285501539255791,3.0
2025,11821,Tahj Washington,113,7,-0.5033875703125001,0,0.0,,
2025,4992,Dante Pettis,168,13,-0.8234422343750001,1,0.07692307692307693,1.0,1.0
2025,5880,Parris Campbell,214,13,-1.048277421875,0,0.0,,
2025,9492,Trey Palmer,210,13,-1.0369446640625,0,0.0,,
2025,12523,Jimmy Horn,152,13,-0.7306327968750002,1,0.07692307692307693,1.0,1.0
2025,12542,Efton Chism,107,8,-0.4735398203125,1,0.125,1.0,1.0
2025,8235,Samori Toure,144,9,-0.7141266640625,0,0.0,,
2025,6598,Trenton Irwin,177,11,-0.8704168125,0,0.0,,
2025,12460,Antwane Wells,68,2,-0.14584253906249994,0,0.0,,
2025,12799,Bryson Green,112,6,-0.4844121015625,0,0.0,,
2025,5121,Braxton Berrios,72,4,-0.19622375781249995,1,0.25,1.0,1.0
2025,13208,Kyrese Rowan,155,9,-0.7423420703125001,0,0.0,,
2025,8756,Brandon Johnson,143,9,-0.7113396875000001,0,0.0,,
2025,12634,Jordan Watkins,103,6,-0.4419602265625,0,0.0,,
2025,7989,DJ Turner,164,10,-0.8136352578125001,0,0.0,,
2025,7237,Scotty Washington,147,9,-0.7245742734375,0,0.0,,
2025,11621,Brenden Rice,131,8,-0.6477488203125001,0,0.0,,
2025,8202,Michael Woods,86,4,-0.3103513828125,0,0.0,,
2025,8176,Danny Gray,148,9,-0.7245742734375,0,0.0,,
2025,4854,River Cracraft,114,6,-0.5110472031250002,0,0.0,,
2025,8416,Jalen Virgil,59,1,-0.076825453125,0,0.0,,
2025,11808,Jha'Quan Jackson,57,1,-0.07005746874999996,0,0.0,,
2025,12909,Eli Pancol,124,7,-0.582256125,0,0.0,,
2025,7066,K.J. Osborn,115,6,-0.51219865625,0,0.0,,
2025,7541,Cornell Powell,62,1,-0.09797576562500004,0,0.0,,
2025,12863,Andrew Armstrong,60,1,-0.07688904687500003,0,0.0,,
2025,12777,Joaquin Davis,99,5,-0.41422289062500006,0,0.0,,
2025,11969,Xavier Johnson,87,4,-0.33733384375000003,0,0.0,,
2025,6402,Steven Sims,88,4,-0.33733384375000003,0,0.0,,
2025,13199,Montorie Foster,61,1,-0.09108423437499996,0,0.0,,
