season,week,player_id,player_name,position,roster_state,fantasy_points,weekly_worp,volume,volume_metric,carries,targets,receptions,pass_attempts,scrimmage_yards,pass_yards,total_tds
2023,9,9758,C.J. Stroud,QB,STARTED,71.3,0.598921,42.0,pass attempts + carries,0.0,0.0,0.0,42.0,10.0,470.0,5.0
2024,14,4984,Josh Allen,QB,STARTED,76.38000000000001,0.5896211093749999,47.0,pass attempts + carries,10.0,0.0,0.0,37.0,82.0,342.0,6.0
2025,1,4984,Josh Allen,QB,STARTED,65.56,0.5841445703124999,60.0,pass attempts + carries,14.0,0.0,0.0,46.0,30.0,394.0,4.0
2024,10,6770,Joe Burrow,QB,STARTED,61.61999999999999,0.58333390625,58.0,pass attempts + carries,2.0,0.0,0.0,56.0,6.0,428.0,4.0
2023,7,4046,Patrick Mahomes,QB,STARTED,67.16000000000001,0.5821546640624999,46.0,pass attempts + carries,4.0,0.0,0.0,42.0,29.0,424.0,4.0
2024,5,1166,Kirk Cousins,QB,STARTED,65.36,0.5795578671875,58.0,pass attempts + carries,0.0,0.0,0.0,58.0,0.0,509.0,4.0
2024,5,6770,Joe Burrow,QB,STARTED,64.67999999999999,0.5744286640625,41.0,pass attempts + carries,2.0,0.0,0.0,39.0,1.0,392.0,5.0
2024,10,4881,Lamar Jackson,QB,STARTED,59.8,0.5704263125,40.0,pass attempts + carries,7.0,0.0,0.0,33.0,33.0,290.0,4.0
2025,14,4984,Josh Allen,QB,STARTED,59.14,0.5268929296875,37.0,pass attempts + carries,9.0,0.0,0.0,28.0,78.0,251.0,4.0
2023,7,4881,Lamar Jackson,QB,STARTED,59.18,0.5247283359375001,36.0,pass attempts + carries,9.0,0.0,0.0,27.0,36.0,357.0,4.0
2023,11,7523,Trevor Lawrence,QB,BENCHED,49.68000000000001,0.4790175234374999,37.0,pass attempts + carries,5.0,0.0,0.0,32.0,17.0,262.0,4.0
2024,5,19,Joe Flacco,QB,BENCHED,52.66,0.47134490625,47.0,pass attempts + carries,3.0,0.0,0.0,44.0,22.0,359.0,3.0
2025,9,11560,Caleb Williams,QB,BENCHED,57.2,0.4690124765625,39.0,pass attempts + carries,5.0,2.0,2.0,34.0,75.0,280.0,4.0
2025,18,3976,Mitchell Trubisky,QB,BENCHED,51.36,0.4648481796875,34.0,pass attempts + carries,5.0,0.0,0.0,29.0,5.0,259.0,4.0
2025,14,12524,Shedeur Sanders,QB,BENCHED,50.56,0.4565739453125,45.0,pass attempts + carries,3.0,0.0,0.0,42.0,29.0,364.0,4.0
2025,2,1234,Russell Wilson,QB,BENCHED,55.9,0.432925734375,44.0,pass attempts + carries,3.0,0.0,0.0,41.0,23.0,450.0,3.0
2023,8,8162,Sam Howell,QB,BENCHED,61.58,0.4245299296874999,55.0,pass attempts + carries,3.0,0.0,0.0,52.0,11.0,397.0,4.0
2024,18,9228,Bryce Young,QB,BENCHED,57.94,0.4206120312499999,39.0,pass attempts + carries,5.0,0.0,0.0,34.0,24.0,251.0,5.0
2025,16,421,Matthew Stafford,QB,BENCHED,55.78,0.4170084765625,51.0,pass attempts + carries,2.0,0.0,0.0,49.0,6.0,457.0,3.0
2024,12,11560,Caleb Williams,QB,BENCHED,47.1,0.4073787187500001,53.0,pass attempts + carries,6.0,0.0,0.0,47.0,33.0,340.0,2.0
2023,18,3161,Carson Wentz,QB,FREE,42.52,0.2976008515625,41.0,pass attempts + carries,17.0,0.0,0.0,24.0,56.0,163.0,3.0
2023,18,827,Tyrod Taylor,QB,FREE,35.28,0.2241883203124999,40.0,pass attempts + carries,8.0,0.0,0.0,32.0,38.0,297.0,1.0
2023,16,4972,Mason Rudolph,QB,FREE,36.9,0.2070475390625,29.0,pass attempts + carries,2.0,0.0,0.0,27.0,4.0,290.0,2.0
2024,18,9230,Tanner McKee,QB,FREE,34.96,0.1980728125,44.0,pass attempts + carries,3.0,0.0,0.0,41.0,1.0,269.0,2.0
2023,15,6185,Easton Stick,QB,FREE,32.78,0.1629134453125,34.0,pass attempts + carries,2.0,0.0,0.0,32.0,11.0,257.0,3.0
2023,13,19,Joe Flacco,QB,FREE,24.16,0.1469628828124999,44.0,pass attempts + carries,0.0,0.0,0.0,44.0,0.0,254.0,2.0
2025,18,9230,Tanner McKee,QB,FREE,18.34,0.1127026796874999,42.0,pass attempts + carries,2.0,0.0,0.0,40.0,3.0,241.0,1.0
2025,16,8161,Malik Willis,QB,FREE,22.74,0.1079278203124999,21.0,pass attempts + carries,10.0,0.0,0.0,11.0,44.0,121.0,1.0
2023,17,2549,Trevor Siemian,QB,FREE,25.54,0.097934375,49.0,pass attempts + carries,4.0,0.0,0.0,45.0,13.0,261.0,1.0
2023,18,4972,Mason Rudolph,QB,FREE,21.88,0.088217578125,22.0,pass attempts + carries,2.0,0.0,0.0,20.0,-1.0,152.0,1.0
2025,12,9221,Jahmyr Gibbs,RB,STARTED,69.9,0.4888610781249999,27.0,carries + targets,15.0,12.0,11.0,0.0,264.0,0.0,3.0
2025,10,6813,Jonathan Taylor,RB,STARTED,66.0,0.4882921796874999,35.0,carries + targets,32.0,3.0,3.0,0.0,286.0,0.0,3.0
2024,12,4866,Saquon Barkley,RB,STARTED,62.900000000000006,0.4726386796875,30.0,carries + targets,26.0,4.0,4.0,0.0,302.0,0.0,2.0
2025,17,3198,Derrick Henry,RB,STARTED,59.8,0.4530448203125,36.0,carries + targets,36.0,0.0,0.0,0.0,216.0,0.0,4.0
2024,2,4035,Alvin Kamara,RB,STARTED,54.5,0.4475058046875,23.0,carries + targets,20.0,3.0,2.0,0.0,180.0,0.0,4.0
2024,18,9221,Jahmyr Gibbs,RB,STARTED,56.1,0.4394507265624999,28.0,carries + targets,23.0,5.0,5.0,0.0,170.0,0.0,4.0
2023,4,4034,Christian McCaffrey,RB,STARTED,59.2,0.416646421875,28.0,carries + targets,20.0,8.0,7.0,0.0,177.0,0.0,4.0
2024,4,3198,Derrick Henry,RB,STARTED,47.7,0.4126697656250001,27.0,carries + targets,24.0,3.0,3.0,0.0,209.0,0.0,2.0
2025,10,9226,De'Von Achane,RB,STARTED,52.9,0.409675125,28.0,carries + targets,22.0,6.0,6.0,0.0,225.0,0.0,2.0
2023,16,8155,Breece Hall,RB,STARTED,51.6,0.40172021875,36.0,carries + targets,20.0,16.0,12.0,0.0,191.0,0.0,2.0
2023,3,9226,De'Von Achane,RB,BENCHED,63.400000000000006,0.4304403125,22.0,carries + targets,18.0,4.0,4.0,0.0,233.0,0.0,4.0
2024,16,6813,Jonathan Taylor,RB,BENCHED,55.1,0.4272558671874998,29.0,carries + targets,29.0,0.0,0.0,0.0,218.0,0.0,3.0
2024,6,9506,Sean Tucker,RB,BENCHED,42.00000000000001,0.3690196875,17.0,carries + targets,14.0,3.0,3.0,0.0,192.0,0.0,2.0
2025,11,9506,Sean Tucker,RB,BENCHED,41.8,0.32311096875,21.0,carries + targets,19.0,2.0,2.0,0.0,140.0,0.0,3.0
2025,4,7567,Kenny Gainwell,RB,BENCHED,38.2,0.3201111171874999,25.0,carries + targets,19.0,6.0,6.0,0.0,134.0,0.0,2.0
2025,14,5967,Tony Pollard,RB,BENCHED,38.1,0.311588140625,25.0,carries + targets,25.0,0.0,0.0,0.0,161.0,0.0,2.0
2025,3,5892,David Montgomery,RB,BENCHED,36.3,0.2998326484374999,13.0,carries + targets,12.0,1.0,1.0,0.0,164.0,0.0,2.0
2024,18,6813,Jonathan Taylor,RB,BENCHED,38.3,0.299154578125,36.0,carries + targets,34.0,2.0,1.0,0.0,180.0,0.0,1.0
2023,14,3164,Ezekiel Elliott,RB,BENCHED,33.4,0.2984508046874999,30.0,carries + targets,22.0,8.0,7.0,0.0,140.0,0.0,1.0
2023,17,8205,Isiah Pacheco,RB,BENCHED,36.1,0.2892133515624999,25.0,carries + targets,18.0,7.0,7.0,0.0,165.0,0.0,1.0
2024,4,4219,Jeremy McNichols,RB,FREE,23.0,0.1559520546875,9.0,carries + targets,8.0,1.0,1.0,0.0,74.0,0.0,2.0
2023,18,6908,La'Mical Perine,RB,FREE,20.1,0.1164748437499999,25.0,carries + targets,21.0,4.0,3.0,0.0,109.0,0.0,0.0
2025,15,11588,Jawhar Jordan,RB,FREE,21.3,0.1061356640624999,17.0,carries + targets,15.0,2.0,2.0,0.0,118.0,0.0,0.0
2023,11,6039,Ty Johnson,RB,FREE,16.4,0.1048116484375,6.0,carries + targets,3.0,3.0,3.0,0.0,58.0,0.0,1.0
2024,5,4718,Dare Ogunbowale,RB,FREE,19.2,0.1039502421874999,22.0,carries + targets,15.0,7.0,6.0,0.0,87.0,0.0,0.0
2024,7,6996,JaMycal Hasty,RB,FREE,16.6,0.0951804140625,7.0,carries + targets,2.0,5.0,5.0,0.0,47.0,0.0,1.0
2024,14,8220,Sincere McCormick,RB,FREE,15.9,0.0880274921875,18.0,carries + targets,15.0,3.0,2.0,0.0,89.0,0.0,0.0
2024,4,4718,Dare Ogunbowale,RB,FREE,16.8,0.0844156875,6.0,carries + targets,2.0,4.0,4.0,0.0,54.0,0.0,1.0
2024,5,2359,Ameer Abdullah,RB,FREE,17.099999999999998,0.082734546875,8.0,carries + targets,5.0,3.0,3.0,0.0,51.0,0.0,1.0
2023,2,6984,Tony Jones,RB,FREE,18.8,0.081571484375,14.0,carries + targets,12.0,2.0,0.0,0.0,34.0,0.0,2.0
2024,10,7564,Ja'Marr Chase,WR,STARTED,67.4,0.4868855703125,17.0,targets,0.0,17.0,11.0,0.0,264.0,0.0,3.0
2023,16,2309,Amari Cooper,WR,STARTED,62.0,0.468432078125,15.0,targets,0.0,15.0,11.0,0.0,265.0,0.0,2.0
2023,1,3321,Tyreek Hill,WR,STARTED,51.0,0.4580706250000001,15.0,targets,0.0,15.0,11.0,0.0,215.0,0.0,2.0
2023,5,7564,Ja'Marr Chase,WR,STARTED,61.7,0.4045399609375,19.0,targets,0.0,19.0,15.0,0.0,192.0,0.0,3.0
2024,13,6783,Jerry Jeudy,WR,STARTED,50.5,0.4013163984374999,13.0,targets,0.0,13.0,9.0,0.0,235.0,0.0,1.0
2024,5,7564,Ja'Marr Chase,WR,STARTED,50.3,0.4002375390625,12.0,targets,0.0,12.0,10.0,0.0,193.0,0.0,2.0
2023,17,6786,CeeDee Lamb,WR,STARTED,48.400000000000006,0.3937971640625,17.0,targets,1.0,17.0,13.0,0.0,232.0,0.0,1.0
2025,16,9493,Puka Nacua,WR,STARTED,55.0,0.3853333359375,16.0,targets,0.0,16.0,12.0,0.0,225.0,0.0,2.0
2024,14,7564,Ja'Marr Chase,WR,STARTED,52.3,0.38498090625,18.0,targets,1.0,18.0,14.0,0.0,191.0,0.0,2.0
2023,3,1479,Keenan Allen,WR,STARTED,56.96,0.38428321875,20.0,targets,0.0,20.0,18.0,1.0,215.0,49.0,1.0
2025,3,10213,Tre Tucker,WR,BENCHED,47.1,0.3888055859375,9.0,targets,1.0,9.0,8.0,0.0,149.0,0.0,3.0
2023,8,1426,DeAndre Hopkins,WR,BENCHED,40.8,0.2863651406249999,6.0,targets,0.0,6.0,4.0,0.0,128.0,0.0,3.0
2023,2,9493,Puka Nacua,WR,BENCHED,35.5,0.2857876015625,20.0,targets,2.0,20.0,15.0,0.0,151.0,0.0,0.0
2024,8,11635,Ladd McConkey,WR,BENCHED,34.6,0.2685953515625,6.0,targets,0.0,6.0,6.0,0.0,111.0,0.0,2.0
2025,2,11620,Rome Odunze,WR,BENCHED,34.8,0.2609924531249999,11.0,targets,0.0,11.0,7.0,0.0,128.0,0.0,2.0
2025,7,7525,DeVonta Smith,WR,BENCHED,39.3,0.2593217031250001,11.0,targets,0.0,11.0,9.0,0.0,183.0,0.0,1.0
2023,10,2197,Brandin Cooks,WR,BENCHED,35.8,0.2565391328125,10.0,targets,0.0,10.0,9.0,0.0,173.0,0.0,1.0
2023,9,9502,Tank Dell,WR,BENCHED,33.0,0.254191140625,11.0,targets,2.0,11.0,6.0,0.0,116.0,0.0,2.0
2025,13,11625,Adonai Mitchell,WR,BENCHED,29.700000000000003,0.2513712734375,12.0,targets,0.0,12.0,8.0,0.0,102.0,0.0,1.0
2025,14,11783,Ryan Flournoy,WR,BENCHED,32.0,0.2455825156249999,13.0,targets,0.0,13.0,9.0,0.0,115.0,0.0,1.0
2023,9,4234,Noah Brown,WR,FREE,32.8,0.252336953125,6.0,targets,0.0,6.0,6.0,0.0,153.0,0.0,1.0
2023,1,4454,Kendrick Bourne,WR,FREE,24.9,0.1968073593750001,11.0,targets,0.0,11.0,6.0,0.0,64.0,0.0,2.0
2024,10,7595,Tylan Wallace,WR,FREE,25.0,0.1817495546874999,3.0,targets,0.0,3.0,3.0,0.0,115.0,0.0,1.0
2023,17,8204,Bo Melton,WR,FREE,26.0,0.1788746874999999,9.0,targets,0.0,9.0,6.0,0.0,105.0,0.0,1.0
2025,5,11783,Ryan Flournoy,WR,FREE,24.8,0.16727221875,9.0,targets,2.0,9.0,6.0,0.0,124.0,0.0,0.0
2023,18,6927,Quez Watkins,WR,FREE,24.8,0.160029296875,11.0,targets,0.0,11.0,8.0,0.0,93.0,0.0,1.0
2023,2,8756,Brandon Johnson,WR,FREE,23.6,0.15277165625,3.0,targets,0.0,3.0,2.0,0.0,66.0,0.0,2.0
2024,12,4274,David Moore,WR,FREE,22.6,0.151760046875,10.0,targets,0.0,10.0,6.0,0.0,81.0,0.0,1.0
2024,14,4351,Tim Patrick,WR,FREE,23.8,0.149995171875,7.0,targets,0.0,7.0,6.0,0.0,43.0,0.0,2.0
2023,8,2410,Jamison Crowder,WR,FREE,24.5,0.1393185859375,7.0,targets,0.0,7.0,7.0,0.0,95.0,0.0,1.0
2025,9,11604,Brock Bowers,TE,STARTED,60.50000000000001,0.4520667265624999,13.0,targets,1.0,13.0,12.0,0.0,133.0,0.0,3.0
2023,7,1466,Travis Kelce,TE,STARTED,57.900000000000006,0.4508477890624999,13.0,targets,0.0,13.0,12.0,0.0,179.0,0.0,1.0
2023,14,4066,Evan Engram,TE,STARTED,48.5,0.443627046875,12.0,targets,0.0,12.0,11.0,0.0,95.0,0.0,2.0
2025,15,7553,Kyle Pitts,TE,STARTED,62.6,0.4433890625000001,12.0,targets,0.0,12.0,11.0,0.0,166.0,0.0,3.0
2025,15,8130,Trey McBride,TE,STARTED,56.4,0.404300421875,13.0,targets,0.0,13.0,12.0,0.0,134.0,0.0,2.0
2024,11,11604,Brock Bowers,TE,STARTED,54.50000000000001,0.3985121874999999,16.0,targets,1.0,16.0,13.0,0.0,123.0,0.0,1.0
2024,13,11604,Brock Bowers,TE,STARTED,46.4,0.3946513593749999,14.0,targets,1.0,14.0,10.0,0.0,142.0,0.0,1.0
2023,6,1466,Travis Kelce,TE,STARTED,38.4,0.3655633593749999,9.0,targets,0.0,9.0,9.0,0.0,124.0,0.0,0.0
2023,10,5844,T.J. Hockenson,TE,STARTED,48.4,0.3625481328125,15.0,targets,0.0,15.0,11.0,0.0,134.0,0.0,1.0
2024,12,8130,Trey McBride,TE,STARTED,46.3,0.3531869296874999,15.0,targets,0.0,15.0,12.0,0.0,133.0,0.0,0.0
2024,11,4381,Taysom Hill,TE,BENCHED,58.92,0.4265958749999999,10.0,targets,7.0,10.0,8.0,2.0,188.0,18.0,3.0
2023,9,5001,Dalton Schultz,TE,BENCHED,44.0,0.3769124609374999,11.0,targets,0.0,11.0,10.0,0.0,130.0,0.0,1.0
2024,1,8131,Isaiah Likely,TE,BENCHED,42.1,0.3512411718750001,12.0,targets,0.0,12.0,9.0,0.0,111.0,0.0,1.0
2025,3,3214,Hunter Henry,TE,BENCHED,41.0,0.345065328125,11.0,targets,0.0,11.0,8.0,0.0,90.0,0.0,2.0
2025,13,1339,Zach Ertz,TE,BENCHED,37.6,0.3292761562500001,13.0,targets,0.0,13.0,10.0,0.0,106.0,0.0,0.0
2025,9,12517,Colston Loveland,TE,BENCHED,41.8,0.3223626328125,7.0,targets,0.0,7.0,6.0,0.0,118.0,0.0,2.0
2024,3,6826,Cole Kmet,TE,BENCHED,41.7,0.3085818671875001,11.0,targets,0.0,11.0,10.0,0.0,97.0,0.0,1.0
2025,18,12517,Colston Loveland,TE,BENCHED,38.1,0.3081243593749999,13.0,targets,0.0,13.0,10.0,0.0,91.0,0.0,1.0
2025,3,8110,Jake Ferguson,TE,BENCHED,36.2,0.2999076249999999,14.0,targets,0.0,14.0,13.0,0.0,82.0,0.0,0.0
2023,8,8130,Trey McBride,TE,BENCHED,39.5,0.2954765703125,14.0,targets,0.0,14.0,10.0,0.0,95.0,0.0,1.0
2025,18,3271,Tyler Higbee,TE,FREE,29.1,0.2203844140625001,6.0,targets,0.0,6.0,5.0,0.0,91.0,0.0,1.0
2024,10,5409,Tanner Hudson,TE,FREE,25.5,0.1902259531249999,7.0,targets,1.0,7.0,6.0,0.0,43.0,0.0,1.0
2024,8,6869,Adam Trautman,TE,FREE,25.5,0.1797930078125,4.0,targets,0.0,4.0,4.0,0.0,85.0,0.0,1.0
2024,9,5973,Josh Oliver,TE,FREE,24.8,0.1702788984375001,5.0,targets,0.0,5.0,5.0,0.0,58.0,0.0,1.0
2025,16,10231,Elijah Higgins,TE,FREE,27.1,0.163803625,8.0,targets,0.0,8.0,7.0,0.0,91.0,0.0,0.0
2023,14,10214,Davis Allen,TE,FREE,21.0,0.1609411796875,5.0,targets,0.0,5.0,4.0,0.0,50.0,0.0,1.0
2024,18,5032,Jordan Akins,TE,FREE,26.0,0.1608856953125001,8.0,targets,0.0,8.0,6.0,0.0,60.0,0.0,1.0
2023,11,5973,Josh Oliver,TE,FREE,20.7,0.1569348515624999,4.0,targets,0.0,4.0,4.0,0.0,47.0,0.0,1.0
2024,13,7694,Tommy Tremble,TE,FREE,21.7,0.14040375,8.0,targets,0.0,8.0,5.0,0.0,77.0,0.0,0.0
2023,13,6850,Harrison Bryant,TE,FREE,21.9,0.1397900859374999,5.0,targets,0.0,5.0,5.0,0.0,49.0,0.0,1.0
