season,league_status,transaction_week,transaction_id,transaction_type,player_id,drop_from_roster,add_to_roster,owner_matchup_week_before,owner_matchup_tx_week,owner_matchup_week_after
2023,complete,1,1007538629857689600,waiver,2251,,7,,,7
2023,complete,1,1007360873117196288,waiver,5008,,2,,,2
2023,complete,1,1006838052553170944,waiver,7496,12,,,12,
2023,complete,1,1006838052553170944,waiver,4454,,12,,,12
2023,complete,1,1005346420511080448,waiver,4574,7,,,,
2023,complete,1,1005346420511080448,waiver,10233,,7,,7,7
2023,complete,1,1005181164123930624,free_agent,8127,11,,,,
2023,complete,1,1005181133996244992,free_agent,6144,11,,,,
2023,complete,1,1005181044154253312,free_agent,7529,11,,,,
2023,complete,1,1005180947739787264,free_agent,8189,11,,,,
2023,complete,1,1004753404591194112,waiver,5916,,3,,3,3
2023,complete,1,1004753249225814016,waiver,8254,,3,,3,3
2023,complete,1,1004753229143482368,waiver,5122,,3,,3,3
2023,complete,1,1004753208973107200,waiver,11370,,3,,3,3
2023,complete,1,1004753036633362432,waiver,7720,,3,,3,3
2023,complete,1,1004753020426481664,waiver,6885,,3,,3,3
2023,complete,1,1004753002151985152,waiver,5995,,3,,3,3
2023,complete,1,1004752983101456384,waiver,9512,,3,,3,3
2023,complete,1,1004752922325884928,free_agent,5985,3,,,,
2023,complete,1,1004752901656354816,free_agent,7568,3,,,,
2023,complete,1,1004752871587389440,free_agent,8223,3,,,,
2023,complete,1,1004752850242576384,free_agent,4197,3,,,,
2023,complete,1,1004752820542709760,free_agent,5916,3,,,3,3
2023,complete,1,1004752792176631808,free_agent,4152,3,,,,
2023,complete,1,1004084853232443392,free_agent,9223,9,,,,
2023,complete,1,1003732628941402112,waiver,11311,,6,,6,6
2023,complete,1,1003732594690736128,waiver,6918,,6,,6,6
2023,complete,1,1003215260561694720,waiver,8800,5,,,,
2023,complete,1,1003215260561694720,waiver,5980,,5,,5,
2023,complete,1,1002725495500328960,waiver,7496,,12,,12,
2023,complete,1,1002631126340411392,free_agent,9512,12,,,3,3
2023,complete,1,1002463525815525376,free_agent,533,4,,,,
2023,complete,1,1002380652118876160,free_agent,7540,10,,,,
2023,complete,1,1002081490366291968,waiver,9479,,5,,5,5
2023,complete,1,1002072360062771200,waiver,9495,,5,,5,5
2023,complete,1,1002070805129379840,trade,10217,5,4,,4,4
2023,complete,1,1002070805129379840,trade,4179,5,4,,4,4
2023,complete,1,1001720612953513984,waiver,11439,,7,,7,7
2023,complete,1,1001720612953513984,waiver,10861,7,,,,
2023,complete,1,1001651932538224640,waiver,9501,,12,,12,12
2023,complete,1,1001651386053877760,free_agent,9479,12,,,5,5
2023,complete,1,1001011068228984832,waiver,7562,,5,,5,5
2023,complete,1,1001010964977868800,waiver,4179,,5,,4,4
2023,complete,1,1000192496871186432,free_agent,4036,8,,,,
2023,complete,1,999087783245291520,free_agent,11176,5,,,,
2023,complete,1,999043200322961408,waiver,2251,1,,,,7
2023,complete,1,999043200322961408,waiver,7794,,1,,1,1
2023,complete,1,998070697899593728,waiver,7021,,1,,1,1
2023,complete,1,998070697899593728,waiver,11311,1,,,6,6
2023,complete,1,997578055746949120,waiver,11435,,7,,7,7
2023,complete,1,997578055746949120,waiver,8174,7,,,,
2023,complete,1,997486602886733824,waiver,4171,,12,,12,12
2023,complete,1,997486602886733824,waiver,6849,12,,,,
2023,complete,1,997013022864445440,waiver,6869,,7,,7,7
2023,complete,1,997013022864445440,waiver,7021,7,,,1,1
2023,complete,1,997012076256092160,waiver,8214,,7,,7,7
2023,complete,1,997012076256092160,waiver,6850,7,,,,
2023,complete,1,995440985150685184,waiver,10861,,7,,,
2023,complete,1,995440962618933248,waiver,7021,,7,,1,1
2023,complete,1,993743947174387712,waiver,8214,6,,,7,7
2023,complete,1,993743947174387712,waiver,3242,,6,,6,6
2023,complete,1,992709993428316160,waiver,11311,,1,,6,6
2023,complete,1,991825423791063040,free_agent,4351,1,,,,
2023,complete,1,989694723839389696,waiver,9492,,10,,10,10
2023,complete,1,989694723839389696,waiver,6870,10,,,,
2023,complete,1,989055858799689728,waiver,6849,,12,,,
2023,complete,1,989055802830778368,free_agent,9492,12,,,10,10
2023,complete,1,988363724937371648,waiver,9492,,12,,10,10
2023,complete,1,987376975486537728,waiver,4574,,7,,,
2023,complete,1,987376875808854016,waiver,2359,,7,,7,
2023,complete,1,985639668773322752,free_agent,3200,4,,,,
2023,complete,1,985639553031503872,free_agent,6847,4,,,,
2023,complete,1,985638668289277952,trade,4381,7,4,,4,4
2023,complete,1,985638668289277952,trade,533,7,4,,,
2023,complete,1,985569862527295488,waiver,4574,7,,,,
2023,complete,1,985569862527295488,waiver,11199,,7,,7,7
2023,complete,1,985569786883059712,waiver,11114,,7,,7,7
2023,complete,1,985569786883059712,waiver,5008,7,,,,2
2023,complete,1,975994589364506624,waiver,6136,,6,,6,6
2023,complete,1,975994561522671616,waiver,8214,,6,,7,7
2023,complete,1,972180978942640128,free_agent,4171,12,,,12,12
2023,complete,1,972180399143026688,free_agent,7720,9,,,3,3
2023,complete,1,972168763913150464,trade,8126,12,9,,9,9
2023,complete,1,972168763913150464,trade,9226,12,9,,9,9
2023,complete,1,972168763913150464,trade,10859,9,12,,12,12
2023,complete,1,971643742463492096,free_agent,7587,8,,,,
2023,complete,1,971643394223013888,free_agent,8179,8,,,,
2023,complete,1,971322535931400192,waiver,167,,6,,6,6
2023,complete,1,971322535931400192,waiver,6136,6,,,6,6
2023,complete,1,966083358977478656,waiver,9231,,3,,3,3
2023,complete,1,966083334457593856,waiver,10866,,3,,3,3
2023,complete,1,966083243474767872,waiver,10231,,3,,3,3
2023,complete,1,966083227653849088,waiver,9511,,3,,3,3
2023,complete,1,965327207755251712,waiver,10215,,6,,6,6
2023,complete,1,965327207755251712,waiver,8235,6,,,,
2023,complete,1,965327063496359936,waiver,9486,,6,,6,6
2023,complete,1,965327063496359936,waiver,6869,6,,,7,7
2023,complete,1,964579836909928448,waiver,7562,3,,,5,5
2023,complete,1,964579836909928448,waiver,4197,,3,,,
2023,complete,1,964579716126568448,waiver,2320,3,,,,
2023,complete,1,964579716126568448,waiver,10862,,3,,3,3
2023,complete,1,964579657737723904,waiver,7496,3,,,12,
2023,complete,1,964579657737723904,waiver,10863,,3,,3,3
2023,complete,1,964425375402991616,free_agent,4055,5,,,,
2023,complete,1,964193976670633984,waiver,10217,,5,,4,4
2023,complete,1,964193910262185984,waiver,11176,,5,,,
2023,complete,1,964193875659112448,waiver,10870,,5,,5,5
2023,complete,1,962952959816396800,free_agent,4054,5,,,,
2023,complete,1,962952421611696128,free_agent,8254,5,,,3,3
2023,complete,1,961913038599200768,waiver,10228,,5,,5,5
2023,complete,1,961912954381692928,free_agent,8170,5,,,,
2023,complete,1,961784130398720000,waiver,9223,,9,,,
2023,complete,1,961784060685189120,waiver,9483,,9,,9,9
2023,complete,1,961784018813476864,waiver,10219,,9,,9,9
2023,complete,1,961775621523140608,free_agent,7794,1,,,1,1
2023,complete,1,961775589302497280,free_agent,827,1,,,,
2023,complete,1,961775558335950848,free_agent,5122,1,,,3,3
2023,complete,1,961775440442454016,free_agent,4131,1,,,,
2023,complete,1,961752550393278464,free_agent,6849,2,,,,
2023,complete,1,961752519892299776,free_agent,7694,2,,,,
2023,complete,1,961752466750468096,free_agent,7602,2,,,,
2023,complete,1,961752207295016960,free_agent,6625,2,,,,
2023,complete,1,961727336766799872,free_agent,6989,12,,,,
2023,complete,1,961727254763962368,free_agent,8180,12,,,,
2023,complete,1,961727135058526208,free_agent,2325,12,,,,
2023,complete,1,961727113193619456,free_agent,4234,12,,,,
2023,complete,1,961727092012384256,free_agent,8176,12,,,,
2023,complete,1,961727048483897344,free_agent,8214,12,,,7,7
2023,complete,1,961727029513060352,free_agent,7891,12,,,,
2023,complete,1,961726918406082560,waiver,10213,,3,,3,3
2023,complete,1,961726895366729728,waiver,9490,,3,,3,3
2023,complete,1,961050623690960896,free_agent,6885,9,,,3,3
2023,complete,1,961050609300303872,free_agent,7064,9,,,,
2023,complete,1,958205450816622592,free_agent,6865,7,,,,
2023,complete,1,958204692075511808,waiver,167,6,,,6,6
2023,complete,1,958204692075511808,waiver,6869,,6,,7,7
2023,complete,1,958204393420001280,free_agent,4464,7,,,,
2023,complete,1,958203090828562432,free_agent,6996,7,,,,
2023,complete,1,956971888423505920,free_agent,8042,8,,,,
2023,complete,1,956971862603370496,free_agent,7094,8,,,,
2023,complete,1,956971849391312896,free_agent,7201,8,,,,
2023,complete,1,956971834010800128,free_agent,6083,8,,,,
2023,complete,1,956971790020939776,free_agent,650,8,,,,
2023,complete,1,956566871900196864,free_agent,4197,10,,,,
2023,complete,1,956566836076646400,free_agent,6927,10,,,,
2023,complete,1,956566800529920000,free_agent,8181,10,,,,
2023,complete,1,956566540105584640,free_agent,775,10,,,,
2023,complete,1,956538404378808320,free_agent,1264,9,,,,
2023,complete,1,956538390495662080,free_agent,17,9,,,,
2023,complete,1,956538374871879680,free_agent,2747,9,,,,
2023,complete,1,956538359394897920,free_agent,4227,9,,,,
2023,complete,1,956538344706445312,free_agent,5095,9,,,,
2023,complete,1,956538329531453440,free_agent,110,9,,,,
2023,complete,1,956538315035938816,free_agent,5251,9,,,,
2023,complete,1,956538289278717952,free_agent,7855,9,,,,
2023,complete,1,956538276007940096,free_agent,7062,9,,,,
2023,complete,1,956538255569096704,free_agent,5397,9,,,,
2023,complete,1,956538243866988544,free_agent,8258,9,,,,
2023,complete,1,956538229279199232,free_agent,8577,9,,,,
2023,complete,1,956461104647933952,free_agent,5838,12,,,,
2023,complete,1,956461083978403840,free_agent,49,12,,,,
2023,complete,1,956461070917341184,free_agent,4555,12,,,,
2023,complete,1,956461053733277696,free_agent,1974,12,,,,
2023,complete,1,956461035131539456,free_agent,1099,12,,,,
2023,complete,1,956461012880756736,free_agent,5386,12,,,,
2023,complete,1,956460998989221888,free_agent,5247,12,,,,
2023,complete,1,956460985173184512,free_agent,7095,12,,,,
2023,complete,1,956460969868169216,free_agent,503,12,,,,
2023,complete,1,956460945302130688,free_agent,4958,12,,,,
2023,complete,1,956460930907279360,free_agent,1433,12,,,,
2023,complete,1,956460913995845632,free_agent,899,12,,,,
2023,complete,1,956455254063616000,free_agent,6234,6,,,,
2023,complete,1,956455227375259648,free_agent,2460,6,,,,
2023,complete,1,956455131959037952,free_agent,515,6,,,,
2023,complete,1,956455109901193216,free_agent,8489,6,,,,
2023,complete,1,956455079081447424,free_agent,829,6,,,,
2023,complete,1,956454973712142336,free_agent,4038,6,,,,
2023,complete,1,956436283004325888,free_agent,7121,1,,,,
2023,complete,1,956436272598257664,free_agent,4666,1,,,,
2023,complete,1,956436261424631808,free_agent,1266,1,,,,
2023,complete,1,956436244987154432,free_agent,5272,1,,,,
2023,complete,1,956436233683505152,free_agent,7518,1,,,,
2023,complete,1,956436223046750208,free_agent,391,1,,,,
2023,complete,1,956425368414490624,free_agent,5980,5,,,5,
2023,complete,1,956425052109443072,free_agent,6805,4,,,,
2023,complete,1,956424665331699712,free_agent,4454,4,,,,12
2023,complete,1,956424498025107456,free_agent,24,4,,,,
2023,complete,1,956424480601968640,free_agent,7839,3,,,,
2023,complete,1,956424466089676800,free_agent,7071,3,,,,
2023,complete,1,956424451371864064,free_agent,7042,3,,,,
2023,complete,1,956424441787879424,free_agent,5323,4,,,,
2023,complete,1,956424437006372864,free_agent,658,3,,,,
2023,complete,1,956424422934482944,free_agent,6192,3,,,,
2023,complete,1,956424408757735424,free_agent,2671,3,,,,
2023,complete,1,956424393540800512,free_agent,120,3,,,,
2023,complete,1,956424348695302144,free_agent,8259,5,,,,
2023,complete,1,956424321696567296,free_agent,127,5,,,,
2023,complete,1,956424272233140224,free_agent,3678,5,,,,
2023,complete,1,956424236254400512,free_agent,4195,5,,,,
2023,complete,2,1010096327218311168,waiver,6111,,5,,,5
2023,complete,2,1010067939359354880,waiver,8195,,7,,,7
2023,complete,2,1010067880903290880,waiver,6144,,7,,,7
2023,complete,2,1009932265889099776,waiver,8145,2,,2,2,
2023,complete,2,1009932265889099776,waiver,6659,,2,,,2
2023,complete,2,1009932162071629824,waiver,4602,2,,2,2,
2023,complete,2,1009932162071629824,waiver,6984,,2,,,2
2023,complete,2,1008187524080177152,free_agent,5980,5,,5,,
2023,complete,2,1008179835807698944,free_agent,2359,7,,7,,
2023,complete,3,1012637839005184000,waiver,2320,,5,,,5
2023,complete,3,1012637692502310912,free_agent,9495,5,,5,5,
2023,complete,3,1012598130140938240,waiver,2549,,7,,,7
2023,complete,3,1011685838796709888,free_agent,7551,7,,7,,
2023,complete,3,1011647128965308416,free_agent,5154,11,,11,,
2023,complete,3,1011122070449156096,waiver,10221,,5,,,5
2023,complete,3,1011122070449156096,waiver,10870,5,,5,5,
2023,complete,3,1011121925201063936,waiver,829,,5,,5,5
2023,complete,3,1010422979869720576,waiver,5010,,1,,1,1
2023,complete,3,1010422807227920384,waiver,7602,,1,,1,1
2023,complete,3,1010311558796238848,free_agent,5347,5,,5,,
2023,complete,4,1015138385758965760,waiver,5121,,5,,,5
2023,complete,4,1015116274201948160,trade,7538,3,4,3,3,4
2023,complete,4,1015003303723257856,waiver,7496,,2,,,2
2023,complete,4,1015003303723257856,waiver,6659,2,,2,2,
2023,complete,4,1013268808301260800,free_agent,10233,7,,7,,
2023,complete,4,1013268694513987584,free_agent,8208,7,,7,,
2023,complete,4,1013229771678900224,free_agent,6111,5,,5,,
2023,complete,4,1013229011104784384,free_agent,8111,12,,12,,
2023,complete,5,1017660272217116672,waiver,3257,5,,5,5,
2023,complete,5,1017660272217116672,waiver,827,,5,,,5
2023,complete,5,1017354823420710912,waiver,167,6,,6,,
2023,complete,5,1017354823420710912,waiver,6598,,6,,,6
2023,complete,5,1017146116233625600,waiver,6878,,3,,,3
2023,complete,5,1017146055323947008,waiver,6659,,3,2,,3
2023,complete,5,1016598444552601600,waiver,3634,,5,,5,5
2023,complete,5,1016568129478025216,free_agent,3161,8,,8,,
2023,complete,5,1016561451823124480,trade,4066,5,8,5,8,8
2023,complete,5,1016364493040869376,free_agent,5970,4,,4,,
2023,complete,5,1016271199275495424,trade,7569,3,4,3,4,4
2023,complete,5,1016237476026867712,free_agent,6955,1,,1,,
2023,complete,5,1015223647788683264,free_agent,829,5,,5,,
2023,complete,6,1020258778517819392,waiver,829,,1,,,1
2023,complete,6,1020258778517819392,waiver,5010,1,,1,1,
2023,complete,6,1020258735161270272,waiver,7794,1,,1,1,
2023,complete,6,1020258735161270272,waiver,862,,1,,,1
2023,complete,6,1020258573365977088,waiver,6694,1,,1,1,
2023,complete,6,1020258573365977088,waiver,11256,,1,,,1
2023,complete,6,1020235464160268288,waiver,2325,,5,,,5
2023,complete,6,1020235292743155712,waiver,1833,,5,,,5
2023,complete,6,1019313274116087808,free_agent,5052,1,,1,,
2023,complete,6,1019114190235074560,waiver,10860,,7,,7,7
2023,complete,6,1019114190235074560,waiver,11435,7,,7,,
2023,complete,7,1022730238943424512,waiver,10867,,5,,,5
2023,complete,7,1022693762226573312,waiver,3242,6,,6,,
2023,complete,7,1022693762226573312,waiver,5695,,6,,,6
2023,complete,7,1021685938377818112,waiver,8111,,4,,4,4
2023,complete,7,1021685938377818112,waiver,8230,4,,4,,
2023,complete,7,1021602205264076800,free_agent,5000,2,,2,,
2023,complete,7,1021281331390660608,waiver,947,,2,,2,2
2023,complete,7,1021281331390660608,waiver,8197,2,,2,,
2023,complete,7,1021280898093830144,waiver,345,,2,,2,2
2023,complete,7,1021280898093830144,waiver,6984,2,,2,,
2023,complete,7,1020875962835673088,waiver,5046,,7,,7,7
2023,complete,7,1020272165993668608,free_agent,2320,5,,5,,
2023,complete,8,1025294622488170496,waiver,4464,,7,,,7
2023,complete,8,1023084053118926848,free_agent,1833,5,,5,,
2023,complete,9,1027852188762148864,waiver,4234,,5,,,5
2023,complete,9,1027822510819094528,waiver,6037,8,,,8,
2023,complete,9,1027822510819094528,waiver,11292,,8,,,8
2023,complete,9,1027788964561874944,waiver,8230,,6,,,6
2023,complete,9,1027788964561874944,waiver,5137,6,,6,6,
2023,complete,9,1027788911130558464,waiver,3161,,6,,,6
2023,complete,9,1027788911130558464,waiver,1067,6,,6,,
2023,complete,9,1026705879460155392,waiver,6037,,8,,8,
2023,complete,9,1026705879460155392,waiver,6789,8,,8,,
2023,complete,9,1025913019521466368,waiver,5985,,12,,12,12
2023,complete,10,1030397771745943552,free_agent,2325,5,,5,5,
2023,complete,10,1030228133322088448,waiver,6421,,11,,,11
2023,complete,10,1029263676081131520,waiver,5409,,5,,5,5
2023,complete,10,1029263379518550016,free_agent,8122,5,,5,,
2023,complete,10,1028211093811843072,free_agent,10221,5,,5,,
2023,complete,11,1032879673140740096,waiver,5970,,8,,,8
2023,complete,11,1032879673140740096,waiver,6951,8,,8,,
2023,complete,11,1032776423104204800,waiver,7496,2,,2,2,
2023,complete,11,1032776423104204800,waiver,6039,,2,,,2
2023,complete,11,1032776319760789504,waiver,5257,,2,,,2
2023,complete,11,1032776319760789504,waiver,7585,2,,2,2,
2023,complete,11,1032776238017990656,waiver,345,2,,2,2,
2023,complete,11,1032776238017990656,waiver,6111,,2,,,2
2023,complete,11,1031354141622272000,trade,6011,4,1,4,1,1
2023,complete,11,1031354141622272000,trade,4039,1,4,1,4,4
2023,complete,11,1031038090816757760,free_agent,9479,5,,5,,
2023,complete,12,1035300728107134976,waiver,5374,,1,,,1
2023,complete,12,1035300708075171840,waiver,6694,,1,,,1
2023,complete,12,1034556825141739520,free_agent,827,5,,5,,
2023,complete,12,1033150663582105600,free_agent,8214,7,,7,,
2023,complete,12,1033145192645312512,trade,9999,3,7,3,7,7
2023,complete,13,1037035470011645952,waiver,19,,7,,,7
2023,complete,13,1037035470011645952,waiver,8116,7,,7,7,
2023,complete,13,1036157043272892416,trade,6845,9,5,9,5,5
2023,complete,13,1035716409352863744,free_agent,7720,3,,3,,
2023,complete,14,1040379452095684608,waiver,5257,2,,2,,
2023,complete,14,1040379452095684608,waiver,11210,,2,,,2
2023,complete,14,1040378493755822080,waiver,7607,,2,7,2,2
2023,complete,14,1040378437405495296,waiver,6963,,2,,,2
2023,complete,14,1040344468051951616,waiver,6598,6,,6,6,
2023,complete,14,1040344468051951616,waiver,3286,,6,,,6
2023,complete,14,1039306505406726144,free_agent,5121,5,,5,,
2023,complete,14,1039224611260416000,free_agent,2549,7,,7,,
2023,complete,14,1039224557447495680,free_agent,7607,7,,7,2,2
2023,complete,14,1039190002506530816,trade,5012,7,2,7,2,2
2023,complete,14,1039190002506530816,trade,4217,2,7,2,7,7
2023,complete,14,1039190002506530816,trade,9481,2,7,2,7,7
2023,complete,14,1039190002506530816,trade,6111,2,7,2,7,7
2023,complete,15,1042887378353909760,waiver,3161,6,,6,6,
2023,complete,15,1042887378353909760,waiver,8207,,6,,,6
2023,complete,15,1040844918236729344,free_agent,6824,8,,8,,
2023,complete,16,1045451238936223744,waiver,6185,,3,,,3
2023,complete,16,1043707865569140736,free_agent,11311,6,,6,,
2023,complete,17,1046946260353179648,waiver,5973,,5,,5,
2023,complete,17,1046946212982669312,waiver,10226,,5,,5,
2023,complete,17,1046946163532005376,waiver,4972,,5,,5,
2023,complete,17,1046946113498062848,waiver,827,,5,,5,
2023,complete,17,1046946082325921792,waiver,8756,,5,,5,
2023,complete,17,1046472834236850176,waiver,3161,,3,,3,
2023,complete,17,1046472834236850176,waiver,5122,3,,3,,3
2023,complete,17,1046472732139057152,waiver,11370,3,,3,,3
2023,complete,17,1046472732139057152,waiver,4127,,3,,3,
2023,complete,17,1046150078248869888,free_agent,10867,5,,5,,
2023,complete,17,1046150002126446592,free_agent,9480,5,,5,,
2023,complete,17,1046149828834582528,free_agent,5086,5,,5,,
2023,complete,17,1045932310371250176,waiver,9490,3,,3,,3
2023,complete,17,1045932310371250176,waiver,4574,,3,,3,
2023,complete,17,1045932247104282624,waiver,9230,,3,,3,
2023,complete,17,1045932247104282624,waiver,5880,3,,3,,3
2023,complete,17,1045804860878401536,waiver,8254,3,,3,,3
2023,complete,17,1045804860878401536,waiver,5000,,3,,3,
2023,complete,17,1045804668481396736,waiver,3257,,3,,3,
2023,complete,17,1045804668481396736,waiver,6878,3,,3,,3
2023,complete,17,1045769183574802432,waiver,6918,6,,6,,
2023,complete,17,1045769183574802432,waiver,5137,,6,,6,6
2024,complete,1,1139417423414833152,waiver,6960,,5,,,5
2024,complete,1,1139417423414833152,waiver,7562,5,,,5,
2024,complete,1,1139416989417459712,free_agent,5086,5,,,5,
2024,complete,1,1139395778327425025,waiver,5096,,2,,,2
2024,complete,1,1138479168561315840,waiver,6598,,10,,10,10
2024,complete,1,1138131125806821376,waiver,4574,,3,,3,3
2024,complete,1,1138062896451338240,trade,5995,3,5,,3,5
2024,complete,1,1137309926709223424,waiver,5985,,11,,11,11
2024,complete,1,1136890368114450432,waiver,6271,,8,,8,8
2024,complete,1,1136890368114450432,waiver,5089,8,,,,
2024,complete,1,1136186008166342656,free_agent,3271,6,,,,
2024,complete,1,1136009104436490240,waiver,8206,,3,,3,3
2024,complete,1,1136008984441266176,free_agent,9222,3,,,,
2024,complete,1,1135990562928209920,waiver,8188,,12,,12,12
2024,complete,1,1135989599412666368,waiver,8180,,12,,12,12
2024,complete,1,1135988833083912192,waiver,11605,,12,,12,12
2024,complete,1,1135988428203499520,free_agent,5985,12,,,11,11
2024,complete,1,1135984048775503872,free_agent,3969,12,,,,
2024,complete,1,1135583639833587712,waiver,5086,,5,,5,
2024,complete,1,1135583532077862912,waiver,4314,,5,,5,5
2024,complete,1,1134938455793868800,waiver,11834,,7,,7,7
2024,complete,1,1134938155376902144,waiver,8123,,7,,7,7
2024,complete,1,1134938139555987456,waiver,8116,,7,,7,7
2024,complete,1,1134938125798805504,waiver,11435,,7,,7,7
2024,complete,1,1134937979861983232,free_agent,11114,7,,,,
2024,complete,1,1134937930696351744,free_agent,6144,7,,,,
2024,complete,1,1134548795653660672,waiver,7587,,12,,12,
2024,complete,1,1134309364556546048,waiver,9222,,3,,,
2024,complete,1,1134309326086365184,waiver,11729,,3,,3,3
2024,complete,1,1134309288295497728,waiver,1837,,3,,3,3
2024,complete,1,1134309242913021952,free_agent,11652,3,,,,
2024,complete,1,1134309144296546304,free_agent,11573,3,,,,
2024,complete,1,1133292931105800192,free_agent,2505,6,,,,
2024,complete,1,1133102349544902656,waiver,9506,,2,,2,2
2024,complete,1,1133102349544902656,waiver,6039,2,,,,
2024,complete,1,1133102300781903872,waiver,7602,,2,,2,2
2024,complete,1,1133102300781903872,waiver,11210,2,,,,
2024,complete,1,1131255190805405696,free_agent,11615,12,,,,
2024,complete,1,1130985018697834496,free_agent,11998,3,,,,
2024,complete,1,1129760314876080128,waiver,11623,,7,,7,7
2024,complete,1,1129760284664643584,waiver,4464,,7,,7,7
2024,complete,1,1129687304936853504,waiver,1837,1,,,3,3
2024,complete,1,1129687304936853504,waiver,11582,,1,,1,1
2024,complete,1,1127811430973038592,waiver,11557,,10,,10,10
2024,complete,1,1127811430973038592,waiver,6814,10,,,,
2024,complete,1,1127801362693173248,waiver,7606,1,,,,
2024,complete,1,1127801362693173248,waiver,8408,,1,,1,1
2024,complete,1,1127283336923148288,free_agent,4995,12,,,,
2024,complete,1,1125501140138930176,waiver,2251,7,,,,
2024,complete,1,1125501140138930176,waiver,7537,,7,,7,7
2024,complete,1,1125088478687092736,waiver,10226,,1,,1,1
2024,complete,1,1125088478687092736,waiver,9222,1,,,,
2024,complete,1,1123448548755931136,waiver,4171,,10,,10,10
2024,complete,1,1123448548755931136,waiver,5038,10,,,,
2024,complete,1,1122025813722861568,free_agent,2161,8,,,,
2024,complete,1,1122025274624774144,free_agent,8114,8,,,,
2024,complete,1,1121935779061731328,waiver,5985,,12,,11,11
2024,complete,1,1121814923312603136,waiver,8153,9,,,,
2024,complete,1,1121814923312603136,waiver,10870,,9,,9,9
2024,complete,1,1121732268969639936,waiver,7605,,3,,3,3
2024,complete,1,1121732207770435584,waiver,11652,,3,,,
2024,complete,1,1120691602894241792,waiver,3969,,12,,,
2024,complete,1,1120535840364556288,waiver,11571,,7,,7,7
2024,complete,1,1120535840364556288,waiver,7045,7,,,,
2024,complete,1,1119734296199204864,trade,5850,7,12,,12,12
2024,complete,1,1119734296199204864,trade,11589,12,7,,7,7
2024,complete,1,1119733571243098112,trade,4881,7,10,,10,10
2024,complete,1,1119733571243098112,trade,11566,10,7,,7,7
2024,complete,1,1119733571243098112,trade,5859,10,7,,7,7
2024,complete,1,1119733571243098112,trade,2133,7,10,,10,10
2024,complete,1,1113192082115522560,waiver,4995,,12,,,
2024,complete,1,1113191983553519616,free_agent,10218,12,,,,
2024,complete,1,1102716908769558528,waiver,7593,,1,,1,1
2024,complete,1,1102716908769558528,waiver,8188,1,,,12,12
2024,complete,1,1101404018514993152,waiver,11998,,3,,,
2024,complete,1,1099147982793945088,free_agent,6963,2,,,,
2024,complete,1,1099147934110658560,free_agent,947,2,,,,
2024,complete,1,1098487248024125440,waiver,11783,,5,,5,5
2024,complete,1,1098487182072995840,waiver,6865,,5,,5,5
2024,complete,1,1098487151060168704,waiver,11616,,5,,5,5
2024,complete,1,1098487089387261952,waiver,11599,,5,,5,5
2024,complete,1,1098486929584111616,free_agent,10226,5,,,1,1
2024,complete,1,1098432894109876224,trade,9756,9,3,,3,3
2024,complete,1,1098432894109876224,trade,10229,3,9,,9,9
2024,complete,1,1098432894109876224,trade,9224,3,9,,9,9
2024,complete,1,1098341703066427392,waiver,11748,,1,,1,1
2024,complete,1,1098341703066427392,waiver,7605,1,,,3,3
2024,complete,1,1098341661769375744,waiver,7602,1,,,2,2
2024,complete,1,1098341661769375744,waiver,11580,,1,,1,1
2024,complete,1,1098341401680494592,free_agent,829,1,,,,
2024,complete,1,1098341366330900480,free_agent,3969,1,,,,
2024,complete,1,1097238493425647616,free_agent,8408,9,,,1,1
2024,complete,1,1097231444293836800,waiver,4171,12,,,10,10
2024,complete,1,1097231444293836800,waiver,4454,,12,,12,12
2024,complete,1,1097180072739491840,waiver,11815,,5,,5,5
2024,complete,1,1097179813288271872,waiver,11574,,5,,5,5
2024,complete,1,1097179693318656000,waiver,11646,,5,,5,5
2024,complete,1,1097179655179771904,waiver,11568,,5,,5,5
2024,complete,1,1097179585415819264,free_agent,5409,5,,,,
2024,complete,1,1096963567233986560,waiver,11595,,10,,10,10
2024,complete,1,1095586483097899008,free_agent,5917,11,,,,
2024,complete,1,1095586466417152000,free_agent,5955,11,,,,
2024,complete,1,1095586444430610432,free_agent,3202,11,,,,
2024,complete,1,1095585623315910656,free_agent,7565,12,,,,
2024,complete,1,1095585458475569152,free_agent,9504,12,,,,
2024,complete,1,1095579150351405056,free_agent,8164,9,,,,
2024,complete,1,1095579082625978368,free_agent,9483,9,,,,
2024,complete,1,1095576641771737088,free_agent,5137,6,,,,
2024,complete,1,1095573825204326400,free_agent,7757,10,,,,
2024,complete,1,1095573111015194624,waiver,11573,,3,,,
2024,complete,1,1095573073274744832,waiver,7002,,3,,3,3
2024,complete,1,1095573056002699264,waiver,9998,,3,,3,3
2024,complete,1,1095573043008638976,waiver,11577,,3,,3,3
2024,complete,1,1095572920874635264,free_agent,10231,3,,,,
2024,complete,1,1095572849529524224,free_agent,5000,3,,,,
2024,complete,1,1095572781418221568,free_agent,10862,3,,,,
2024,complete,1,1095537585918644224,free_agent,10216,5,,,,
2024,complete,1,1095537552892694528,free_agent,10228,5,,,,
2024,complete,1,1095537496911319040,free_agent,5973,5,,,,
2024,complete,1,1095537407614586880,free_agent,4972,5,,,,
2024,complete,1,1095012555740848128,trade,1466,10,6,,6,6
2024,complete,1,1095012555740848128,trade,4993,6,10,,10,10
2024,complete,1,1094986115494313984,trade,8205,11,9,,9,9
2024,complete,1,1094807031409610752,free_agent,8255,10,,,,
2024,complete,1,1094793492519313408,trade,7547,10,1,,1,1
2024,complete,1,1094793492519313408,trade,421,1,10,,10,10
2024,complete,1,1094759824421621760,free_agent,6843,9,,,,
2024,complete,1,1094746138277646336,free_agent,6931,9,,,,
2024,complete,1,1094746120732872704,free_agent,8211,9,,,,
2024,complete,1,1094731884384419840,trade,7526,12,9,,9,9
2024,complete,1,1094731884384419840,trade,9488,9,12,,12,12
2024,complete,1,1094731884384419840,trade,9502,12,9,,9,9
2024,complete,1,1094701126982631424,free_agent,9512,3,,,,
2024,complete,1,1094701106648653824,free_agent,2319,3,,,,
2024,complete,1,1094701002176929792,free_agent,6885,3,,,,
2024,complete,1,1094700983508082688,free_agent,6659,3,,,,
2024,complete,1,1094700968534417408,free_agent,1992,3,,,,
2024,complete,1,1094700749193289728,free_agent,1352,3,,,,
2024,complete,1,1094700719334039552,free_agent,9230,3,,,,
2024,complete,1,1094700702741372928,free_agent,6185,3,,,,
2024,complete,1,1094700669719617536,free_agent,4574,3,,,3,3
2024,complete,1,1094700653428940800,free_agent,4127,3,,,,
2024,complete,1,1094700638157479936,free_agent,9231,3,,,,
2024,complete,1,1094700622433034240,free_agent,5916,3,,,,
2024,complete,1,1094698182052872192,trade,10229,12,3,,9,9
2024,complete,1,1094399805087883264,free_agent,7002,6,,,3,3
2024,complete,1,1094399391227518976,free_agent,8157,6,,,,
2024,complete,1,1082419966139236352,free_agent,4455,5,,,,
2024,complete,1,1079941822081724416,free_agent,5890,10,,,,
2024,complete,1,1079931756045725696,free_agent,6869,7,,,,
2024,complete,1,1079931526147534848,free_agent,4464,7,,,7,7
2024,complete,1,1079911560765566976,free_agent,7593,11,,,1,1
2024,complete,1,1079468214729371648,free_agent,8756,5,,,,
2024,complete,1,1079465889759629312,trade,6786,8,5,,5,5
2024,complete,1,1079465889759629312,trade,7523,5,8,,8,8
2024,complete,1,1079465889759629312,trade,5854,8,5,,5,5
2024,complete,1,1074435141931425792,free_agent,862,1,,,,
2024,complete,1,1074435116077735936,free_agent,11256,1,,,,
2024,complete,1,1074435069093142528,free_agent,1476,1,,,,
2024,complete,1,1074435048268423168,free_agent,6694,1,,,,
2024,complete,1,1074435031239548928,free_agent,5374,1,,,,12
2024,complete,1,1074310440823349248,free_agent,1825,9,,,,
2024,complete,1,1074310403305299968,free_agent,2152,9,,,,
2024,complete,1,1073216200835915776,free_agent,9506,12,,,2,2
2024,complete,1,1073216178559967232,free_agent,9998,12,,,3,3
2024,complete,1,1072997177531629568,free_agent,5046,7,,,,
2024,complete,1,1072997012292829184,free_agent,10860,7,,,,
2024,complete,1,1071438280228401152,free_agent,4454,12,,,12,12
2024,complete,1,1071438249211523072,free_agent,5985,12,,,11,11
2024,complete,1,1065884893709664256,free_agent,10217,4,,,,
2024,complete,1,1065884708770217984,free_agent,8123,4,,,7,7
2024,complete,1,1065532468809236480,free_agent,3634,5,,,,
2024,complete,2,1141903916855103488,waiver,9480,,2,,,2
2024,complete,2,1141903916855103488,waiver,8171,2,,2,2,
2024,complete,2,1141886696079040512,waiver,7562,,6,5,,6
2024,complete,2,1141145946546610176,waiver,11590,,9,,9,9
2024,complete,2,1141145900040224768,waiver,11636,,9,,9,9
2024,complete,2,1141021970885160960,waiver,5374,,12,,12,
2024,complete,2,1141021970885160960,waiver,7587,12,,12,,
2024,complete,3,1144563510442360832,waiver,8208,,1,,,1
2024,complete,3,1144468974642835456,waiver,5938,,9,,,9
2024,complete,3,1144468974642835456,waiver,10219,9,,9,9,
2024,complete,3,1143574328366247936,waiver,4972,,9,,9,9
2024,complete,3,1143574328366247936,waiver,10870,9,,9,,
2024,complete,3,1142139340571697152,waiver,829,,12,,12,12
2024,complete,3,1142139340571697152,waiver,5374,12,,12,,
2024,complete,4,1146996263628644352,waiver,8159,8,,8,8,
2024,complete,4,1146996263628644352,waiver,11603,,8,,,8
2024,complete,4,1145744375868211200,waiver,10231,,8,,8,8
2024,complete,5,1149357029614522368,free_agent,10863,3,,3,,
2024,complete,5,1147713461204537344,free_agent,7537,7,,7,,
2024,complete,5,1147392584625520640,free_agent,11292,8,,8,,
2024,complete,6,1152118005141348352,waiver,6694,,5,,,5
2024,complete,6,1152118005141348352,waiver,4314,5,,5,5,
2024,complete,6,1152052575114579968,waiver,11636,9,,9,9,
2024,complete,6,1152052575114579968,waiver,7989,,9,,,9
2024,complete,6,1152052438493425664,waiver,11590,9,,9,9,
2024,complete,6,1152052438493425664,waiver,6039,,9,,,9
2024,complete,6,1152006199282364416,waiver,9504,,8,,,8
2024,complete,6,1151010551070568448,waiver,4054,,6,,6,6
2024,complete,6,1149774848508534784,waiver,10218,,12,,12,12
2024,complete,6,1149774848508534784,waiver,8188,12,,12,,
2024,complete,6,1149672906130087936,waiver,7587,,12,,12,
2024,complete,6,1149672906130087936,waiver,4454,12,,12,,
2024,complete,6,1149672776677056512,waiver,4219,,12,,12,
2024,complete,6,1149672776677056512,waiver,8180,12,,12,,10
2024,complete,7,1154704943962681344,waiver,5917,,5,,,5
2024,complete,7,1154704943962681344,waiver,11783,5,,5,5,
2024,complete,7,1154612799201517568,waiver,8172,9,,9,9,
2024,complete,7,1154612799201517568,waiver,8249,,9,,,9
2024,complete,7,1154612672013500416,waiver,9227,9,,9,9,
2024,complete,7,1154612672013500416,waiver,10862,,9,,,9
2024,complete,7,1154531104070795264,waiver,5008,2,,2,2,
2024,complete,7,1154531104070795264,waiver,3200,,2,,,2
2024,complete,7,1154077210429530112,trade,6803,10,3,10,10,3
2024,complete,7,1154077210429530112,trade,11655,3,10,3,3,10
2024,complete,7,1153655224075206656,waiver,5010,,12,,12,12
2024,complete,7,1153655224075206656,waiver,7587,12,,12,,
2024,complete,7,1152518936693653504,waiver,4219,12,,12,,
2024,complete,7,1152518936693653504,waiver,11895,,12,,12,12
2024,complete,7,1152424153664860160,waiver,8180,,10,,10,10
2024,complete,7,1152424153664860160,waiver,8140,10,,10,,
2024,complete,8,1157191077401653248,trade,2133,10,4,10,10,10
2024,complete,8,1157189665938587648,free_agent,6960,5,,5,5,
2024,complete,8,1157141482055516160,waiver,5938,9,,9,9,
2024,complete,8,1157141482055516160,waiver,10218,,9,12,,9
2024,complete,8,1157140264553869312,trade,8137,10,3,10,10,3
2024,complete,8,1157140264553869312,trade,4881,10,3,10,10,3
2024,complete,8,1157140264553869312,trade,9229,3,10,3,3,10
2024,complete,8,1157140264553869312,trade,7564,3,10,3,3,10
2024,complete,8,1156706384461877248,waiver,6598,10,,10,10,
2024,complete,8,1156706384461877248,waiver,3634,,10,,,10
2024,complete,8,1156230518061613056,waiver,7812,,10,,10,10
2024,complete,8,1156230518061613056,waiver,6074,10,,10,,
2024,complete,8,1154862192089522176,waiver,2381,,12,,12,
2024,complete,8,1154862192089522176,waiver,10218,12,,12,,9
2024,complete,9,1159707126844178432,waiver,7989,9,,9,9,
2024,complete,9,1159707126844178432,waiver,8159,,9,,,9
2024,complete,9,1159559193574215680,waiver,7496,,2,,,2
2024,complete,9,1159495070111068160,waiver,4454,,10,,,10
2024,complete,9,1157418062598017024,waiver,8013,,12,,12,
2024,complete,9,1157417828698406912,free_agent,2381,12,,12,,
2024,complete,9,1157367608442912768,trade,7588,2,7,2,7,7
2024,complete,9,1157357059332055040,trade,421,10,5,10,5,5
2024,complete,10,1162267825306890240,waiver,10214,,7,,,7
2024,complete,10,1162267825306890240,waiver,1049,7,,7,7,
2024,complete,10,1161272517416562688,waiver,5086,,12,,12,12
2024,complete,10,1161272517416562688,waiver,8013,12,,12,,
2024,complete,11,1164797635665149952,waiver,6920,8,,8,8,
2024,complete,11,1164797635665149952,waiver,8917,,8,,,8
2024,complete,11,1164248119693950976,waiver,829,12,,12,,
2024,complete,11,1164248119693950976,waiver,11292,,12,,12,12
2024,complete,11,1162826794391650304,free_agent,7607,2,,2,,
2024,complete,12,1167363899843366912,waiver,4274,,10,,,10
2024,complete,12,1167357990723346432,waiver,4219,,5,,,5
2024,complete,12,1166448479787552768,free_agent,4089,1,,1,,
2024,complete,12,1166447415097143296,trade,11635,1,7,1,7,7
2024,complete,12,1166447415097143296,trade,3321,7,1,7,1,1
2024,complete,12,1166447415097143296,trade,5859,7,1,7,1,1
2024,complete,12,1166447415097143296,trade,4033,7,1,7,7,1
2024,complete,12,1166447415097143296,trade,11565,1,7,1,7,7
2024,complete,12,1166405934764310528,waiver,5938,,11,,11,11
2024,complete,12,1166405832209211392,waiver,3202,,11,,11,11
2024,complete,12,1166405785354780672,waiver,2359,,11,,11,11
2024,complete,12,1166077807030554624,free_agent,4080,5,,5,,
2024,complete,12,1165810389305782272,waiver,3357,,1,,1,1
2024,complete,12,1165810389305782272,waiver,11580,1,,1,,
2024,complete,13,1169840281639030784,waiver,9227,,9,,,9
2024,complete,13,1169840281639030784,waiver,6820,9,,9,9,
2024,complete,13,1169840202966298624,waiver,8177,,9,,,9
2024,complete,13,1169840202966298624,waiver,8249,9,,9,9,
2024,complete,13,1167895407114235904,waiver,10219,,10,,10,10
2024,complete,13,1167895407114235904,waiver,3634,10,,10,,
2024,complete,13,1167874275055882240,free_agent,7066,8,,8,,
2024,complete,14,1172435295023955968,waiver,2711,8,,8,8,
2024,complete,14,1172435295023955968,waiver,8220,,8,,,8
2024,complete,14,1171181281112076288,free_agent,7812,10,,10,,
2024,complete,14,1170559107477770240,waiver,6963,,4,,4,4
2024,complete,14,1170472354586152960,free_agent,5970,8,,8,,
2024,complete,14,1170468084184895488,free_agent,7601,5,,5,,
2024,complete,14,1170398288034668544,trade,11646,5,3,5,3,3
2024,complete,14,1170398288034668544,trade,7002,3,5,3,5,5
2024,complete,14,1170251978660954112,trade,11563,3,5,3,5,5
2024,complete,14,1170251978660954112,trade,6819,5,3,5,3,3
2024,complete,14,1170230666085314560,trade,10866,3,8,3,8,8
2024,complete,14,1170226524453298176,trade,9756,3,7,3,7,7
2024,complete,15,1174908771700654080,waiver,4351,,11,,,11
2024,complete,15,1174908771700654080,waiver,4985,11,,11,11,
2024,complete,15,1173099879167438848,waiver,7066,,9,,9,9
2024,complete,15,1173099855812759552,free_agent,9227,9,,9,,
2024,complete,15,1172684785269981184,free_agent,9220,10,,10,,
2024,complete,15,1172598499607773184,waiver,8583,,5,,5,5
2024,complete,15,1172598417357389824,free_agent,6694,5,,5,,
2024,complete,15,1172598379591876608,free_agent,11574,5,,5,,
2024,complete,16,1177554855081938944,waiver,7607,,1,,,1
2024,complete,16,1177285910838755328,waiver,3271,,12,,,12
2024,complete,16,1177285910838755328,waiver,11292,12,,12,12,
2024,complete,16,1177285691931496448,waiver,11370,,12,,,12
2024,complete,16,1177285691931496448,waiver,11895,12,,12,12,
2024,complete,17,1179131371281141760,waiver,4177,8,,8,,
2024,complete,17,1179131371281141760,waiver,6659,,8,,8,8
2024,complete,17,1178806024126902272,waiver,8255,,4,,4,
2024,complete,17,1178806024126902272,waiver,3199,4,,4,,4
2024,complete,17,1177742271156920320,free_agent,2078,10,,10,,
2025,complete,1,1269793677857804288,waiver,4219,,7,,7,7
2025,complete,1,1269454021966430208,free_agent,6845,5,,,,
2025,complete,1,1269430314095095808,free_agent,12515,12,,,,
2025,complete,1,1269124835208859649,waiver,4040,,8,,8,8
2025,complete,1,1269018419676585984,free_agent,9230,1,,,,
2025,complete,1,1268267391414980608,trade,4983,5,12,,12,12
2025,complete,1,1268267391414980608,trade,4137,5,12,,12,12
2025,complete,1,1266567942661734400,waiver,7608,2,,,,
2025,complete,1,1266567942661734400,waiver,4234,,2,,2,2
2025,complete,1,1266567879386476544,waiver,6820,2,,,,
2025,complete,1,1266567879386476544,waiver,11633,,2,,2,2
2025,complete,1,1266567430507864065,free_agent,9227,2,,,,
2025,complete,1,1266567367484260352,free_agent,7602,2,,,,
2025,complete,1,1266540774879674368,waiver,11256,,3,,3,3
2025,complete,1,1266540774879674368,waiver,11592,3,,,,
2025,complete,1,1266503878594023424,free_agent,12688,7,,,,
2025,complete,1,1266179601625780224,waiver,12462,3,,,,
2025,complete,1,1266179601625780224,waiver,6111,,3,,3,3
2025,complete,1,1266179564967575552,waiver,9999,,3,,3,3
2025,complete,1,1264993466857820160,free_agent,11647,3,,,,
2025,complete,1,1264991594054963200,free_agent,9998,3,,,,
2025,complete,1,1264795646271967232,trade,5892,5,3,,3,3
2025,complete,1,1264795646271967232,trade,5846,5,3,,3,3
2025,complete,1,1264790491656892416,trade,8183,5,1,,1,1
2025,complete,1,1264781329979936768,free_agent,6011,1,,,,
2025,complete,1,1262673925213536256,free_agent,5248,8,,,,
2025,complete,1,1260674353440239616,waiver,12515,,12,,,
2025,complete,1,1260674264214802432,free_agent,2028,12,,,,
2025,complete,1,1260654960173912064,waiver,9230,,1,,,
2025,complete,1,1260100126781751296,trade,8144,12,4,,4,4
2025,complete,1,1259618145698586624,free_agent,7605,3,,,,
2025,complete,1,1259610841687265280,waiver,5970,,11,,11,11
2025,complete,1,1259610495929815040,waiver,9497,,11,,11,11
2025,complete,1,1259610311565004800,trade,4892,11,3,,3,3
2025,complete,1,1259610311565004800,trade,6790,3,11,,11,11
2025,complete,1,1259610311565004800,trade,6813,11,3,,3,3
2025,complete,1,1259610311565004800,trade,11560,3,11,,11,11
2025,complete,1,1259610311565004800,trade,7090,11,3,,3,3
2025,complete,1,1259371236639657984,free_agent,3257,3,,,,
2025,complete,1,1259301248121704448,trade,1466,6,3,,3,3
2025,complete,1,1257954407836827648,waiver,5955,,8,,8,8
2025,complete,1,1257954387251183616,waiver,12503,,8,,8,8
2025,complete,1,1257417666285551616,waiver,11199,7,,,,
2025,complete,1,1257417666285551616,waiver,4147,,7,,7,7
2025,complete,1,1254165621122269184,waiver,827,,10,,10,10
2025,complete,1,1254165621122269184,waiver,4454,10,,,,7
2025,complete,1,1254157028897599488,waiver,12715,,1,,1,1
2025,complete,1,1253181879901749249,waiver,6039,,7,,7,7
2025,complete,1,1253181705687142400,waiver,11371,,7,,7,
2025,complete,1,1253181307035320320,free_agent,9999,7,,,3,3
2025,complete,1,1251687237477748736,free_agent,4068,6,,,,
2025,complete,1,1246144447595429888,waiver,12866,,5,,5,5
2025,complete,1,1245966084553576448,waiver,9505,1,,,,
2025,complete,1,1245966084553576448,waiver,2505,,1,,1,1
2025,complete,1,1242640115692474369,waiver,11645,9,,,,
2025,complete,1,1242640115692474369,waiver,10213,,9,,9,9
2025,complete,1,1242640060365418496,waiver,6945,,9,,9,9
2025,complete,1,1242640060365418496,waiver,6039,9,,,7,7
2025,complete,1,1242639829917761536,waiver,11650,,9,,9,9
2025,complete,1,1242639829917761536,waiver,8177,9,,,,7
2025,complete,1,1239532041721098240,free_agent,3225,4,,,,
2025,complete,1,1239532006090493952,free_agent,8255,4,,,,
2025,complete,1,1238204668123815936,trade,4199,5,2,,2,2
2025,complete,1,1238204668123815936,trade,9753,5,2,,2,2
2025,complete,1,1238204668123815936,trade,8134,2,5,,5,5
2025,complete,1,1237128892427280384,waiver,6945,7,,,9,9
2025,complete,1,1237128892427280384,waiver,12470,,7,,7,7
2025,complete,1,1236326490174390272,waiver,11616,,7,,7,
2025,complete,1,1236326490174390272,waiver,6111,7,,,3,3
2025,complete,1,1236326294166196224,waiver,12542,,7,,7,7
2025,complete,1,1236326294166196224,waiver,10214,7,,,,
2025,complete,1,1234871764790554624,waiver,12688,,7,,,
2025,complete,1,1231489995546570752,free_agent,11650,12,,,9,9
2025,complete,1,1230591930564366336,free_agent,10218,9,,,,7
2025,complete,1,1230209583599861760,waiver,12473,,1,,1,1
2025,complete,1,1230209565564346368,waiver,12544,,1,,1,1
2025,complete,1,1230209467937734656,waiver,7562,,1,,1,1
2025,complete,1,1230209213817430016,free_agent,10223,1,,,,
2025,complete,1,1230209099191296000,free_agent,10857,1,,,,
2025,complete,1,1230209075728355328,free_agent,8208,1,,,,
2025,complete,1,1230209059181834240,free_agent,11748,1,,,,
2025,complete,1,1230209039703478272,free_agent,7593,1,,,,
2025,complete,1,1230209003821207552,free_agent,7607,1,,,,
2025,complete,1,1230208940009062400,free_agent,4111,1,,,,
2025,complete,1,1230084130813779968,free_agent,4464,7,,,,
2025,complete,1,1229710930930061312,waiver,12670,,5,,5,5
2025,complete,1,1229710178056675328,free_agent,11570,8,,,,
2025,complete,1,1228949595434795008,waiver,12738,,5,,5,5
2025,complete,1,1228949497892048896,waiver,13074,,5,,5,5
2025,complete,1,1228949318954655744,waiver,12523,,5,,5,5
2025,complete,1,1228885047772196864,waiver,8168,2,,,,
2025,complete,1,1228885047772196864,waiver,9227,,2,,,
2025,complete,1,1228884733925003264,waiver,6820,,2,,,
2025,complete,1,1228884733925003264,waiver,4029,2,,,,
2025,complete,1,1228884712886386688,free_agent,6659,8,,,,
2025,complete,1,1228884656229732352,waiver,6828,,2,,2,2
2025,complete,1,1228884656229732352,waiver,3200,2,,,,
2025,complete,1,1228884594489556992,waiver,3164,2,,,,
2025,complete,1,1228884594489556992,waiver,10219,,2,,2,2
2025,complete,1,1228883641912791040,free_agent,4951,2,,,,
2025,complete,1,1228869851418730496,waiver,12472,,5,,5,5
2025,complete,1,1228869793545723904,waiver,12478,,5,,5,5
2025,complete,1,1228869656446504960,free_agent,8583,5,,,,
2025,complete,1,1228869493053214720,free_agent,827,5,,,10,10
2025,complete,1,1228869447972835328,free_agent,5854,5,,,,
2025,complete,1,1228620555498835968,waiver,12520,,5,,5,5
2025,complete,1,1228620468064354304,waiver,12482,,5,,5,5
2025,complete,1,1228620349503979520,waiver,12534,,5,,5,5
2025,complete,1,1228620194197282816,waiver,19,,5,,5,5
2025,complete,1,1228495478149107712,waiver,7562,6,,,1,1
2025,complete,1,1228495478149107712,waiver,12500,,6,,6,6
2025,complete,1,1228494295284056064,waiver,7587,,6,,6,6
2025,complete,1,1228494295284056064,waiver,3286,6,,,,
2025,complete,1,1228493124683177984,waiver,12485,,6,,6,6
2025,complete,1,1228492394484211712,waiver,12641,,6,,6,6
2025,complete,1,1228489460891529216,waiver,12634,,6,,6,6
2025,complete,1,1228489306687950848,waiver,12493,,7,,7,
2025,complete,1,1228489275281002496,waiver,12541,,7,,7,7
2025,complete,1,1228489248022200320,waiver,12496,,6,,6,6
2025,complete,1,1228463620711514112,waiver,12533,,10,,10,10
2025,complete,1,1228463421813440512,free_agent,11595,10,,,,
2025,complete,1,1228457247433052160,free_agent,4274,10,,,,
2025,complete,1,1228457178487074816,free_agent,1535,10,,,,
2025,complete,1,1228457141212295168,free_agent,10219,10,,,2,2
2025,complete,1,1228457094672285696,free_agent,4149,10,,,,
2025,complete,1,1228450898326343680,waiver,829,,3,,3,3
2025,complete,1,1228450801169465344,waiver,12516,,3,,3,3
2025,complete,1,1228450783935078400,waiver,12462,,3,,,
2025,complete,1,1228450748811984896,waiver,12502,,3,,3,3
2025,complete,1,1228435007366758400,waiver,12540,,11,,11,11
2025,complete,1,1228432561580023808,free_agent,5086,12,,,,
2025,complete,1,1228432469955444736,free_agent,11370,12,,,,
2025,complete,1,1228432384525877248,free_agent,11605,12,,,,
2025,complete,1,1228428624508489728,free_agent,6126,11,,,,
2025,complete,1,1228424554615951360,free_agent,3161,3,,,,
2025,complete,1,1228424517328588800,free_agent,8206,3,,,,
2025,complete,1,1228424333085388800,free_agent,8219,3,,,,
2025,complete,1,1228424292580995072,free_agent,8147,3,,,,
2025,complete,1,1227636269224300544,free_agent,7610,6,,,,
2025,complete,1,1227491927159480320,trade,6794,3,11,,11,11
2025,complete,1,1227491927159480320,trade,4866,11,3,,3,3
2025,complete,1,1227491927159480320,trade,11620,11,3,,3,3
2025,complete,1,1227482770289205248,trade,9480,2,6,,6,6
2025,complete,1,1227457736753549312,trade,5844,11,3,,3,3
2025,complete,1,1227373695320731648,free_agent,11567,8,,,,
2025,complete,1,1227354654619209728,trade,8228,5,6,,6,6
2025,complete,1,1227354654619209728,trade,4137,6,5,,12,12
2025,complete,1,1227325369762189312,free_agent,6886,11,,,,
2025,complete,1,1227325331921195008,free_agent,2359,11,,,,
2025,complete,1,1227324203833761792,trade,5844,6,11,,3,3
2025,complete,1,1227324203833761792,trade,6813,6,11,,3,3
2025,complete,1,1227200195721175040,free_agent,11616,5,,,7,
2025,complete,1,1227200050002677760,free_agent,6865,5,,,,
2025,complete,1,1227038554387922944,free_agent,8207,6,,,,
2025,complete,1,1227038528479703040,free_agent,4147,6,,,7,7
2025,complete,1,1227037491006033920,free_agent,10215,6,,,,
2025,complete,1,1227037470038695936,free_agent,4054,6,,,,
2025,complete,1,1227037445522997248,free_agent,5695,6,,,,
2025,complete,1,1227037424715046912,free_agent,8230,6,,,,
2025,complete,1,1227037219148009474,free_agent,5284,6,,,,
2025,complete,1,1227037157567246337,free_agent,6136,6,,,,
2025,complete,1,1227037123010363393,free_agent,4040,6,,,8,8
2025,complete,1,1226155520730091520,free_agent,6938,7,,,,
2025,complete,1,1226155495098695680,free_agent,8123,7,,,,
2025,complete,1,1216326005350744064,free_agent,8118,4,,,,
2025,complete,1,1216325747405238272,free_agent,5110,4,,,,
2025,complete,1,1216267355395457024,trade,6806,2,3,,3,3
2025,complete,1,1216267355395457024,trade,6819,3,2,,2,2
2025,complete,1,1211960257526382592,free_agent,8220,8,,,,
2025,complete,1,1211415205511168000,free_agent,5127,11,,,,
2025,complete,1,1211415150465142784,free_agent,6421,11,,,,
2025,complete,1,1207012756897673216,free_agent,4234,5,,,2,2
2025,complete,1,1207012555457839104,free_agent,5185,5,,,,
2025,complete,1,1206780991444619264,free_agent,7066,9,,,,
2025,complete,1,1206780522408189952,free_agent,8159,9,,,,
2025,complete,1,1206780472139468800,free_agent,10862,9,,,,
2025,complete,1,1205092455037288448,free_agent,19,7,,,5,5
2025,complete,1,1204936855502454784,free_agent,11582,1,,,,
2025,complete,1,1204936841648689152,free_agent,3357,1,,,,
2025,complete,1,1203959912737017856,free_agent,11568,5,,,,
2025,complete,1,1203959878020759552,free_agent,11815,5,,,,
2025,complete,1,1203959791077044224,free_agent,4219,5,,,7,7
2025,complete,1,1200261599642791936,free_agent,4973,7,,,,
2025,complete,1,1200261050633560064,free_agent,8116,7,,,,
2025,complete,1,1197407872544153600,trade,11618,3,7,,7,7
2025,complete,1,1197407872544153600,trade,11646,3,7,,7,7
2025,complete,1,1197407872544153600,trade,6790,7,3,,11,11
2025,complete,1,1197407872544153600,trade,6803,3,7,,7,7
2025,complete,1,1197403533582811136,free_agent,7083,3,,,,
2025,complete,1,1197403436174282752,free_agent,11729,3,,,,
2025,complete,1,1197403402317864960,free_agent,9497,3,,,11,11
2025,complete,1,1197399044691873792,trade,8151,8,3,,3,3
2025,complete,1,1197024323857031168,free_agent,6828,7,,,2,2
2025,complete,1,1197024252398673920,free_agent,8195,7,,,,
2025,complete,1,1196991942420865024,trade,8676,12,2,,2,2
2025,complete,1,1196991942420865024,trade,11583,12,2,,2,2
2025,complete,1,1196926464352587776,free_agent,5917,5,,,,
2025,complete,1,1188158814009171968,free_agent,6853,2,,,,
2025,complete,1,1182654273843118080,free_agent,10213,3,,,9,9
2025,complete,2,1273810418829119488,waiver,3161,,8,,,8
2025,complete,2,1273810264843640832,free_agent,10225,8,,8,8,
2025,complete,2,1272982363286024192,free_agent,2309,6,,6,,
2025,complete,2,1272982311276654592,free_agent,11617,6,,6,,
2025,complete,2,1272960420482662400,waiver,11571,7,,7,7,
2025,complete,2,1272960420482662400,waiver,11370,,7,,,7
2025,complete,2,1272960261334011904,waiver,8177,,7,,7,
2025,complete,2,1272960261334011904,waiver,12493,7,,7,,
2025,complete,2,1272253551074119680,free_agent,10871,1,,1,,
2025,complete,2,1272144209607946240,trade,421,5,1,5,1,1
2025,complete,2,1271703462131826688,waiver,8698,,11,,11,11
2025,complete,2,1271571014035193856,waiver,11616,7,,7,,
2025,complete,2,1271571014035193856,waiver,10218,,7,,7,7
2025,complete,2,1271570906963021824,waiver,11439,7,,7,,
2025,complete,2,1271570906963021824,waiver,4454,,7,,7,7
2025,complete,2,1271570869725974528,waiver,8188,,7,,7,7
2025,complete,2,1271497726873321472,free_agent,11371,7,,7,,
2025,complete,3,1276423983717191681,waiver,11199,,5,,,5
2025,complete,3,1276423760857014272,waiver,3200,,5,,,5
2025,complete,3,1276402596487122944,free_agent,2749,6,,6,6,
2025,complete,3,1276402504459915264,free_agent,5987,6,,6,6,
2025,complete,3,1276337481641390080,waiver,829,3,,3,3,
2025,complete,3,1276337481641390080,waiver,12493,,3,,,3
2025,complete,3,1276161884067745792,waiver,6938,7,,,7,
2025,complete,3,1276161884067745792,waiver,11299,,7,,,7
2025,complete,3,1275453890057244672,waiver,6938,,7,,7,
2025,complete,3,1275453890057244672,waiver,11435,7,,7,,2
2025,complete,3,1274848546310328320,waiver,6869,,7,,7,
2025,complete,3,1274848334183399424,free_agent,8177,7,,7,,
2025,complete,4,1278947811336929280,waiver,11571,,5,,,5
2025,complete,4,1277855740043743232,free_agent,6869,7,,7,,
2025,complete,4,1277148715315912704,waiver,7694,,6,,6,6
2025,complete,4,1276996300373524480,waiver,11435,,2,,2,2
2025,complete,4,1276996300373524480,waiver,4082,2,,2,,
2025,complete,4,1276996177992114176,waiver,5937,2,,2,,
2025,complete,4,1276996177992114176,waiver,8123,,2,,2,2
2025,complete,5,1281453052338921472,waiver,5955,8,,8,8,
2025,complete,5,1281453052338921472,waiver,11783,,8,,,8
2025,complete,5,1281452465656451072,waiver,11647,,8,,,8
2025,complete,5,1281452465656451072,waiver,10232,8,,8,8,10
2025,complete,5,1280538877135699968,free_agent,5010,12,,12,,
2025,complete,5,1280530581515423744,waiver,4995,,7,,7,
2025,complete,5,1280530581515423744,waiver,9481,7,,7,,
2025,complete,5,1279712973891321856,waiver,2749,,12,,12,12
2025,complete,5,1279622044761210880,free_agent,10231,8,,8,,
2025,complete,5,1279345087632916480,waiver,7607,,12,,12,12
2025,complete,5,1279345087632916480,waiver,8162,12,,12,,
2025,complete,5,1279228441605996544,waiver,8122,,7,,7,7
2025,complete,6,1284042850505351168,waiver,9487,8,,8,8,
2025,complete,6,1284042850505351168,waiver,11994,,8,,,8
2025,complete,6,1283959732410810368,waiver,7535,7,,,7,11
2025,complete,6,1283959732410810368,waiver,9479,,7,,,7
2025,complete,6,1283563471232856064,waiver,11371,,7,,,7
2025,complete,6,1283563471232856064,waiver,4219,7,,7,7,2
2025,complete,6,1282705734361948160,waiver,7535,,7,,7,11
2025,complete,6,1282705734361948160,waiver,4995,7,,7,,
2025,complete,6,1282705542791303168,waiver,11834,7,,7,,
2025,complete,6,1282705542791303168,waiver,3257,,7,,7,7
2025,complete,6,1281962767049330688,waiver,3286,,10,,10,10
2025,complete,6,1281962602712297472,waiver,10232,,10,8,10,10
2025,complete,7,1286519987242037248,waiver,829,,9,,,9
2025,complete,7,1286519987242037248,waiver,4972,9,,9,9,
2025,complete,7,1285255215141908480,waiver,3269,,7,,7,7
2025,complete,7,1285255215141908480,waiver,11370,7,,7,,
2025,complete,7,1284695393308807168,waiver,7535,,11,7,11,11
2025,complete,7,1284644074871083008,waiver,11579,2,,2,,
2025,complete,7,1284644074871083008,waiver,4219,,2,7,2,2
2025,complete,8,1289089728762638336,waiver,12775,,5,,,5
2025,complete,8,1288157019718557696,free_agent,2197,5,,5,,
2025,complete,8,1288157001364312064,free_agent,7596,5,,5,,
2025,complete,8,1287964521968717824,waiver,10218,,4,7,4,4
2025,complete,8,1287964507460612096,waiver,7083,,4,,4,4
2025,complete,8,1287957972634329088,free_agent,9511,3,,3,,
2025,complete,8,1287839832411766784,trade,2307,2,3,2,3,3
2025,complete,8,1287558257900007424,waiver,11371,7,,7,,
2025,complete,8,1287558257900007424,waiver,8172,,7,,7,7
2025,complete,8,1287231383151841280,waiver,9492,10,,10,,
2025,complete,8,1287231383151841280,waiver,6853,,10,,10,10
2025,complete,8,1286838996252512256,waiver,9487,,7,,7,7
2025,complete,8,1286838996252512256,waiver,10218,7,,7,4,4
2025,complete,9,1291700482749796352,waiver,11834,,1,,,1
2025,complete,9,1291629909961084928,waiver,9481,,12,,,12
2025,complete,9,1291629909961084928,waiver,2749,12,,12,12,
2025,complete,9,1291593085079269376,waiver,2306,9,,9,9,
2025,complete,9,1291593085079269376,waiver,7585,,9,,,9
2025,complete,9,1291577394620035072,trade,19,5,4,5,5,4
2025,complete,9,1290809885172195328,waiver,11510,,5,,5,5
2025,complete,9,1290330488531091456,waiver,12412,,7,,7,7
2025,complete,9,1290330488531091456,waiver,11299,7,,7,,
2025,complete,9,1289387066295062528,free_agent,5985,11,,11,,
2025,complete,9,1289387019750871040,free_agent,8129,11,,11,,
2025,complete,9,1289386986431344640,free_agent,8161,11,,11,,
2025,complete,10,1294123531927310336,waiver,4574,3,,3,3,
2025,complete,10,1294123531927310336,waiver,8208,,3,,,3
2025,complete,10,1293002635216957440,free_agent,6945,9,,9,,
2025,complete,10,1292331678529757184,free_agent,4179,4,,4,,
2025,complete,10,1292328071122141184,trade,11199,5,4,5,4,4
2025,complete,11,1296757319727587328,waiver,11377,,5,,,5
2025,complete,11,1296645735806169088,waiver,829,9,,9,9,
2025,complete,11,1296645735806169088,waiver,4972,,9,,,9
2025,complete,11,1295718978575949824,waiver,7891,,5,,5,5
2025,complete,11,1295602352354525184,waiver,11439,,3,,3,3
2025,complete,11,1295602352354525184,waiver,6111,3,,3,,
2025,complete,11,1294364614821187584,waiver,10235,12,,12,,
2025,complete,11,1294364614821187584,waiver,4177,,12,,12,12
2025,complete,11,1294364429726535680,waiver,7607,12,,12,,
2025,complete,11,1294364429726535680,waiver,2306,,12,,12,12
2025,complete,12,1299237545694986240,waiver,11994,8,,8,8,
2025,complete,12,1299237545694986240,waiver,8147,,8,,,8
2025,complete,13,1301846171785920512,waiver,5096,2,,2,2,
2025,complete,13,1301846171785920512,waiver,8800,,2,,,2
2025,complete,13,1301846071663661056,waiver,6588,,2,,,2
2025,complete,13,1301846071663661056,waiver,11633,2,,2,2,
2025,complete,13,1301843881645580288,waiver,4177,12,,12,12,
2025,complete,13,1301843881645580288,waiver,6865,,12,,,12
2025,complete,13,1301777996574625792,waiver,4040,8,,8,8,
2025,complete,13,1301777996574625792,waiver,9511,,8,,,8
2025,complete,13,1300873251655815168,free_agent,1234,6,,6,,
2025,complete,13,1300544368750399488,waiver,7607,,2,,2,2
2025,complete,13,1300173066034233344,waiver,11579,,3,,3,3
2025,complete,13,1300173066034233344,waiver,8208,3,,3,,
2025,complete,13,1299515428485214208,free_agent,11599,5,,5,,
2025,complete,13,1299515346767601664,free_agent,11510,5,,5,,
2025,complete,13,1299510379197509632,free_agent,3200,5,,5,,
2025,complete,13,1299413664981319680,waiver,9757,9,,9,,
2025,complete,13,1299413664981319680,waiver,8129,,9,,9,9
2025,complete,13,1299413499948072960,waiver,4972,9,,9,,
2025,complete,13,1299413499948072960,waiver,2152,,9,,9,9
2025,complete,14,1303179868220948480,waiver,8139,4,,4,,
2025,complete,14,1303179868220948480,waiver,9220,,4,,4,4
2025,complete,14,1302753289917435904,free_agent,11256,3,,3,,
2025,complete,14,1302181489152126976,free_agent,13074,5,,5,,
2025,complete,15,1306719823278899200,waiver,6011,,9,,,9
2025,complete,15,1306719823278899200,waiver,2152,9,,9,9,
2025,complete,15,1305913690834374656,waiver,11623,7,,7,,
2025,complete,15,1305913690834374656,waiver,12658,,7,,7,7
2025,complete,15,1305772116733353984,waiver,4454,7,,7,,
2025,complete,15,1305772116733353984,waiver,11068,,7,,7,7
2025,complete,15,1305771994700087296,waiver,3269,7,,7,,
2025,complete,15,1305771994700087296,waiver,12538,,7,,7,7
2025,complete,15,1304697224365621248,waiver,6920,,12,,12,
2025,complete,15,1304697224365621248,waiver,3271,12,,12,,
2025,complete,15,1304696435106680832,waiver,6151,12,,12,,
2025,complete,15,1304696435106680832,waiver,331,,12,,12,12
2025,complete,16,1309432124641652736,waiver,8413,,2,,,2
2025,complete,16,1309432124641652736,waiver,6828,2,,2,2,
2025,complete,16,1309432020241248256,waiver,8161,,2,,,2
2025,complete,16,1309432020241248256,waiver,4234,2,,2,2,
2025,complete,16,1309296569878614016,waiver,8129,9,,9,9,
2025,complete,16,1309296569878614016,waiver,260,,9,,,9
2025,complete,16,1309259493921546240,waiver,4177,,9,,,
2025,complete,16,1309259315973988352,free_agent,6011,9,,,9,
2025,complete,16,1308486676636516352,waiver,12412,7,,7,,
2025,complete,16,1308486676636516352,waiver,11645,,7,,7,7
2025,complete,16,1308486466069884928,waiver,9757,,7,,7,7
2025,complete,16,1308486466069884928,waiver,8122,7,,7,,
2025,complete,16,1307509705916043264,waiver,11588,,12,,12,12
2025,complete,16,1307509705916043264,waiver,6920,12,,12,,
2025,complete,17,1310633708859953152,waiver,8145,,9,,9,9
2025,complete,17,1310633708859953152,waiver,4177,9,,,,
2025,complete,17,1309647587090903040,waiver,11650,9,,9,,
2025,complete,17,1309647587090903040,waiver,10231,,9,,9,9
2026,in_season,1,1403940155710099456,waiver,4574,,7,,7,7
2026,in_season,1,1403940155710099456,waiver,13264,7,,,,
2026,in_season,1,1403669988262281216,waiver,8127,,11,,11,11
2026,in_season,1,1402595362300047360,free_agent,9999,3,,,,
2026,in_season,1,1402538622573346816,free_agent,11596,12,,,,
2026,in_season,1,1402538388778672128,free_agent,9501,12,,,,
2026,in_season,1,1400934628230967296,waiver,13425,,6,,6,6
2026,in_season,1,1400934556055425024,free_agent,12457,6,,,,
2026,in_season,1,1400933951408701440,waiver,13394,,7,,7,7
2026,in_season,1,1400187139152465920,waiver,9757,,2,,2,2
2026,in_season,1,1400187139152465920,waiver,7496,2,,,,
2026,in_season,1,1400186969614454784,waiver,4219,2,,,,
2026,in_season,1,1400186969614454784,waiver,2078,,2,,2,2
2026,in_season,1,1400186854187266048,waiver,7607,2,,,,
2026,in_season,1,1400186854187266048,waiver,11370,,2,,2,2
2026,in_season,1,1400123875915788288,waiver,11237,,3,,3,3
2026,in_season,1,1399990084647800832,waiver,12494,,8,,8,8
2026,in_season,1,1399990084647800832,waiver,8917,8,,,,
2026,in_season,1,1399912905746485248,waiver,13338,,10,,10,10
2026,in_season,1,1399830269300592640,waiver,7090,,7,,7,7
2026,in_season,1,1399830269300592640,waiver,8188,7,,,,
2026,in_season,1,1399829745159434240,waiver,13264,,7,,,
2026,in_season,1,1399829745159434240,waiver,12470,7,,,,
2026,in_season,1,1399829587705249792,trade,11635,7,2,,2,2
2026,in_season,1,1399829587705249792,trade,12519,2,7,,7,7
2026,in_season,1,1399061948514992128,free_agent,13335,5,,,,
2026,in_season,1,1399061911017947136,free_agent,12482,5,,,,
2026,in_season,1,1399061853539180544,free_agent,10444,5,,,,
2026,in_season,1,1398795257012928512,free_agent,12511,6,,,,
2026,in_season,1,1398795210506371072,free_agent,12500,6,,,,
2026,in_season,1,1398533298296221696,free_agent,1339,1,,,,
2026,in_season,1,1398533252095995904,free_agent,12715,1,,,,
2026,in_season,1,1398533231543902208,free_agent,12473,1,,,,
2026,in_season,1,1398533114103332864,free_agent,7562,1,,,,
2026,in_season,1,1398532502880055296,trade,5022,5,1,,1,1
2026,in_season,1,1398459104514609152,free_agent,6588,2,,,,
2026,in_season,1,1398459024936087552,free_agent,8413,2,,,,
2026,in_season,1,1398458917884837888,free_agent,8123,2,,,,
2026,in_season,1,1398295350539771904,waiver,7610,,3,,3,3
2026,in_season,1,1398295335050170368,waiver,7591,,3,,3,3
2026,in_season,1,1397661398883934208,waiver,7090,3,,,7,7
2026,in_season,1,1397661398883934208,waiver,11589,,3,,3,3
2026,in_season,1,1397661260388044800,waiver,11600,3,,,,
2026,in_season,1,1397661260388044800,waiver,827,,3,,3,3
2026,in_season,1,1397659852125319168,trade,9482,3,2,,2,2
2026,in_season,1,1397650275640045568,waiver,11565,,10,,10,10
2026,in_season,1,1397650275640045568,waiver,7591,10,,,3,3
2026,in_season,1,1397403868400259072,waiver,13726,,7,,7,7
2026,in_season,1,1397403868400259072,waiver,11589,7,,,3,3
2026,in_season,1,1397377390161743872,waiver,13329,,7,,7,7
2026,in_season,1,1397377390161743872,waiver,13338,7,,,10,10
2026,in_season,1,1397377238877409280,waiver,13602,,7,,7,7
2026,in_season,1,1397377238877409280,waiver,11565,7,,,10,10
2026,in_season,1,1397376963265437696,free_agent,9479,7,,,,
2026,in_season,1,1397376913747554304,free_agent,11370,7,,,2,2
2026,in_season,1,1392683598452097024,free_agent,3161,8,,,,
2026,in_season,1,1392683552667107328,free_agent,10866,8,,,,
2026,in_season,1,1392683515274878976,free_agent,7670,8,,,,
2026,in_season,1,1392683461000560640,free_agent,11621,8,,,,
2026,in_season,1,1392683339567091712,free_agent,13300,8,,,,
2026,in_season,1,1391835829466316800,waiver,12541,7,,,,
2026,in_season,1,1391835829466316800,waiver,13533,,7,,7,7
2026,in_season,1,1388670356440489984,waiver,13338,,7,,10,10
2026,in_season,1,1388670356440489984,waiver,12505,7,,,,
2026,in_season,1,1388275842991259648,waiver,11575,,7,,7,7
2026,in_season,1,1372644729237274624,free_agent,12462,10,,,,
2026,in_season,1,1372642735592312832,waiver,12048,,3,,3,3
2026,in_season,1,1372632251652665344,trade,12483,10,3,,3,3
2026,in_season,1,1372632251652665344,trade,11620,3,10,,10,10
2026,in_season,1,1372632251652665344,trade,1466,3,10,,10,10
2026,in_season,1,1367524136787660800,free_agent,12496,6,,,,
2026,in_season,1,1367307241136332800,waiver,8143,7,,,,
2026,in_season,1,1367307241136332800,waiver,12505,,7,,,
2026,in_season,1,1366847011327873024,waiver,13307,,5,,5,5
2026,in_season,1,1366846965668651008,waiver,13418,,5,,5,5
2026,in_season,1,1366846921750089728,waiver,13322,,5,,5,5
2026,in_season,1,1366846877869281280,waiver,13335,,5,,,
2026,in_season,1,1366846802728329216,waiver,13435,,5,,5,5
2026,in_season,1,1366846740199653376,waiver,13477,,5,,5,5
2026,in_season,1,1366807289066962944,waiver,6011,,5,,5,5
2026,in_season,1,1366807179180380160,waiver,13348,,5,,5,5
2026,in_season,1,1366807155918786560,waiver,13392,,5,,5,5
2026,in_season,1,1366807124838989824,waiver,13413,,5,,5,5
2026,in_season,1,1366807100625256448,waiver,13324,,5,,5,5
2026,in_season,1,1366807061249146880,waiver,13411,,5,,5,5
2026,in_season,1,1366788803611627520,free_agent,8221,11,,,,
2026,in_season,1,1365395478040031232,waiver,12462,,10,,,
2026,in_season,1,1365049653392863232,waiver,13401,,10,,10,10
2026,in_season,1,1364809417509306368,waiver,8143,,7,,,
2026,in_season,1,1364809417509306368,waiver,12658,7,,,,
2026,in_season,1,1364809071168876544,waiver,11370,,7,,2,2
2026,in_season,1,1364809071168876544,waiver,12860,7,,,,
2026,in_season,1,1364797040713830400,waiver,13296,,10,,10,10
2026,in_season,1,1364797040713830400,waiver,8119,10,,,,
2026,in_season,1,1364791631420588032,waiver,5938,11,,,,
2026,in_season,1,1364791631420588032,waiver,4177,,11,,11,11
2026,in_season,1,1364791421583785984,waiver,6039,,11,,11,11
2026,in_season,1,1364791421583785984,waiver,4351,11,,,,
2026,in_season,1,1364653026542899200,free_agent,5857,10,,,,
2026,in_season,1,1364653011846062080,free_agent,12505,10,,,,
2026,in_season,1,1364652997442822144,free_agent,11651,10,,,,
2026,in_season,1,1364652978417467392,free_agent,11575,10,,,7,7
2026,in_season,1,1364652963838070784,free_agent,11557,10,,,,
2026,in_season,1,1364575277304283136,free_agent,12542,7,,,,
2026,in_season,1,1364575220823764992,free_agent,9757,7,,,2,2
2026,in_season,1,1364575143711485952,free_agent,12048,7,,,3,3
2026,in_season,1,1364470527929901056,free_agent,12634,6,,,,
2026,in_season,1,1364124547611127808,free_agent,11588,12,,,,
2026,in_season,1,1363204848379527168,trade,2216,2,10,,10,10
2026,in_season,1,1362673860360548352,trade,11655,9,10,,10,10
2026,in_season,1,1362668082488688640,free_agent,1837,3,,,,
2026,in_season,1,1362666212911235072,trade,12502,3,10,,10,10
2026,in_season,1,1362666212911235072,trade,8126,10,3,,3,3
2026,in_season,1,1362666212911235072,trade,5844,3,10,,10,10
2026,in_season,1,1362666212911235072,trade,4993,10,3,,3,3
2026,in_season,1,1362535797860896768,trade,12484,9,8,,8,8
2026,in_season,1,1362316408792297472,trade,96,6,12,,12,12
2026,in_season,1,1362316408792297472,trade,11624,12,6,,6,6
2026,in_season,1,1361775482080620544,free_agent,331,12,,,,
2026,in_season,1,1361758230799196160,commissioner,11559,,10,,10,10
2026,in_season,1,1361758230799196160,commissioner,11604,,10,,10,10
2026,in_season,1,1361758230799196160,commissioner,12510,,10,,10,10
2026,in_season,1,1361758230799196160,commissioner,12483,,10,,3,3
2026,in_season,1,1361758230799196160,commissioner,11576,,10,,10,10
2026,in_season,1,1361758230799196160,commissioner,11575,,10,,7,7
2026,in_season,1,1361758230799196160,commissioner,12507,,10,,10,10
2026,in_season,1,1361758230799196160,commissioner,12487,,10,,10,10
2026,in_season,1,1361758230799196160,commissioner,9500,,10,,10,10
2026,in_season,1,1361758230799196160,commissioner,9221,,10,,10,10
2026,in_season,1,1361758230799196160,commissioner,11628,,10,,10,10
2026,in_season,1,1361758230799196160,commissioner,9226,,10,,10,10
2026,in_season,1,1361758230799196160,commissioner,10229,,10,,10,10
2026,in_season,1,1361758230799196160,commissioner,9758,,10,,10,10
2026,in_season,1,1361758230799196160,commissioner,7527,,10,,10,10
2026,in_season,1,1361758230799196160,commissioner,7591,,10,,3,3
2026,in_season,1,1361758230799196160,commissioner,11557,,10,,,
2026,in_season,1,1361758230799196160,commissioner,8119,,10,,,
2026,in_season,1,1361758230799196160,commissioner,12505,,10,,,
2026,in_season,1,1361758230799196160,commissioner,5857,,10,,,
2026,in_season,1,1361758230799196160,commissioner,12545,,10,,10,10
2026,in_season,1,1361758230799196160,commissioner,9224,,10,,10,10
2026,in_season,1,1361758230799196160,commissioner,9502,,10,,10,10
2026,in_season,1,1361758230799196160,commissioner,11651,,10,,,
2026,in_season,1,1361758230799196160,commissioner,9229,,10,,10,10
2026,in_season,1,1361758230799196160,commissioner,9508,,10,,10,10
2026,in_season,1,1361758230799196160,commissioner,7526,,10,,10,10
2026,in_season,1,1361758230799196160,commissioner,8126,,10,,3,3
2026,in_season,1,1361758230799196160,commissioner,4993,,10,,3,3
2026,in_season,1,1361758230799196160,commissioner,8180,,10,,10,10
2026,in_season,1,1361757184827871232,commissioner,11655,,9,,10,10
2026,in_season,1,1361757130889129984,commissioner,11655,10,,,10,10
2026,in_season,1,1361757027994468352,commissioner,12529,,9,,9,9
2026,in_season,1,1361757027994468352,commissioner,12526,,9,,9,9
2026,in_season,1,1361757027994468352,commissioner,9494,,9,,9,9
2026,in_season,1,1361757027994468352,commissioner,8160,,9,,9,9
2026,in_season,1,1361757027994468352,commissioner,11564,,9,,9,9
2026,in_season,1,1361757027994468352,commissioner,7585,,9,,9,9
2026,in_season,1,1361757027994468352,commissioner,7564,,9,,9,9
2026,in_season,1,1361757027994468352,commissioner,8150,,9,,9,9
2026,in_season,1,1361757027994468352,commissioner,12535,,9,,9,9
2026,in_season,1,1361757027994468352,commissioner,11632,,9,,9,9
2026,in_season,1,1361757027994468352,commissioner,8205,,9,,9,9
2026,in_season,1,1361757027994468352,commissioner,10213,,9,,9,9
2026,in_season,1,1361757027994468352,commissioner,11597,,9,,9,9
2026,in_season,1,1361757027994468352,commissioner,12533,,9,,9,9
2026,in_season,1,1361757027994468352,commissioner,8154,,9,,9,9
2026,in_season,1,1361757027994468352,commissioner,9484,,9,,9,9
2026,in_season,1,1361757027994468352,commissioner,10232,,9,,9,9
2026,in_season,1,1361757027994468352,commissioner,7828,,9,,9,9
2026,in_season,1,1361757027994468352,commissioner,12484,,9,,8,8
2026,in_season,1,1361757027994468352,commissioner,7049,,9,,9,9
2026,in_season,1,1361757027994468352,commissioner,4017,,9,,9,9
2026,in_season,1,1361757027994468352,commissioner,7567,,9,,9,9
2026,in_season,1,1361757027994468352,commissioner,7571,,9,,9,9
2026,in_season,1,1361755981515624448,commissioner,11604,9,,,10,10
2026,in_season,1,1361755981515624448,commissioner,11575,9,,,7,7
2026,in_season,1,1361755981515624448,commissioner,9494,9,,,9,9
2026,in_season,1,1361755981515624448,commissioner,7585,9,,,9,9
2026,in_season,1,1361755981515624448,commissioner,9221,9,,,10,10
2026,in_season,1,1361755981515624448,commissioner,11628,9,,,10,10
2026,in_season,1,1361755981515624448,commissioner,9226,9,,,10,10
2026,in_season,1,1361755981515624448,commissioner,7527,9,,,10,10
2026,in_season,1,1361755981515624448,commissioner,12505,9,,,,
2026,in_season,1,1361755981515624448,commissioner,9484,9,,,9,9
2026,in_season,1,1361755981515624448,commissioner,10231,9,,,,
2026,in_season,1,1361755981515624448,commissioner,12545,9,,,10,10
2026,in_season,1,1361755981515624448,commissioner,9224,9,,,10,10
2026,in_season,1,1361755981515624448,commissioner,9502,9,,,10,10
2026,in_season,1,1361755981515624448,commissioner,9508,9,,,10,10
2026,in_season,1,1361755981515624448,commissioner,8126,9,,,3,3
2026,in_season,1,1361755981515624448,commissioner,4017,9,,,9,9
2026,in_season,1,1361755981515624448,commissioner,7571,9,,,9,9
2026,in_season,1,1361755981515624448,commissioner,12529,9,,,9,9
2026,in_season,1,1361755981515624448,commissioner,12526,9,,,9,9
2026,in_season,1,1361755981515624448,commissioner,260,9,,,,
2026,in_season,1,1361755981515624448,commissioner,8145,9,,,,
2026,in_season,1,1361755981515624448,commissioner,11564,9,,,9,9
2026,in_season,1,1361755981515624448,commissioner,9500,9,,,10,10
2026,in_season,1,1361755981515624448,commissioner,11640,9,,,,
2026,in_season,1,1361755981515624448,commissioner,10229,9,,,10,10
2026,in_season,1,1361755981515624448,commissioner,11632,9,,,9,9
2026,in_season,1,1361755981515624448,commissioner,10213,9,,,9,9
2026,in_season,1,1361755981515624448,commissioner,5857,9,,,,
2026,in_season,1,1361755981515624448,commissioner,7526,9,,,10,10
2026,in_season,1,1361755981515624448,commissioner,8205,9,,,9,9
2026,in_season,1,1361755981515624448,commissioner,9758,9,,,10,10
2026,in_season,1,1361755886770466816,commissioner,11559,10,,,10,10
2026,in_season,1,1361755886770466816,commissioner,12510,10,,,10,10
2026,in_season,1,1361755886770466816,commissioner,12483,10,,,3,3
2026,in_season,1,1361755886770466816,commissioner,11576,10,,,10,10
2026,in_season,1,1361755886770466816,commissioner,8225,10,,,,
2026,in_season,1,1361755886770466816,commissioner,12507,10,,,10,10
2026,in_season,1,1361755886770466816,commissioner,8160,10,,,9,9
2026,in_season,1,1361755886770466816,commissioner,12487,10,,,10,10
2026,in_season,1,1361755886770466816,commissioner,7564,10,,,9,9
2026,in_season,1,1361755886770466816,commissioner,4171,10,,,,
2026,in_season,1,1361755886770466816,commissioner,6853,10,,,,
2026,in_season,1,1361755886770466816,commissioner,7567,10,,,9,9
2026,in_season,1,1361755886770466816,commissioner,7591,10,,,3,3
2026,in_season,1,1361755886770466816,commissioner,11557,10,,,,
2026,in_season,1,1361755886770466816,commissioner,11597,10,,,9,9
2026,in_season,1,1361755886770466816,commissioner,8119,10,,,,
2026,in_season,1,1361755886770466816,commissioner,11619,10,,,,
2026,in_season,1,1361755886770466816,commissioner,12533,10,,,9,9
2026,in_season,1,1361755886770466816,commissioner,8154,10,,,9,9
2026,in_season,1,1361755886770466816,commissioner,10232,10,,,9,9
2026,in_season,1,1361755886770466816,commissioner,7828,10,,,9,9
2026,in_season,1,1361755886770466816,commissioner,11651,10,,,,
2026,in_season,1,1361755886770466816,commissioner,9229,10,,,10,10
2026,in_season,1,1361755886770466816,commissioner,3286,10,,,,
2026,in_season,1,1361755886770466816,commissioner,4993,10,,,3,3
2026,in_season,1,1361755886770466816,commissioner,12484,10,,,8,8
2026,in_season,1,1361755886770466816,commissioner,7049,10,,,9,9
2026,in_season,1,1361755886770466816,commissioner,12535,10,,,9,9
2026,in_season,1,1361755886770466816,commissioner,8180,10,,,10,10
2026,in_season,1,1361755886770466816,commissioner,827,10,,,3,3
2026,in_season,1,1361755886770466816,commissioner,8150,10,,,9,9
2026,in_season,1,1361743426558627840,free_agent,12538,7,,,,
2026,in_season,1,1361743276629032960,free_agent,12520,5,,,,
2026,in_season,1,1361743230206500864,free_agent,11377,5,,,,
2026,in_season,1,1361743145070510080,free_agent,12478,5,,,,
2026,in_season,1,1361743111381856256,free_agent,7561,5,,,,
2026,in_season,1,1361743074639745024,free_agent,12775,5,,,,
2026,in_season,1,1361743051621400576,free_agent,12523,5,,,,
2026,in_season,1,1361743006050316288,free_agent,12738,5,,,,
2026,in_season,1,1361742965650767872,free_agent,12472,5,,,,
2026,in_season,1,1361742878367301632,free_agent,7891,5,,,,
2026,in_season,1,1361742857475485696,free_agent,12866,5,,,,
2026,in_season,1,1352759813339090944,free_agent,6943,11,,,,
2026,in_season,1,1344865780319150080,free_agent,11577,3,,,,
2026,in_season,1,1336900421330927616,free_agent,11629,6,,,,
2026,in_season,1,1336900199817175040,free_agent,7587,6,,,,
2026,in_season,1,1336900162265550848,free_agent,4988,6,,,,
2026,in_season,1,1336900141914816512,free_agent,8143,6,,,,
2026,in_season,1,1336474408042131456,free_agent,9220,4,,,,
2026,in_season,1,1336474345731547136,free_agent,5133,4,,,,
2026,in_season,1,1336474302089797632,free_agent,6963,4,,,,
2026,in_season,1,1336472967424528384,trade,8121,4,3,,3,3
2026,in_season,1,1336472967424528384,trade,5846,3,4,,4,4
2026,in_season,1,1336472967424528384,trade,6783,4,3,,3,3
2026,in_season,1,1335317674908999680,free_agent,6039,7,,,11,11
2026,in_season,1,1327866728750813184,free_agent,11579,3,,,,
2026,in_season,1,1327866689609568256,free_agent,11439,3,,,,
2026,in_season,1,1324427557566697472,free_agent,1689,10,,,,
2026,in_season,1,1323086058946039808,waiver,11645,7,,,,
2026,in_season,1,1323086058946039808,waiver,12048,,7,,3,3
2026,in_season,1,1323085866435878912,waiver,11068,7,,,,
2026,in_season,1,1323085866435878912,waiver,12860,,7,,,
