season,transaction_week,transaction_type,transaction_id,status_updated_ms,status_updated_utc,created_ms,created_utc,player_id,drop_from,add_to,owner_w_minus_1,owner_w,owner_w_plus_1,waiver_bid,consistent,reason
2023,17,waiver,1046472834236850176,1703923215637,2023-12-30T08:00:15.637000+00:00,1703861075508,2023-12-29T14:44:35.508000+00:00,5122,3,,3,,3,0,False,W+1 still owned by drop_from
2023,17,waiver,1046472732139057152,1703923215637,2023-12-30T08:00:15.637000+00:00,1703861051166,2023-12-29T14:44:11.166000+00:00,11370,3,,3,,3,0,False,W+1 still owned by drop_from
2023,17,waiver,1045932310371250176,1703750997397,2023-12-28T08:09:57.397000+00:00,1703732204576,2023-12-28T02:56:44.576000+00:00,9490,3,,3,,3,0,False,W+1 still owned by drop_from
2023,17,waiver,1045932247104282624,1703750997397,2023-12-28T08:09:57.397000+00:00,1703732189492,2023-12-28T02:56:29.492000+00:00,5880,3,,3,,3,0,False,W+1 still owned by drop_from
2023,17,waiver,1045804860878401536,1703750997397,2023-12-28T08:09:57.397000+00:00,1703701818249,2023-12-27T18:30:18.249000+00:00,8254,3,,3,,3,0,False,W+1 still owned by drop_from
2023,17,waiver,1045804668481396736,1703750997397,2023-12-28T08:09:57.397000+00:00,1703701772378,2023-12-27T18:29:32.378000+00:00,6878,3,,3,,3,0,False,W+1 still owned by drop_from
2024,8,trade,1157191077401653248,1730428253196,2024-11-01T02:30:53.196000+00:00,1730258361724,2024-10-30T03:19:21.724000+00:00,2133,10,4,10,10,10,,False,W+1 still owned by drop_from; W+1 owner != add_to
2024,17,waiver,1178806024126902272,1735491986734,2024-12-29T17:06:26.734000+00:00,1735411766609,2024-12-28T18:49:26.609000+00:00,3199,4,,4,,4,45,False,W+1 still owned by drop_from
2025,6,waiver,1282705734361948160,1760198993918,2025-10-11T16:09:53.918000+00:00,1760183387894,2025-10-11T11:49:47.894000+00:00,7535,,7,,7,11,0,False,W+1 owner != add_to
