season,week,player_id,player_name,position,fantasy_points,weekly_worp,volume,volume_metric,carries,targets,receptions,pass_attempts,scrimmage_yards,pass_yards,total_tds
2023,18,3161,Carson Wentz,QB,42.52,0.2976008515625,41.0,pass attempts + carries,17.0,0.0,0.0,24.0,56.0,163.0,3.0
2023,18,827,Tyrod Taylor,QB,35.28,0.2241883203124999,40.0,pass attempts + carries,8.0,0.0,0.0,32.0,38.0,297.0,1.0
2023,16,4972,Mason Rudolph,QB,36.9,0.2070475390625,29.0,pass attempts + carries,2.0,0.0,0.0,27.0,4.0,290.0,2.0
2024,18,9230,Tanner McKee,QB,34.96,0.1980728125,44.0,pass attempts + carries,3.0,0.0,0.0,41.0,1.0,269.0,2.0
2023,15,6185,Easton Stick,QB,32.78,0.1629134453125,34.0,pass attempts + carries,2.0,0.0,0.0,32.0,11.0,257.0,3.0
2023,13,19,Joe Flacco,QB,24.16,0.1469628828124999,44.0,pass attempts + carries,0.0,0.0,0.0,44.0,0.0,254.0,2.0
2025,18,9230,Tanner McKee,QB,18.34,0.1127026796874999,42.0,pass attempts + carries,2.0,0.0,0.0,40.0,3.0,241.0,1.0
2025,16,8161,Malik Willis,QB,22.74,0.1079278203124999,21.0,pass attempts + carries,10.0,0.0,0.0,11.0,44.0,121.0,1.0
2023,17,2549,Trevor Siemian,QB,25.54,0.097934375,49.0,pass attempts + carries,4.0,0.0,0.0,45.0,13.0,261.0,1.0
2023,18,4972,Mason Rudolph,QB,21.88,0.088217578125,22.0,pass attempts + carries,2.0,0.0,0.0,20.0,-1.0,152.0,1.0
2023,16,6185,Easton Stick,QB,25.5,0.0881924531249999,40.0,pass attempts + carries,7.0,0.0,0.0,33.0,25.0,215.0,1.0
2023,18,3362,Jeff Driskel,QB,21.34,0.0829067187499999,33.0,pass attempts + carries,7.0,0.0,0.0,26.0,33.0,166.0,2.0
2023,16,7585,Davis Mills,QB,24.76,0.0806063359375,34.0,pass attempts + carries,2.0,0.0,0.0,32.0,9.0,149.0,2.0
2023,11,6111,Jake Browning,QB,14.52,0.076458765625,18.0,pass attempts + carries,4.0,0.0,0.0,14.0,40.0,68.0,1.0
2023,15,3257,Jacoby Brissett,QB,23.76,0.0730397109375,12.0,pass attempts + carries,2.0,0.0,0.0,10.0,9.0,124.0,2.0
2024,4,4219,Jeremy McNichols,RB,23.0,0.1559520546875,9.0,carries + targets,8.0,1.0,1.0,0.0,74.0,0.0,2.0
2023,18,6908,La'Mical Perine,RB,20.1,0.1164748437499999,25.0,carries + targets,21.0,4.0,3.0,0.0,109.0,0.0,0.0
2025,15,11588,Jawhar Jordan,RB,21.3,0.1061356640624999,17.0,carries + targets,15.0,2.0,2.0,0.0,118.0,0.0,0.0
2023,11,6039,Ty Johnson,RB,16.4,0.1048116484375,6.0,carries + targets,3.0,3.0,3.0,0.0,58.0,0.0,1.0
2024,5,4718,Dare Ogunbowale,RB,19.2,0.1039502421874999,22.0,carries + targets,15.0,7.0,6.0,0.0,87.0,0.0,0.0
2024,7,6996,JaMycal Hasty,RB,16.6,0.0951804140625,7.0,carries + targets,2.0,5.0,5.0,0.0,47.0,0.0,1.0
2024,14,8220,Sincere McCormick,RB,15.9,0.0880274921875,18.0,carries + targets,15.0,3.0,2.0,0.0,89.0,0.0,0.0
2024,4,4718,Dare Ogunbowale,RB,16.8,0.0844156875,6.0,carries + targets,2.0,4.0,4.0,0.0,54.0,0.0,1.0
2024,5,2359,Ameer Abdullah,RB,17.099999999999998,0.082734546875,8.0,carries + targets,5.0,3.0,3.0,0.0,51.0,0.0,1.0
2023,2,6984,Tony Jones,RB,18.8,0.081571484375,14.0,carries + targets,12.0,2.0,0.0,0.0,34.0,0.0,2.0
2025,13,7537,Jaret Patterson,RB,14.6,0.0704784843749999,11.0,carries + targets,11.0,0.0,0.0,0.0,54.0,0.0,1.0
2024,18,6984,Tony Jones,RB,14.3,0.06455925,4.0,carries + targets,4.0,0.0,0.0,0.0,55.0,0.0,1.0
2024,3,6039,Ty Johnson,RB,15.2,0.0604682734375,6.0,carries + targets,3.0,3.0,3.0,0.0,46.0,0.0,1.0
2023,5,6659,Craig Reynolds,RB,13.6,0.058861125,7.0,carries + targets,7.0,0.0,0.0,0.0,52.0,0.0,1.0
2025,13,8800,Malik Davis,RB,13.3,0.0550446328124999,3.0,carries + targets,3.0,0.0,0.0,0.0,47.0,0.0,1.0
2023,9,4234,Noah Brown,WR,32.8,0.252336953125,6.0,targets,0.0,6.0,6.0,0.0,153.0,0.0,1.0
2023,1,4454,Kendrick Bourne,WR,24.9,0.1968073593750001,11.0,targets,0.0,11.0,6.0,0.0,64.0,0.0,2.0
2024,10,7595,Tylan Wallace,WR,25.0,0.1817495546874999,3.0,targets,0.0,3.0,3.0,0.0,115.0,0.0,1.0
2023,17,8204,Bo Melton,WR,26.0,0.1788746874999999,9.0,targets,0.0,9.0,6.0,0.0,105.0,0.0,1.0
2025,5,11783,Ryan Flournoy,WR,24.8,0.16727221875,9.0,targets,2.0,9.0,6.0,0.0,124.0,0.0,0.0
2023,18,6927,Quez Watkins,WR,24.8,0.160029296875,11.0,targets,0.0,11.0,8.0,0.0,93.0,0.0,1.0
2023,2,8756,Brandon Johnson,WR,23.6,0.15277165625,3.0,targets,0.0,3.0,2.0,0.0,66.0,0.0,2.0
2024,12,4274,David Moore,WR,22.6,0.151760046875,10.0,targets,0.0,10.0,6.0,0.0,81.0,0.0,1.0
2024,14,4351,Tim Patrick,WR,23.8,0.149995171875,7.0,targets,0.0,7.0,6.0,0.0,43.0,0.0,2.0
2023,8,2410,Jamison Crowder,WR,24.5,0.1393185859375,7.0,targets,0.0,7.0,7.0,0.0,95.0,0.0,1.0
2025,18,6699,Gunner Olszewski,WR,21.200000000000003,0.1349003359375,9.0,targets,0.0,9.0,8.0,1.0,102.0,0.0,0.0
2023,18,10226,Andrei Iosivas,WR,21.6,0.128031578125,7.0,targets,0.0,7.0,5.0,0.0,36.0,0.0,2.0
2025,11,11377,Tyrell Shavers,WR,22.0,0.1274142265625,5.0,targets,0.0,5.0,4.0,0.0,90.0,0.0,1.0
2025,10,4177,Mack Hollins,WR,20.6,0.1192786796874999,10.0,targets,0.0,10.0,6.0,0.0,106.0,0.0,0.0
2024,11,8917,KaVontae Turpin,WR,21.6,0.1184197968749999,3.0,targets,0.0,3.0,3.0,0.0,86.0,0.0,1.0
2025,18,3271,Tyler Higbee,TE,29.1,0.2203844140625001,6.0,targets,0.0,6.0,5.0,0.0,91.0,0.0,1.0
2024,10,5409,Tanner Hudson,TE,25.5,0.1902259531249999,7.0,targets,1.0,7.0,6.0,0.0,43.0,0.0,1.0
2024,8,6869,Adam Trautman,TE,25.5,0.1797930078125,4.0,targets,0.0,4.0,4.0,0.0,85.0,0.0,1.0
2024,9,5973,Josh Oliver,TE,24.8,0.1702788984375001,5.0,targets,0.0,5.0,5.0,0.0,58.0,0.0,1.0
2025,16,10231,Elijah Higgins,TE,27.1,0.163803625,8.0,targets,0.0,8.0,7.0,0.0,91.0,0.0,0.0
2023,14,10214,Davis Allen,TE,21.0,0.1609411796875,5.0,targets,0.0,5.0,4.0,0.0,50.0,0.0,1.0
2024,18,5032,Jordan Akins,TE,26.0,0.1608856953125001,8.0,targets,0.0,8.0,6.0,0.0,60.0,0.0,1.0
2023,11,5973,Josh Oliver,TE,20.7,0.1569348515624999,4.0,targets,0.0,4.0,4.0,0.0,47.0,0.0,1.0
2024,13,7694,Tommy Tremble,TE,21.7,0.14040375,8.0,targets,0.0,8.0,5.0,0.0,77.0,0.0,0.0
2023,13,6850,Harrison Bryant,TE,21.9,0.1397900859374999,5.0,targets,0.0,5.0,5.0,0.0,49.0,0.0,1.0
2025,10,6865,Colby Parkinson,TE,21.1,0.130017859375,5.0,targets,0.0,5.0,4.0,0.0,41.0,0.0,1.0
2024,5,8127,Charlie Kolar,TE,21.8,0.129712296875,4.0,targets,1.0,4.0,3.0,0.0,66.0,0.0,1.0
2024,18,3271,Tyler Higbee,TE,22.6,0.127604921875,7.0,targets,0.0,7.0,5.0,0.0,46.0,0.0,1.0
2025,12,6865,Colby Parkinson,TE,20.1,0.1214093359374999,4.0,targets,0.0,4.0,4.0,0.0,41.0,0.0,1.0
2024,15,10212,Josh Whyle,TE,20.7,0.1151177734375,5.0,targets,0.0,5.0,5.0,0.0,37.0,0.0,1.0
