season,week,player_id,player_name,position,weekly_worp,fantasy_points,observed_state,capturability,reason,evidence_tx_week,evidence_tx_type,evidence_tx_id,evidence_created_utc
2023,1,2422,Blake Bell,TE,0.0340196015624999,11.2,FREE,CAPTURABLE,NO_RELEVANT_TRANSACTION_FOUND,,,,
2023,1,2251,Logan Thomas,TE,0.0598793046875,13.3,FREE,AMBIGUOUS,SAME_WEEK_TRANSACTION,1.0,waiver,999043200322961408,2023-08-20T17:36:09.583000+00:00
2023,1,5973,Josh Oliver,TE,0.0340196015624999,11.2,FREE,CAPTURABLE,NO_RELEVANT_TRANSACTION_FOUND,,,,
2023,1,7602,Kylen Granson,TE,0.0918649843749999,15.9,FREE,AMBIGUOUS,SAME_WEEK_TRANSACTION,1.0,free_agent,961752466750468096,2023-05-09T19:56:05.871000+00:00
2023,1,4454,Kendrick Bourne,WR,0.1968073593750001,24.9,FREE,AMBIGUOUS,SAME_WEEK_TRANSACTION,1.0,free_agent,956424665331699712,2023-04-25T03:05:19.027000+00:00
2023,1,4854,River Cracraft,WR,0.0612596796875,14.0,FREE,CAPTURABLE,NO_RELEVANT_TRANSACTION_FOUND,,,,
2023,1,8917,KaVontae Turpin,WR,0.0315958124999999,11.6,FREE,CAPTURABLE,NO_RELEVANT_TRANSACTION_FOUND,,,,
2023,1,5938,Lil'Jordan Humphrey,WR,0.0011818124999999,9.1,FREE,CAPTURABLE,NO_RELEVANT_TRANSACTION_FOUND,,,,
2023,1,5008,Durham Smythe,TE,0.0610921328124999,13.4,FREE,AMBIGUOUS,SAME_WEEK_TRANSACTION,1.0,waiver,985569786883059712,2023-07-14T13:17:37.495000+00:00
2023,1,6850,Harrison Bryant,TE,0.0255028359374999,10.5,FREE,AMBIGUOUS,SAME_WEEK_TRANSACTION,1.0,waiver,997012076256092160,2023-08-15T03:05:11.869000+00:00
2023,2,7496,Nick Westbrook-Ikhine,WR,0.0190080781249999,12.0,FREE,CAPTURABLE,PLAYER_FREE_BEFORE_WEEK,1.0,waiver,964579657737723904,2023-05-17T15:10:20.729000+00:00
2023,2,7716,John Bates,TE,0.0212771953124999,11.6,FREE,CAPTURABLE,NO_RELEVANT_TRANSACTION_FOUND,,,,
2023,2,2325,Nelson Agholor,WR,0.097072359375,18.8,FREE,CAPTURABLE,PLAYER_FREE_BEFORE_WEEK,1.0,free_agent,961727135058526208,2023-05-09T18:15:26.325000+00:00
2023,2,3634,Kalif Raymond,WR,0.0520206640625,14.9,FREE,CAPTURABLE,NO_RELEVANT_TRANSACTION_FOUND,,,,
2023,2,10220,Will Mallory,TE,0.0246773906249999,11.9,FREE,CAPTURABLE,NO_RELEVANT_TRANSACTION_FOUND,,,,
2023,2,7602,Kylen Granson,TE,0.0552430234374999,14.6,FREE,CAPTURABLE,PLAYER_FREE_BEFORE_WEEK,1.0,free_agent,961752466750468096,2023-05-09T19:56:05.871000+00:00
2023,2,5010,Will Dissly,TE,0.0201601406249999,11.5,FREE,AMBIGUOUS,TIMING_UNRESOLVED,3.0,waiver,1010422979869720576,2023-09-21T03:15:20.453000+00:00
2023,2,6865,Colby Parkinson,TE,0.0044806328124999,10.1,FREE,CAPTURABLE,PLAYER_FREE_BEFORE_WEEK,1.0,free_agent,958205450816622592,2023-04-30T01:01:31.372000+00:00
2023,2,8756,Brandon Johnson,WR,0.15277165625,23.6,FREE,CAPTURABLE,NO_RELEVANT_TRANSACTION_FOUND,,,,
2023,2,6984,Tony Jones,RB,0.081571484375,18.8,FREE,AMBIGUOUS,SAME_WEEK_TRANSACTION,2.0,waiver,1009932162071629824,2023-09-19T18:45:00.371000+00:00
2023,3,10221,Ronnie Bell,WR,0.0109123359375,10.9,FREE,AMBIGUOUS,SAME_WEEK_TRANSACTION,3.0,waiver,1011122070449156096,2023-09-23T01:33:16.635000+00:00
2023,3,4443,Pharaoh Brown,TE,0.111414640625,21.1,FREE,CAPTURABLE,NO_RELEVANT_TRANSACTION_FOUND,,,,
2023,3,3634,Kalif Raymond,WR,0.011768515625,11.0,FREE,CAPTURABLE,NO_RELEVANT_TRANSACTION_FOUND,,,,
2023,3,5973,Josh Oliver,TE,0.016619453125,10.4,FREE,CAPTURABLE,NO_RELEVANT_TRANSACTION_FOUND,,,,
2023,3,6865,Colby Parkinson,TE,0.0377354921875,12.8,FREE,CAPTURABLE,PLAYER_FREE_BEFORE_WEEK,2.0,waiver,1010068028375048192,2023-09-20T03:44:53.422000+00:00
2023,3,7568,Brevin Jordan,TE,0.0245391249999999,11.3,FREE,CAPTURABLE,NO_RELEVANT_TRANSACTION_FOUND,,,,
2023,3,2320,Melvin Gordon,RB,0.01851640625,11.0,FREE,AMBIGUOUS,SAME_WEEK_TRANSACTION,3.0,waiver,1012472415722532864,2023-09-26T18:59:04.037000+00:00
2023,3,3423,Robbie Chosen,WR,0.0630478203125,16.8,FREE,CAPTURABLE,NO_RELEVANT_TRANSACTION_FOUND,,,,
2023,3,616,Jimmy Graham,TE,0.002641984375,8.8,FREE,CAPTURABLE,NO_RELEVANT_TRANSACTION_FOUND,,,,
2023,3,6271,Olamide Zaccheaus,WR,0.0408528828124999,14.3,FREE,CAPTURABLE,NO_RELEVANT_TRANSACTION_FOUND,,,,
2023,4,7050,Josiah Deguara,TE,0.03631728125,12.4,FREE,CAPTURABLE,NO_RELEVANT_TRANSACTION_FOUND,,,,
2023,4,4054,Mo Alie-Cox,TE,0.0283959765624999,11.5,FREE,CAPTURABLE,NO_RELEVANT_TRANSACTION_FOUND,,,,
2023,4,8253,Deven Thompkins,WR,0.0794769374999999,17.299999999999997,FREE,CAPTURABLE,NO_RELEVANT_TRANSACTION_FOUND,,,,
2023,4,10212,Josh Whyle,TE,0.0468634999999999,13.6,FREE,CAPTURABLE,NO_RELEVANT_TRANSACTION_FOUND,,,,
2023,4,8111,Cade Otton,TE,0.0442661171874999,13.3,FREE,AMBIGUOUS,SAME_WEEK_TRANSACTION,4.0,free_agent,1013229011104784384,2023-09-28T21:05:30.433000+00:00
2023,4,5121,Braxton Berrios,WR,0.0911111171874999,18.6,FREE,AMBIGUOUS,SAME_WEEK_TRANSACTION,4.0,waiver,1014817947996516352,2023-10-03T06:19:22.509000+00:00
2023,4,7496,Nick Westbrook-Ikhine,WR,0.0732034140624999,16.6,FREE,AMBIGUOUS,SAME_WEEK_TRANSACTION,4.0,waiver,1014817977641934848,2023-10-03T06:19:29.577000+00:00
2023,4,8489,Drew Ogletree,TE,0.0929424843749999,18.8,FREE,CAPTURABLE,NO_RELEVANT_TRANSACTION_FOUND,,,,
2023,4,10234,Derius Davis,WR,0.0215736718749999,10.8,FREE,CAPTURABLE,NO_RELEVANT_TRANSACTION_FOUND,,,,
2023,5,827,Tyrod Taylor,QB,0.0026343203125,9.94,FREE,AMBIGUOUS,SAME_WEEK_TRANSACTION,5.0,waiver,1017354869654630400,2023-10-10T06:20:11.767000+00:00
2023,5,2325,Nelson Agholor,WR,0.036920484375,11.9,FREE,AMBIGUOUS,TIMING_UNRESOLVED,6.0,waiver,1020235464160268288,2023-10-18T05:06:39.015000+00:00
2023,5,2545,Geoff Swaim,TE,0.0023798515624999,8.2,FREE,CAPTURABLE,NO_RELEVANT_TRANSACTION_FOUND,,,,
2023,5,5374,Justin Watson,WR,0.0094767499999999,8.600000000000001,FREE,CAPTURABLE,NO_RELEVANT_TRANSACTION_FOUND,,,,
2023,5,6234,Deonte Harty,WR,0.0227196406249999,10.2,FREE,CAPTURABLE,NO_RELEVANT_TRANSACTION_FOUND,,,,
2023,5,7694,Tommy Tremble,TE,0.0015858984374999,8.1,FREE,CAPTURABLE,NO_RELEVANT_TRANSACTION_FOUND,,,,
2023,5,8181,Connor Heyward,RB,0.0315345859375,10.3,FREE,CAPTURABLE,NO_RELEVANT_TRANSACTION_FOUND,,,,
2023,5,5113,Cedrick Wilson,WR,0.0268771874999999,10.7,FREE,CAPTURABLE,NO_RELEVANT_TRANSACTION_FOUND,,,,
2023,5,8917,KaVontae Turpin,WR,0.0177544375,9.6,FREE,CAPTURABLE,NO_RELEVANT_TRANSACTION_FOUND,,,,
2023,5,5695,Brandon Powell,WR,0.0285860078125,10.9,FREE,CAPTURABLE,NO_RELEVANT_TRANSACTION_FOUND,,,,
2023,5,5985,Foster Moreau,TE,0.0056433046874999,8.6,FREE,CAPTURABLE,NO_RELEVANT_TRANSACTION_FOUND,,,,
2023,5,6598,Trenton Irwin,WR,0.0712376953124999,16.0,FREE,AMBIGUOUS,SAME_WEEK_TRANSACTION,5.0,waiver,1017354823420710912,2023-10-10T06:20:00.743000+00:00
2023,5,6659,Craig Reynolds,RB,0.058861125,13.6,FREE,CAPTURABLE,PLAYER_FREE_BEFORE_WEEK,4.0,waiver,1015003303723257856,2023-10-03T18:35:54.758000+00:00
2023,6,7536,Quintin Morris,TE,0.0292596171874999,9.5,FREE,CAPTURABLE,NO_RELEVANT_TRANSACTION_FOUND,,,,
2023,6,5985,Foster Moreau,TE,0.0755174999999999,13.3,FREE,CAPTURABLE,NO_RELEVANT_TRANSACTION_FOUND,,,,
2023,6,6865,Colby Parkinson,TE,0.0101207265625,7.9,FREE,CAPTURABLE,NO_RELEVANT_TRANSACTION_FOUND,,,,
2023,6,7694,Tommy Tremble,TE,0.0053411796874999,7.5,FREE,CAPTURABLE,NO_RELEVANT_TRANSACTION_FOUND,,,,
2023,6,11256,Tyson Bagent,QB,0.0122604609375,10.62,FREE,AMBIGUOUS,SAME_WEEK_TRANSACTION,6.0,waiver,1020078218918940672,2023-10-17T18:41:48.828000+00:00
2023,6,7064,Darrynton Evans,RB,0.0005414140624999,7.7,FREE,CAPTURABLE,NO_RELEVANT_TRANSACTION_FOUND,,,,
2023,7,5985,Foster Moreau,TE,0.0390982187499999,10.3,FREE,CAPTURABLE,NO_RELEVANT_TRANSACTION_FOUND,,,,
2023,7,4198,Jamal Agnew,WR,0.0041830703124999,8.200000000000001,FREE,CAPTURABLE,NO_RELEVANT_TRANSACTION_FOUND,,,,
2023,7,6865,Colby Parkinson,TE,0.0135154921874999,7.6,FREE,CAPTURABLE,NO_RELEVANT_TRANSACTION_FOUND,,,,
2023,7,8181,Connor Heyward,RB,0.00141215625,7.300000000000001,FREE,CAPTURABLE,NO_RELEVANT_TRANSACTION_FOUND,,,,
2023,7,4443,Pharaoh Brown,TE,0.0466697187499999,11.1,FREE,CAPTURABLE,NO_RELEVANT_TRANSACTION_FOUND,,,,
2023,7,10867,Jake Bobo,WR,0.0887364296874999,17.1,FREE,AMBIGUOUS,SAME_WEEK_TRANSACTION,7.0,waiver,1022730238943424512,2023-10-25T02:19:59.674000+00:00
2023,7,4335,P.J. Walker,QB,0.047963203125,7.52,FREE,CAPTURABLE,NO_RELEVANT_TRANSACTION_FOUND,,,,
2023,7,7064,Darrynton Evans,RB,0.0377623515624999,11.2,FREE,CAPTURABLE,NO_RELEVANT_TRANSACTION_FOUND,,,,
2023,7,5695,Brandon Powell,WR,0.0505154374999999,13.1,FREE,AMBIGUOUS,SAME_WEEK_TRANSACTION,7.0,waiver,1022599312800419840,2023-10-24T17:39:44.449000+00:00
2023,8,4234,Noah Brown,WR,0.0032488906249999,10.2,FREE,AMBIGUOUS,TIMING_UNRESOLVED,9.0,waiver,1027852188762148864,2023-11-08T05:32:47.672000+00:00
2023,8,4335,P.J. Walker,QB,0.0178384531249999,17.82,FREE,CAPTURABLE,NO_RELEVANT_TRANSACTION_FOUND,,,,
2023,8,7064,Darrynton Evans,RB,0.0466808046874999,14.8,FREE,CAPTURABLE,NO_RELEVANT_TRANSACTION_FOUND,,,,
2023,8,8489,Drew Ogletree,TE,0.031543765625,11.3,FREE,CAPTURABLE,NO_RELEVANT_TRANSACTION_FOUND,,,,
2023,8,8181,Connor Heyward,RB,0.0333970703125,13.4,FREE,CAPTURABLE,NO_RELEVANT_TRANSACTION_FOUND,,,,
2023,8,2410,Jamison Crowder,WR,0.1393185859375,24.5,FREE,CAPTURABLE,NO_RELEVANT_TRANSACTION_FOUND,,,,
2023,8,4443,Pharaoh Brown,TE,0.004086265625,8.3,FREE,CAPTURABLE,NO_RELEVANT_TRANSACTION_FOUND,,,,
2023,8,5773,KhaDarel Hodge,WR,0.0249562187499999,12.5,FREE,CAPTURABLE,NO_RELEVANT_TRANSACTION_FOUND,,,,
2023,8,7694,Tommy Tremble,TE,0.0324475,11.4,FREE,CAPTURABLE,NO_RELEVANT_TRANSACTION_FOUND,,,,
2023,9,7694,Tommy Tremble,TE,0.0004504687499999,6.2,FREE,CAPTURABLE,NO_RELEVANT_TRANSACTION_FOUND,,,,
2023,9,5409,Tanner Hudson,TE,0.0952280703125,15.5,FREE,AMBIGUOUS,TIMING_UNRESOLVED,10.0,waiver,1029263676081131520,2023-11-12T03:01:32.473000+00:00
2023,9,6001,Drew Sample,TE,0.09001371875,15.0,FREE,CAPTURABLE,NO_RELEVANT_TRANSACTION_FOUND,,,,
2023,9,11292,Tommy DeVito,QB,0.07149865625,14.0,FREE,AMBIGUOUS,SAME_WEEK_TRANSACTION,9.0,waiver,1027788877039300608,2023-11-08T01:21:12.981000+00:00
2023,9,4234,Noah Brown,WR,0.252336953125,32.8,FREE,AMBIGUOUS,SAME_WEEK_TRANSACTION,9.0,waiver,1027852188762148864,2023-11-08T05:32:47.672000+00:00
2023,9,5113,Cedrick Wilson,WR,0.0240635546874999,10.1,FREE,CAPTURABLE,NO_RELEVANT_TRANSACTION_FOUND,,,,
2023,9,5199,Byron Pringle,WR,0.023057703125,10.0,FREE,CAPTURABLE,NO_RELEVANT_TRANSACTION_FOUND,,,,
2023,9,5773,KhaDarel Hodge,WR,0.02821140625,10.5,FREE,CAPTURABLE,NO_RELEVANT_TRANSACTION_FOUND,,,,
2023,9,6970,Stephen Sullivan,TE,0.0467156796875,10.8,FREE,CAPTURABLE,NO_RELEVANT_TRANSACTION_FOUND,,,,
2023,10,7694,Tommy Tremble,TE,0.0116938046874999,8.6,FREE,CAPTURABLE,NO_RELEVANT_TRANSACTION_FOUND,,,,
2023,10,7106,Lawrence Cager,TE,0.0154693359375,9.0,FREE,CAPTURABLE,NO_RELEVANT_TRANSACTION_FOUND,,,,
2023,10,10212,Josh Whyle,TE,0.0023145468749999,7.6,FREE,CAPTURABLE,NO_RELEVANT_TRANSACTION_FOUND,,,,
2023,10,7587,Dyami Brown,WR,0.0441191484374999,12.6,FREE,CAPTURABLE,NO_RELEVANT_TRANSACTION_FOUND,,,,
2023,10,8181,Connor Heyward,RB,0.0289945468749999,10.2,FREE,CAPTURABLE,NO_RELEVANT_TRANSACTION_FOUND,,,,
2023,10,7716,John Bates,TE,0.016397546875,9.1,FREE,CAPTURABLE,NO_RELEVANT_TRANSACTION_FOUND,,,,
2023,10,11034,Jalen Brooks,WR,0.0143221796875,9.4,FREE,CAPTURABLE,NO_RELEVANT_TRANSACTION_FOUND,,,,
2023,10,6421,Jalen Guyton,WR,0.0629078281249999,14.6,FREE,AMBIGUOUS,SAME_WEEK_TRANSACTION,10.0,waiver,1030228133322088448,2023-11-14T18:53:56.998000+00:00
2023,10,6694,D'Ernest Johnson,RB,0.0053747812499999,7.600000000000001,FREE,CAPTURABLE,NO_RELEVANT_TRANSACTION_FOUND,,,,
2023,10,7891,Brock Wright,TE,0.0466918515625,12.3,FREE,CAPTURABLE,NO_RELEVANT_TRANSACTION_FOUND,,,,
2023,11,2325,Nelson Agholor,WR,0.0313393671874999,10.7,FREE,CAPTURABLE,PLAYER_FREE_BEFORE_WEEK,10.0,free_agent,1030397771745943552,2023-11-15T06:08:01.950000+00:00
2023,11,6111,Jake Browning,QB,0.076458765625,14.52,FREE,AMBIGUOUS,SAME_WEEK_TRANSACTION,11.0,waiver,1032776238017990656,2023-11-21T19:39:12.499000+00:00
2023,11,5970,Greg Dortch,WR,0.0894179843749999,15.6,FREE,AMBIGUOUS,SAME_WEEK_TRANSACTION,11.0,waiver,1032879673140740096,2023-11-22T02:30:13.354000+00:00
2023,11,7694,Tommy Tremble,TE,0.0137171953124999,8.4,FREE,CAPTURABLE,NO_RELEVANT_TRANSACTION_FOUND,,,,
2023,11,8145,Jeremy Ruckert,TE,0.02632096875,9.5,FREE,CAPTURABLE,NO_RELEVANT_TRANSACTION_FOUND,,,,
2023,11,8583,Stone Smartt,TE,0.1031839062499999,16.1,FREE,CAPTURABLE,NO_RELEVANT_TRANSACTION_FOUND,,,,
2023,11,6694,D'Ernest Johnson,RB,0.010719671875,8.3,FREE,AMBIGUOUS,TIMING_UNRESOLVED,12.0,waiver,1035300708075171840,2023-11-28T18:50:33.063000+00:00
2023,11,3269,Chris Moore,WR,0.0455369687499999,11.9,FREE,CAPTURABLE,NO_RELEVANT_TRANSACTION_FOUND,,,,
2023,11,5973,Josh Oliver,TE,0.1569348515624999,20.7,FREE,CAPTURABLE,NO_RELEVANT_TRANSACTION_FOUND,,,,
2023,11,6039,Ty Johnson,RB,0.1048116484375,16.4,FREE,AMBIGUOUS,SAME_WEEK_TRANSACTION,11.0,waiver,1032776423104204800,2023-11-21T19:39:56.627000+00:00
2023,11,5374,Justin Watson,WR,0.1156854374999999,17.8,FREE,AMBIGUOUS,TIMING_UNRESOLVED,12.0,waiver,1035300728107134976,2023-11-28T18:50:37.839000+00:00
2023,12,11210,Malik Heath,WR,0.0005084296875,9.6,FREE,CAPTURABLE,NO_RELEVANT_TRANSACTION_FOUND,,,,
2023,12,8917,KaVontae Turpin,WR,0.0090248046874999,10.4,FREE,CAPTURABLE,NO_RELEVANT_TRANSACTION_FOUND,,,,
2023,12,10220,Will Mallory,TE,0.0005458203125,8.9,FREE,CAPTURABLE,NO_RELEVANT_TRANSACTION_FOUND,,,,
2023,12,7842,Luke Farrell,TE,0.0493570390625,13.5,FREE,CAPTURABLE,NO_RELEVANT_TRANSACTION_FOUND,,,,
2023,12,6694,D'Ernest Johnson,RB,0.0233904140624999,11.0,FREE,AMBIGUOUS,SAME_WEEK_TRANSACTION,12.0,waiver,1035300708075171840,2023-11-28T18:50:33.063000+00:00
2023,12,6001,Drew Sample,TE,0.0026079140624999,9.1,FREE,CAPTURABLE,NO_RELEVANT_TRANSACTION_FOUND,,,,
2023,12,6271,Olamide Zaccheaus,WR,0.0037326874999999,9.9,FREE,CAPTURABLE,NO_RELEVANT_TRANSACTION_FOUND,,,,
2023,12,7496,Nick Westbrook-Ikhine,WR,0.0005084296875,9.6,FREE,CAPTURABLE,PLAYER_FREE_BEFORE_WEEK,11.0,waiver,1032776423104204800,2023-11-21T19:39:56.627000+00:00
2023,13,11082,Ben Sims,TE,0.0210904843749999,8.1,FREE,CAPTURABLE,NO_RELEVANT_TRANSACTION_FOUND,,,,
2023,13,11306,Xavier Gipson,WR,0.0718680624999999,14.0,FREE,CAPTURABLE,NO_RELEVANT_TRANSACTION_FOUND,,,,
2023,13,3286,Demarcus Robinson,WR,0.0935235937499999,16.5,FREE,AMBIGUOUS,TIMING_UNRESOLVED,14.0,waiver,1040344468051951616,2023-12-12T16:52:39.150000+00:00
2023,13,6850,Harrison Bryant,TE,0.1397900859374999,21.9,FREE,CAPTURABLE,NO_RELEVANT_TRANSACTION_FOUND,,,,
2023,13,19,Joe Flacco,QB,0.1469628828124999,24.16,FREE,AMBIGUOUS,SAME_WEEK_TRANSACTION,13.0,waiver,1037035470011645952,2023-12-03T13:43:52.539000+00:00
2023,13,2446,MyCole Pruitt,TE,0.0372963515625,10.0,FREE,CAPTURABLE,NO_RELEVANT_TRANSACTION_FOUND,,,,
2023,13,6927,Quez Watkins,WR,0.0146817890625,7.300000000000001,FREE,CAPTURABLE,NO_RELEVANT_TRANSACTION_FOUND,,,,
2023,13,616,Jimmy Graham,TE,0.0253427265625,8.6,FREE,CAPTURABLE,NO_RELEVANT_TRANSACTION_FOUND,,,,
2023,13,7568,Brevin Jordan,TE,0.0837386171874999,15.4,FREE,CAPTURABLE,NO_RELEVANT_TRANSACTION_FOUND,,,,
2023,13,11371,Julian Hill,TE,0.0228391640625,8.3,FREE,CAPTURABLE,NO_RELEVANT_TRANSACTION_FOUND,,,,
2023,13,4127,C.J. Beathard,QB,0.0030743671874999,6.920000000000001,FREE,CAPTURABLE,NO_RELEVANT_TRANSACTION_FOUND,,,,
2023,14,3286,Demarcus Robinson,WR,0.0702501328125,14.6,FREE,AMBIGUOUS,SAME_WEEK_TRANSACTION,14.0,waiver,1040344468051951616,2023-12-12T16:52:39.150000+00:00
2023,14,4054,Mo Alie-Cox,TE,0.009645859375,8.2,FREE,CAPTURABLE,NO_RELEVANT_TRANSACTION_FOUND,,,,
2023,14,5000,Chase Edmonds,RB,0.0380196484374999,10.9,FREE,CAPTURABLE,NO_RELEVANT_TRANSACTION_FOUND,,,,
2023,14,616,Jimmy Graham,TE,0.060870640625,12.6,FREE,CAPTURABLE,NO_RELEVANT_TRANSACTION_FOUND,,,,
2023,14,2325,Nelson Agholor,WR,0.006885984375,9.2,FREE,CAPTURABLE,NO_RELEVANT_TRANSACTION_FOUND,,,,
2023,14,6185,Easton Stick,QB,0.01123609375,9.16,FREE,CAPTURABLE,NO_RELEVANT_TRANSACTION_FOUND,,,,
2023,14,6865,Colby Parkinson,TE,0.0632876953125,12.8,FREE,CAPTURABLE,NO_RELEVANT_TRANSACTION_FOUND,,,,
2023,14,8145,Jeremy Ruckert,TE,0.03859471875,10.7,FREE,CAPTURABLE,NO_RELEVANT_TRANSACTION_FOUND,,,,
2023,14,10214,Davis Allen,TE,0.1609411796875,21.0,FREE,CAPTURABLE,NO_RELEVANT_TRANSACTION_FOUND,,,,
2023,14,10220,Will Mallory,TE,0.1084092109375,16.6,FREE,CAPTURABLE,NO_RELEVANT_TRANSACTION_FOUND,,,,
2023,14,7568,Brevin Jordan,TE,0.047967484375,11.5,FREE,CAPTURABLE,NO_RELEVANT_TRANSACTION_FOUND,,,,
2023,14,6963,Patrick Taylor,RB,0.0219805937499999,9.5,FREE,AMBIGUOUS,SAME_WEEK_TRANSACTION,14.0,waiver,1040378437405495296,2023-12-12T19:07:38.076000+00:00
2023,15,8583,Stone Smartt,TE,0.010745890625,9.5,FREE,CAPTURABLE,NO_RELEVANT_TRANSACTION_FOUND,,,,
2023,15,6185,Easton Stick,QB,0.1629134453125,32.78,FREE,AMBIGUOUS,TIMING_UNRESOLVED,16.0,waiver,1045451238936223744,2023-12-26T19:05:08.208000+00:00
2023,15,5938,Lil'Jordan Humphrey,WR,0.0225899140624999,11.1,FREE,CAPTURABLE,NO_RELEVANT_TRANSACTION_FOUND,,,,
2023,15,4054,Mo Alie-Cox,TE,0.03647203125,12.1,FREE,CAPTURABLE,NO_RELEVANT_TRANSACTION_FOUND,,,,
2023,15,6453,D.J. Montgomery,WR,0.0445563203125,13.3,FREE,CAPTURABLE,NO_RELEVANT_TRANSACTION_FOUND,,,,
2023,15,8207,Tyler Goodson,RB,0.0403245859374999,13.6,FREE,AMBIGUOUS,SAME_WEEK_TRANSACTION,15.0,waiver,1042887378353909760,2023-12-19T17:17:16.211000+00:00
2023,15,4274,David Moore,WR,0.0949124140625,18.3,FREE,CAPTURABLE,NO_RELEVANT_TRANSACTION_FOUND,,,,
2023,15,1737,Case Keenum,QB,0.019348484375,18.160000000000004,FREE,CAPTURABLE,NO_RELEVANT_TRANSACTION_FOUND,,,,
2023,15,3257,Jacoby Brissett,QB,0.0730397109375,23.76,FREE,CAPTURABLE,NO_RELEVANT_TRANSACTION_FOUND,,,,
2023,15,4198,Jamal Agnew,WR,0.091848234375,18.0,FREE,CAPTURABLE,NO_RELEVANT_TRANSACTION_FOUND,,,,
2023,15,616,Jimmy Graham,TE,0.0345104921875,11.9,FREE,CAPTURABLE,NO_RELEVANT_TRANSACTION_FOUND,,,,
2023,16,6185,Easton Stick,QB,0.0881924531249999,25.5,FREE,AMBIGUOUS,SAME_WEEK_TRANSACTION,16.0,waiver,1045451238936223744,2023-12-26T19:05:08.208000+00:00
2023,16,4972,Mason Rudolph,QB,0.2070475390625,36.9,FREE,AMBIGUOUS,SAME_WEEK_TRANSACTION,16.0,waiver,1045451275002888192,2023-12-26T19:05:16.807000+00:00
2023,16,6001,Drew Sample,TE,0.0321883984374999,11.8,FREE,CAPTURABLE,NO_RELEVANT_TRANSACTION_FOUND,,,,
2023,16,7559,Ihmir Smith-Marsette,WR,0.03175634375,13.500000000000002,FREE,CAPTURABLE,NO_RELEVANT_TRANSACTION_FOUND,,,,
2023,16,8249,Lucas Krull,TE,0.0946431484375,17.8,FREE,CAPTURABLE,NO_RELEVANT_TRANSACTION_FOUND,,,,
2023,16,8756,Brandon Johnson,WR,0.0655171328124999,16.7,FREE,AMBIGUOUS,TIMING_UNRESOLVED,17.0,waiver,1046946082325921792,2023-12-30T22:05:06.645000+00:00
2023,16,7585,Davis Mills,QB,0.0806063359375,24.76,FREE,CAPTURABLE,NO_RELEVANT_TRANSACTION_FOUND,,,,
2023,16,10220,Will Mallory,TE,0.083084703125,16.7,FREE,CAPTURABLE,NO_RELEVANT_TRANSACTION_FOUND,,,,
2023,16,3257,Jacoby Brissett,QB,0.0017196093749999,16.7,FREE,AMBIGUOUS,TIMING_UNRESOLVED,17.0,waiver,1045932150337622016,2023-12-28T02:56:06.421000+00:00
2023,16,2549,Trevor Siemian,QB,0.0556610390624999,22.28,FREE,CAPTURABLE,NO_RELEVANT_TRANSACTION_FOUND,,,,
2023,16,6865,Colby Parkinson,TE,0.0621962890625,14.7,FREE,CAPTURABLE,NO_RELEVANT_TRANSACTION_FOUND,,,,
2023,16,7694,Tommy Tremble,TE,0.0747535546875,15.9,FREE,CAPTURABLE,NO_RELEVANT_TRANSACTION_FOUND,,,,
2023,16,8204,Bo Melton,WR,0.0036441953124999,10.8,FREE,CAPTURABLE,NO_RELEVANT_TRANSACTION_FOUND,,,,
2023,17,2549,Trevor Siemian,QB,0.097934375,25.54,FREE,CAPTURABLE,NO_RELEVANT_TRANSACTION_FOUND,,,,
2023,17,4314,Johnny Mundt,TE,0.098073015625,18.9,FREE,CAPTURABLE,NO_RELEVANT_TRANSACTION_FOUND,,,,
2023,17,8127,Charlie Kolar,TE,0.0005379921875,9.9,FREE,CAPTURABLE,NO_RELEVANT_TRANSACTION_FOUND,,,,
2023,17,4602,Robert Tonyan,TE,0.02298865625,12.0,FREE,CAPTURABLE,NO_RELEVANT_TRANSACTION_FOUND,,,,
2023,17,5938,Lil'Jordan Humphrey,WR,0.0954308281249998,18.4,FREE,CAPTURABLE,NO_RELEVANT_TRANSACTION_FOUND,,,,
2023,17,6798,Jalen Reagor,WR,0.0187706640624999,11.4,FREE,CAPTURABLE,NO_RELEVANT_TRANSACTION_FOUND,,,,
2023,17,8174,Kevin Harris,RB,0.0250024374999999,11.8,FREE,CAPTURABLE,NO_RELEVANT_TRANSACTION_FOUND,,,,
2023,17,8204,Bo Melton,WR,0.1788746874999999,26.0,FREE,CAPTURABLE,NO_RELEVANT_TRANSACTION_FOUND,,,,
2023,17,3433,Alex Erickson,WR,0.1054022421874999,19.3,FREE,CAPTURABLE,NO_RELEVANT_TRANSACTION_FOUND,,,,
2023,17,5113,Cedrick Wilson,WR,0.0165644374999998,11.2,FREE,CAPTURABLE,NO_RELEVANT_TRANSACTION_FOUND,,,,
2023,17,7568,Brevin Jordan,TE,0.0219334765625,11.9,FREE,CAPTURABLE,NO_RELEVANT_TRANSACTION_FOUND,,,,
2023,18,2325,Nelson Agholor,WR,0.0161512890625,10.4,FREE,CAPTURABLE,NO_RELEVANT_TRANSACTION_FOUND,,,,
2023,18,4972,Mason Rudolph,QB,0.088217578125,21.88,FREE,CAPTURABLE,PLAYER_FREE_BEFORE_WEEK,17.0,waiver,1046946163532005376,2023-12-30T22:05:26.006000+00:00
2023,18,6323,Andrew Beck,RB,0.0039196015624999,8.9,FREE,CAPTURABLE,NO_RELEVANT_TRANSACTION_FOUND,,,,
2023,18,8127,Charlie Kolar,TE,0.0186956093749999,9.3,FREE,CAPTURABLE,NO_RELEVANT_TRANSACTION_FOUND,,,,
2023,18,4054,Mo Alie-Cox,TE,0.0137724296875,8.8,FREE,CAPTURABLE,NO_RELEVANT_TRANSACTION_FOUND,,,,
2023,18,3161,Carson Wentz,QB,0.2976008515625,42.52,FREE,CAPTURABLE,PLAYER_FREE_BEFORE_WEEK,17.0,waiver,1046472834236850176,2023-12-29T14:44:35.508000+00:00
2023,18,5010,Will Dissly,TE,0.1013674140625,17.6,FREE,CAPTURABLE,NO_RELEVANT_TRANSACTION_FOUND,,,,
2023,18,5973,Josh Oliver,TE,0.0166804999999999,9.1,FREE,CAPTURABLE,PLAYER_FREE_BEFORE_WEEK,17.0,waiver,1046946260353179648,2023-12-30T22:05:49.090000+00:00
2023,18,6290,Scotty Miller,WR,0.0180840468749999,10.6,FREE,CAPTURABLE,NO_RELEVANT_TRANSACTION_FOUND,,,,
2023,18,6960,Tyler Johnson,WR,0.0005268906249999,8.8,FREE,CAPTURABLE,NO_RELEVANT_TRANSACTION_FOUND,,,,
2023,18,10226,Andrei Iosivas,WR,0.128031578125,21.6,FREE,CAPTURABLE,PLAYER_FREE_BEFORE_WEEK,17.0,waiver,1046946212982669312,2023-12-30T22:05:37.796000+00:00
2023,18,5154,Trent Sherfield,WR,0.0309627499999999,11.9,FREE,CAPTURABLE,NO_RELEVANT_TRANSACTION_FOUND,,,,
2023,18,6908,La'Mical Perine,RB,0.1164748437499999,20.1,FREE,CAPTURABLE,NO_RELEVANT_TRANSACTION_FOUND,,,,
2023,18,827,Tyrod Taylor,QB,0.2241883203124999,35.28,FREE,CAPTURABLE,PLAYER_FREE_BEFORE_WEEK,17.0,waiver,1046946113498062848,2023-12-30T22:05:14.077000+00:00
2023,18,10214,Davis Allen,TE,0.0504560624999999,12.5,FREE,CAPTURABLE,NO_RELEVANT_TRANSACTION_FOUND,,,,
2023,18,3362,Jeff Driskel,QB,0.0829067187499999,21.34,FREE,CAPTURABLE,NO_RELEVANT_TRANSACTION_FOUND,,,,
2023,18,6927,Quez Watkins,WR,0.160029296875,24.8,FREE,CAPTURABLE,NO_RELEVANT_TRANSACTION_FOUND,,,,
2023,18,8204,Bo Melton,WR,0.0668132734374999,15.5,FREE,CAPTURABLE,NO_RELEVANT_TRANSACTION_FOUND,,,,
2023,18,8756,Brandon Johnson,WR,0.0598547187499999,14.8,FREE,CAPTURABLE,PLAYER_FREE_BEFORE_WEEK,17.0,waiver,1046946082325921792,2023-12-30T22:05:06.645000+00:00
2023,18,2381,Chris Conley,WR,0.0309627499999999,11.9,FREE,CAPTURABLE,NO_RELEVANT_TRANSACTION_FOUND,,,,
2023,18,4314,Johnny Mundt,TE,0.10341428125,17.8,FREE,CAPTURABLE,NO_RELEVANT_TRANSACTION_FOUND,,,,
2023,18,5032,Jordan Akins,TE,0.0295798828125,10.4,FREE,CAPTURABLE,NO_RELEVANT_TRANSACTION_FOUND,,,,
2023,18,6926,Brycen Hopkins,TE,0.032509890625,10.7,FREE,CAPTURABLE,NO_RELEVANT_TRANSACTION_FOUND,,,,
2023,18,8116,Pierre Strong,RB,0.0127333046875,9.8,FREE,CAPTURABLE,NO_RELEVANT_TRANSACTION_FOUND,,,,
2024,1,5032,Jordan Akins,TE,0.0213224453124999,9.7,FREE,CAPTURABLE,NO_RELEVANT_TRANSACTION_FOUND,,,,
2024,1,6960,Tyler Johnson,WR,0.0664504140625,14.9,FREE,AMBIGUOUS,SAME_WEEK_TRANSACTION,1.0,waiver,1139033823906304000,2024-09-10T00:48:55.145000+00:00
2024,1,5096,Ray-Ray McCloud,WR,0.01461896875,10.2,FREE,AMBIGUOUS,SAME_WEEK_TRANSACTION,1.0,waiver,1139395778327425025,2024-09-11T00:47:11.804000+00:00
2024,1,3202,Austin Hooper,TE,0.0147497109374999,9.1,FREE,AMBIGUOUS,SAME_WEEK_TRANSACTION,1.0,free_agent,1095586444430610432,2024-05-13T03:24:32.665000+00:00
2024,1,6427,Ashton Dulin,WR,0.0719895,15.4,FREE,CAPTURABLE,NO_RELEVANT_TRANSACTION_FOUND,,,,
2024,2,10231,Elijah Higgins,TE,0.0220834843749999,9.8,FREE,CAPTURABLE,PLAYER_FREE_BEFORE_WEEK,1.0,free_agent,1095572920874635264,2024-05-13T02:30:48.398000+00:00
2024,2,4189,Eric Saubert,TE,0.0099662578124999,8.6,FREE,CAPTURABLE,NO_RELEVANT_TRANSACTION_FOUND,,,,
2024,2,5938,Lil'Jordan Humphrey,WR,0.0171461328124999,10.0,FREE,AMBIGUOUS,TIMING_UNRESOLVED,3.0,waiver,1144468974642835456,2024-09-25T00:46:16.061000+00:00
2024,2,7562,Tutu Atwell,WR,0.0100878281249999,9.3,FREE,CAPTURABLE,PLAYER_FREE_BEFORE_WEEK,1.0,waiver,1139417423414833152,2024-09-11T02:13:12.395000+00:00
2024,2,5010,Will Dissly,TE,0.0331991249999999,10.9,FREE,CAPTURABLE,NO_RELEVANT_TRANSACTION_FOUND,,,,
2024,2,6001,Drew Sample,TE,0.0220834843749999,9.8,FREE,CAPTURABLE,NO_RELEVANT_TRANSACTION_FOUND,,,,
2024,2,7694,Tommy Tremble,TE,0.01705459375,9.3,FREE,CAPTURABLE,NO_RELEVANT_TRANSACTION_FOUND,,,,
2024,2,9479,Darnell Washington,TE,0.008982390625,8.5,FREE,CAPTURABLE,NO_RELEVANT_TRANSACTION_FOUND,,,,
2024,2,9480,Brenton Strange,TE,0.0699624218749999,14.5,FREE,AMBIGUOUS,SAME_WEEK_TRANSACTION,2.0,waiver,1141903916855103488,2024-09-17T22:53:38.628000+00:00
2024,2,8177,Grant Calcaterra,TE,0.0030256328125,7.9,FREE,CAPTURABLE,NO_RELEVANT_TRANSACTION_FOUND,,,,
2024,2,8414,Britain Covey,WR,0.0050307109374999,8.8,FREE,CAPTURABLE,NO_RELEVANT_TRANSACTION_FOUND,,,,
2024,3,8917,KaVontae Turpin,WR,0.0578316328125,15.4,FREE,CAPTURABLE,NO_RELEVANT_TRANSACTION_FOUND,,,,
2024,3,5938,Lil'Jordan Humphrey,WR,0.0083488515624999,10.2,FREE,AMBIGUOUS,SAME_WEEK_TRANSACTION,3.0,waiver,1144468974642835456,2024-09-25T00:46:16.061000+00:00
2024,3,3258,Nick Vannett,TE,0.0184690625,10.9,FREE,CAPTURABLE,NO_RELEVANT_TRANSACTION_FOUND,,,,
2024,3,11603,AJ Barner,TE,0.002925375,9.3,FREE,AMBIGUOUS,TIMING_UNRESOLVED,4.0,waiver,1146996263628644352,2024-10-02T00:08:48.710000+00:00
2024,3,7694,Tommy Tremble,TE,0.0087426640625,9.9,FREE,AMBIGUOUS,TIMING_UNRESOLVED,4.0,waiver,1145744745700974592,2024-09-28T13:15:43.584000+00:00
2024,3,7891,Brock Wright,TE,0.0428930390624999,13.4,FREE,CAPTURABLE,NO_RELEVANT_TRANSACTION_FOUND,,,,
2024,3,10212,Josh Whyle,TE,0.061595015625,15.3,FREE,CAPTURABLE,NO_RELEVANT_TRANSACTION_FOUND,,,,
2024,3,5032,Jordan Akins,TE,0.0184690625,10.9,FREE,CAPTURABLE,NO_RELEVANT_TRANSACTION_FOUND,,,,
2024,3,8208,Tyler Badie,RB,0.0228596875,11.3,FREE,AMBIGUOUS,SAME_WEEK_TRANSACTION,3.0,waiver,1144563510442360832,2024-09-25T07:01:55.152000+00:00
2024,3,6039,Ty Johnson,RB,0.0604682734375,15.2,FREE,CAPTURABLE,NO_RELEVANT_TRANSACTION_FOUND,,,,
2024,4,11201,Blake Whiteheart,TE,0.0508334375,13.3,FREE,CAPTURABLE,NO_RELEVANT_TRANSACTION_FOUND,,,,
2024,4,3202,Austin Hooper,TE,0.0395985703125,12.3,FREE,CAPTURABLE,NO_RELEVANT_TRANSACTION_FOUND,,,,
2024,4,8489,Drew Ogletree,TE,0.0082977890625,9.5,FREE,CAPTURABLE,NO_RELEVANT_TRANSACTION_FOUND,,,,
2024,4,5880,Parris Campbell,WR,0.0243455234375,11.7,FREE,CAPTURABLE,NO_RELEVANT_TRANSACTION_FOUND,,,,
2024,4,4219,Jeremy McNichols,RB,0.1559520546875,23.0,FREE,CAPTURABLE,NO_RELEVANT_TRANSACTION_FOUND,,,,
2024,4,4718,Dare Ogunbowale,RB,0.0844156875,16.8,FREE,CAPTURABLE,NO_RELEVANT_TRANSACTION_FOUND,,,,
2024,4,5973,Josh Oliver,TE,0.0249865624999999,11.0,FREE,CAPTURABLE,NO_RELEVANT_TRANSACTION_FOUND,,,,
2024,4,11603,AJ Barner,TE,0.0552668671874999,13.7,FREE,AMBIGUOUS,SAME_WEEK_TRANSACTION,4.0,waiver,1146996263628644352,2024-10-02T00:08:48.710000+00:00
2024,5,5773,KhaDarel Hodge,WR,0.0911591640625,17.2,FREE,CAPTURABLE,NO_RELEVANT_TRANSACTION_FOUND,,,,
2024,5,2359,Ameer Abdullah,RB,0.082734546875,17.099999999999998,FREE,AMBIGUOUS,TIMING_UNRESOLVED,6.0,waiver,1149673189853814784,2024-10-09T09:25:57.657000+00:00
2024,5,4219,Jeremy McNichols,RB,0.0344213984375,12.3,FREE,AMBIGUOUS,TIMING_UNRESOLVED,6.0,waiver,1149672776677056512,2024-10-09T09:24:19.148000+00:00
2024,5,5032,Jordan Akins,TE,0.0621277265625,15.2,FREE,CAPTURABLE,NO_RELEVANT_TRANSACTION_FOUND,,,,
2024,5,8181,Connor Heyward,RB,0.0344213984375,12.3,FREE,CAPTURABLE,NO_RELEVANT_TRANSACTION_FOUND,,,,
2024,5,4718,Dare Ogunbowale,RB,0.1039502421874999,19.2,FREE,CAPTURABLE,NO_RELEVANT_TRANSACTION_FOUND,,,,
2024,5,8127,Charlie Kolar,TE,0.129712296875,21.8,FREE,CAPTURABLE,NO_RELEVANT_TRANSACTION_FOUND,,,,
2024,5,4054,Mo Alie-Cox,TE,0.05705325,14.7,FREE,AMBIGUOUS,TIMING_UNRESOLVED,6.0,waiver,1151010551070568448,2024-10-13T02:00:09.418000+00:00
2024,5,7587,Dyami Brown,WR,0.08093171875,16.2,FREE,AMBIGUOUS,TIMING_UNRESOLVED,6.0,waiver,1149672906130087936,2024-10-09T09:24:50.012000+00:00
2024,5,8917,KaVontae Turpin,WR,0.0093477734375,9.1,FREE,CAPTURABLE,NO_RELEVANT_TRANSACTION_FOUND,,,,
2024,5,5917,Mecole Hardman,WR,0.0015033359375,8.3,FREE,CAPTURABLE,NO_RELEVANT_TRANSACTION_FOUND,,,,
2024,6,4351,Tim Patrick,WR,0.0424749609374999,11.8,FREE,CAPTURABLE,NO_RELEVANT_TRANSACTION_FOUND,,,,
2024,6,3634,Kalif Raymond,WR,0.0534762968749999,12.8,FREE,CAPTURABLE,NO_RELEVANT_TRANSACTION_FOUND,,,,
2024,6,7438,Kristian Wilkerson,WR,0.0260603906249999,10.3,FREE,CAPTURABLE,NO_RELEVANT_TRANSACTION_FOUND,,,,
2024,6,11082,Ben Sims,TE,0.01251521875,8.8,FREE,CAPTURABLE,NO_RELEVANT_TRANSACTION_FOUND,,,,
2024,6,3200,Sterling Shepard,WR,0.02489440625,10.2,FREE,AMBIGUOUS,TIMING_UNRESOLVED,7.0,waiver,1154612736115085312,2024-10-23T00:33:57.258000+00:00
2024,6,6694,D'Ernest Johnson,RB,0.00994578125,8.6,FREE,AMBIGUOUS,SAME_WEEK_TRANSACTION,6.0,waiver,1152052506395090944,2024-10-15T23:00:30.926000+00:00
2024,6,6850,Harrison Bryant,TE,0.019031875,9.4,FREE,CAPTURABLE,NO_RELEVANT_TRANSACTION_FOUND,,,,
2024,6,8177,Grant Calcaterra,TE,0.1112900312499999,17.7,FREE,CAPTURABLE,NO_RELEVANT_TRANSACTION_FOUND,,,,
2024,6,5010,Will Dissly,TE,0.043221578125,11.6,FREE,AMBIGUOUS,TIMING_UNRESOLVED,7.0,waiver,1153655224075206656,2024-10-20T09:09:08.598000+00:00
2024,6,8489,Drew Ogletree,TE,0.0081533359375,8.4,FREE,CAPTURABLE,NO_RELEVANT_TRANSACTION_FOUND,,,,
2024,6,9504,Kayshon Boutte,WR,0.1044283359374999,17.4,FREE,AMBIGUOUS,SAME_WEEK_TRANSACTION,6.0,waiver,1152006199282364416,2024-10-15T19:56:30.450000+00:00
2024,7,5113,Cedrick Wilson,WR,0.1074229374999999,18.7,FREE,CAPTURABLE,NO_RELEVANT_TRANSACTION_FOUND,,,,
2024,7,8249,Lucas Krull,TE,0.0369909375,12.1,FREE,AMBIGUOUS,SAME_WEEK_TRANSACTION,7.0,waiver,1154612799201517568,2024-10-23T00:34:12.299000+00:00
2024,7,3202,Austin Hooper,TE,0.0589157265624999,14.2,FREE,CAPTURABLE,NO_RELEVANT_TRANSACTION_FOUND,,,,
2024,7,3258,Nick Vannett,TE,0.0308019921875,11.5,FREE,CAPTURABLE,NO_RELEVANT_TRANSACTION_FOUND,,,,
2024,7,3634,Kalif Raymond,WR,0.0519244609374999,13.4,FREE,AMBIGUOUS,TIMING_UNRESOLVED,8.0,waiver,1157141569896759296,2024-10-30T00:02:38.215000+00:00
2024,7,4314,Johnny Mundt,TE,0.0030846875,8.8,FREE,CAPTURABLE,PLAYER_FREE_BEFORE_WEEK,6.0,waiver,1152118005141348352,2024-10-16T03:20:47.044000+00:00
2024,7,10212,Josh Whyle,TE,0.0401519765625,12.4,FREE,CAPTURABLE,NO_RELEVANT_TRANSACTION_FOUND,,,,
2024,7,5917,Mecole Hardman,WR,0.0571651484374999,13.900000000000002,FREE,AMBIGUOUS,SAME_WEEK_TRANSACTION,7.0,waiver,1154704943962681344,2024-10-23T06:40:21.322000+00:00
2024,7,7496,Nick Westbrook-Ikhine,WR,0.0113095078125,9.5,FREE,CAPTURABLE,NO_RELEVANT_TRANSACTION_FOUND,,,,
2024,7,5032,Jordan Akins,TE,0.0589157265624999,14.2,FREE,CAPTURABLE,NO_RELEVANT_TRANSACTION_FOUND,,,,
2024,7,9479,Darnell Washington,TE,0.0526415,13.6,FREE,CAPTURABLE,NO_RELEVANT_TRANSACTION_FOUND,,,,
2024,7,6996,JaMycal Hasty,RB,0.0951804140625,16.6,FREE,CAPTURABLE,NO_RELEVANT_TRANSACTION_FOUND,,,,
2024,7,7812,Simi Fehoko,WR,0.0061635625,9.0,FREE,AMBIGUOUS,TIMING_UNRESOLVED,8.0,waiver,1156230518061613056,2024-10-27T11:42:26.531000+00:00
2024,8,5973,Josh Oliver,TE,0.0458306171875,14.0,FREE,CAPTURABLE,NO_RELEVANT_TRANSACTION_FOUND,,,,
2024,8,7496,Nick Westbrook-Ikhine,WR,0.0169918515624999,12.4,FREE,AMBIGUOUS,TIMING_UNRESOLVED,9.0,waiver,1159707231508701184,2024-11-06T01:57:39.611000+00:00
2024,8,6869,Adam Trautman,TE,0.1797930078125,25.5,FREE,CAPTURABLE,NO_RELEVANT_TRANSACTION_FOUND,,,,
2024,8,2325,Nelson Agholor,WR,0.0306688828124999,13.6,FREE,CAPTURABLE,NO_RELEVANT_TRANSACTION_FOUND,,,,
2024,8,3634,Kalif Raymond,WR,0.0571574296874999,15.9,FREE,AMBIGUOUS,SAME_WEEK_TRANSACTION,8.0,waiver,1156706384461877248,2024-10-28T19:13:21.922000+00:00
2024,8,8177,Grant Calcaterra,TE,0.0550231953124999,14.8,FREE,CAPTURABLE,NO_RELEVANT_TRANSACTION_FOUND,,,,
2024,9,3048,Chris Manhertz,TE,0.0004659609374999,8.2,FREE,CAPTURABLE,NO_RELEVANT_TRANSACTION_FOUND,,,,
2024,9,3258,Nick Vannett,TE,0.0624157109375,14.3,FREE,CAPTURABLE,NO_RELEVANT_TRANSACTION_FOUND,,,,
2024,9,4454,Kendrick Bourne,WR,0.0014858359374999,8.600000000000001,FREE,AMBIGUOUS,SAME_WEEK_TRANSACTION,9.0,waiver,1159495070111068160,2024-11-05T11:54:36.392000+00:00
2024,9,5032,Jordan Akins,TE,0.0306636640625,11.2,FREE,CAPTURABLE,NO_RELEVANT_TRANSACTION_FOUND,,,,
2024,9,7496,Nick Westbrook-Ikhine,WR,0.0920219218749999,17.5,FREE,AMBIGUOUS,SAME_WEEK_TRANSACTION,9.0,waiver,1159559193574215680,2024-11-05T16:09:24.617000+00:00
2024,9,5973,Josh Oliver,TE,0.1702788984375001,24.8,FREE,CAPTURABLE,NO_RELEVANT_TRANSACTION_FOUND,,,,
2024,9,10219,Chris Rodriguez,RB,0.0078951171875,8.9,FREE,CAPTURABLE,NO_RELEVANT_TRANSACTION_FOUND,,,,
2024,9,6001,Drew Sample,TE,0.083974171875,16.4,FREE,CAPTURABLE,NO_RELEVANT_TRANSACTION_FOUND,,,,
2024,9,8177,Grant Calcaterra,TE,0.0695504765625,15.0,FREE,CAPTURABLE,NO_RELEVANT_TRANSACTION_FOUND,,,,
2024,9,7536,Quintin Morris,TE,0.0004659609374999,8.2,FREE,CAPTURABLE,NO_RELEVANT_TRANSACTION_FOUND,,,,
2024,9,5374,Justin Watson,WR,0.0035419218749999,8.8,FREE,CAPTURABLE,NO_RELEVANT_TRANSACTION_FOUND,,,,
2024,10,5409,Tanner Hudson,TE,0.1902259531249999,25.5,FREE,CAPTURABLE,NO_RELEVANT_TRANSACTION_FOUND,,,,
2024,10,7595,Tylan Wallace,WR,0.1817495546874999,25.0,FREE,CAPTURABLE,NO_RELEVANT_TRANSACTION_FOUND,,,,
2024,10,3202,Austin Hooper,TE,0.0846926796875,15.4,FREE,CAPTURABLE,NO_RELEVANT_TRANSACTION_FOUND,,,,
2024,10,4219,Jeremy McNichols,RB,0.0070413749999998,8.0,FREE,CAPTURABLE,NO_RELEVANT_TRANSACTION_FOUND,,,,
2024,10,5973,Josh Oliver,TE,0.0930920859375,16.2,FREE,CAPTURABLE,NO_RELEVANT_TRANSACTION_FOUND,,,,
2024,10,10214,Davis Allen,TE,0.0846926796875,15.4,FREE,AMBIGUOUS,SAME_WEEK_TRANSACTION,10.0,waiver,1162267825306890240,2024-11-13T03:32:32.746000+00:00
2024,11,5973,Josh Oliver,TE,0.0293520468749999,10.4,FREE,CAPTURABLE,NO_RELEVANT_TRANSACTION_FOUND,,,,
2024,11,2359,Ameer Abdullah,RB,0.0318259921874999,11.4,FREE,AMBIGUOUS,TIMING_UNRESOLVED,12.0,waiver,1166405785354780672,2024-11-24T13:35:19.301000+00:00
2024,11,5938,Lil'Jordan Humphrey,WR,0.0837261249999999,17.7,FREE,AMBIGUOUS,TIMING_UNRESOLVED,12.0,waiver,1166405934764310528,2024-11-24T13:35:54.923000+00:00
2024,11,3202,Austin Hooper,TE,0.04802671875,12.5,FREE,AMBIGUOUS,TIMING_UNRESOLVED,12.0,waiver,1166405832209211392,2024-11-24T13:35:30.472000+00:00
2024,11,11433,Nate Adkins,TE,0.0187293359375,9.2,FREE,CAPTURABLE,NO_RELEVANT_TRANSACTION_FOUND,,,,
2024,11,7597,Kenny Yeboah,TE,0.0178641093749999,9.1,FREE,CAPTURABLE,NO_RELEVANT_TRANSACTION_FOUND,,,,
2024,11,9479,Darnell Washington,TE,0.0275304921874999,10.2,FREE,CAPTURABLE,NO_RELEVANT_TRANSACTION_FOUND,,,,
2024,11,11371,Julian Hill,TE,0.0152882109374999,8.8,FREE,CAPTURABLE,NO_RELEVANT_TRANSACTION_FOUND,,,,
2024,11,7891,Brock Wright,TE,0.0126265546875,8.5,FREE,CAPTURABLE,NO_RELEVANT_TRANSACTION_FOUND,,,,
2024,11,11593,Brevyn Spann-Ford,TE,0.0812478125,16.2,FREE,CAPTURABLE,NO_RELEVANT_TRANSACTION_FOUND,,,,
2024,11,8917,KaVontae Turpin,WR,0.1184197968749999,21.6,FREE,AMBIGUOUS,SAME_WEEK_TRANSACTION,11.0,waiver,1164797635665149952,2024-11-20T03:05:06.537000+00:00
2024,12,5032,Jordan Akins,TE,0.0431465468749999,11.8,FREE,CAPTURABLE,NO_RELEVANT_TRANSACTION_FOUND,,,,
2024,12,9479,Darnell Washington,TE,0.0019026093749999,7.4,FREE,CAPTURABLE,NO_RELEVANT_TRANSACTION_FOUND,,,,
2024,12,11593,Brevyn Spann-Ford,TE,0.0019026093749999,7.4,FREE,CAPTURABLE,NO_RELEVANT_TRANSACTION_FOUND,,,,
2024,12,11210,Malik Heath,WR,0.0312600078124999,10.0,FREE,CAPTURABLE,NO_RELEVANT_TRANSACTION_FOUND,,,,
2024,12,4274,David Moore,WR,0.151760046875,22.6,FREE,AMBIGUOUS,SAME_WEEK_TRANSACTION,12.0,waiver,1167363899843366912,2024-11-27T05:02:31.596000+00:00
2024,12,7587,Dyami Brown,WR,0.00100540625,6.800000000000001,FREE,CAPTURABLE,NO_RELEVANT_TRANSACTION_FOUND,,,,
2024,12,4351,Tim Patrick,WR,0.040799390625,11.0,FREE,CAPTURABLE,NO_RELEVANT_TRANSACTION_FOUND,,,,
2024,12,7891,Brock Wright,TE,0.0019026093749999,7.4,FREE,CAPTURABLE,NO_RELEVANT_TRANSACTION_FOUND,,,,
2024,13,8220,Sincere McCormick,RB,0.0289738593749999,12.9,FREE,AMBIGUOUS,TIMING_UNRESOLVED,14.0,waiver,1172435295023955968,2024-12-11T04:54:26.429000+00:00
2024,13,7694,Tommy Tremble,TE,0.14040375,21.7,FREE,CAPTURABLE,NO_RELEVANT_TRANSACTION_FOUND,,,,
2024,13,4314,Johnny Mundt,TE,0.0454067578125,13.2,FREE,CAPTURABLE,NO_RELEVANT_TRANSACTION_FOUND,,,,
2024,13,5409,Tanner Hudson,TE,0.041098296875,12.8,FREE,CAPTURABLE,NO_RELEVANT_TRANSACTION_FOUND,,,,
2024,14,4351,Tim Patrick,WR,0.149995171875,23.8,FREE,AMBIGUOUS,TIMING_UNRESOLVED,15.0,waiver,1174908771700654080,2024-12-18T00:43:09.223000+00:00
2024,14,10212,Josh Whyle,TE,0.017299984375,8.1,FREE,CAPTURABLE,NO_RELEVANT_TRANSACTION_FOUND,,,,
2024,14,7694,Tommy Tremble,TE,0.0191310859375,8.3,FREE,CAPTURABLE,NO_RELEVANT_TRANSACTION_FOUND,,,,
2024,14,10216,Kenny McIntosh,RB,0.0296857109375,9.4,FREE,CAPTURABLE,NO_RELEVANT_TRANSACTION_FOUND,,,,
2024,14,8220,Sincere McCormick,RB,0.0880274921875,15.9,FREE,AMBIGUOUS,SAME_WEEK_TRANSACTION,14.0,waiver,1172351216651878400,2024-12-10T23:20:20.583000+00:00
2024,14,8583,Stone Smartt,TE,0.0740741015625,14.4,FREE,AMBIGUOUS,TIMING_UNRESOLVED,15.0,waiver,1172598499607773184,2024-12-11T15:42:57.434000+00:00
2024,14,6001,Drew Sample,TE,0.0013518515625,6.3,FREE,CAPTURABLE,NO_RELEVANT_TRANSACTION_FOUND,,,,
2024,15,11433,Nate Adkins,TE,0.0138274453125,9.5,FREE,CAPTURABLE,NO_RELEVANT_TRANSACTION_FOUND,,,,
2024,15,4351,Tim Patrick,WR,0.04175209375,13.5,FREE,AMBIGUOUS,SAME_WEEK_TRANSACTION,15.0,waiver,1174908771700654080,2024-12-18T00:43:09.223000+00:00
2024,15,5970,Greg Dortch,WR,0.0174215703125,10.8,FREE,CAPTURABLE,PLAYER_FREE_BEFORE_WEEK,14.0,free_agent,1170472354586152960,2024-12-05T18:54:24.959000+00:00
2024,15,5032,Jordan Akins,TE,0.0272471796875,11.0,FREE,CAPTURABLE,NO_RELEVANT_TRANSACTION_FOUND,,,,
2024,15,6869,Adam Trautman,TE,0.036236546875,12.0,FREE,CAPTURABLE,NO_RELEVANT_TRANSACTION_FOUND,,,,
2024,15,10212,Josh Whyle,TE,0.1151177734375,20.7,FREE,CAPTURABLE,NO_RELEVANT_TRANSACTION_FOUND,,,,
2024,16,10234,Derius Davis,WR,0.015685109375,11.499999999999998,FREE,CAPTURABLE,NO_RELEVANT_TRANSACTION_FOUND,,,,
2024,16,2410,Jamison Crowder,WR,0.0552905859374999,15.5,FREE,CAPTURABLE,NO_RELEVANT_TRANSACTION_FOUND,,,,
2024,16,10227,Payne Durham,TE,0.0471569062499999,13.9,FREE,CAPTURABLE,NO_RELEVANT_TRANSACTION_FOUND,,,,
2024,16,7694,Tommy Tremble,TE,0.0205064062499999,11.2,FREE,CAPTURABLE,NO_RELEVANT_TRANSACTION_FOUND,,,,
2024,16,7607,Michael Carter,RB,0.0309276640624999,12.3,FREE,AMBIGUOUS,SAME_WEEK_TRANSACTION,16.0,waiver,1177554855081938944,2024-12-25T07:57:44.663000+00:00
2024,16,11378,Jordan Mims,RB,0.0038332421874999,9.5,FREE,CAPTURABLE,NO_RELEVANT_TRANSACTION_FOUND,,,,
2024,16,11370,Chris Brooks,RB,0.0201634531249998,11.2,FREE,AMBIGUOUS,SAME_WEEK_TRANSACTION,16.0,waiver,1177285691931496448,2024-12-24T14:08:11.167000+00:00
2024,17,5374,Justin Watson,WR,0.0610040234375,15.5,FREE,CAPTURABLE,NO_RELEVANT_TRANSACTION_FOUND,,,,
2024,17,10234,Derius Davis,WR,0.0183334140624999,10.8,FREE,CAPTURABLE,NO_RELEVANT_TRANSACTION_FOUND,,,,
2024,17,3258,Nick Vannett,TE,0.0017604921875001,8.8,FREE,CAPTURABLE,NO_RELEVANT_TRANSACTION_FOUND,,,,
2024,17,11377,Tyrell Shavers,WR,0.0738787656249999,16.9,FREE,CAPTURABLE,NO_RELEVANT_TRANSACTION_FOUND,,,,
2024,17,11820,Devin Culp,TE,0.040410609375,13.2,FREE,CAPTURABLE,NO_RELEVANT_TRANSACTION_FOUND,,,,
2024,17,5032,Jordan Akins,TE,0.0919885078125,18.9,FREE,CAPTURABLE,NO_RELEVANT_TRANSACTION_FOUND,,,,
2024,17,10227,Payne Durham,TE,0.052968546875,14.6,FREE,CAPTURABLE,NO_RELEVANT_TRANSACTION_FOUND,,,,
2024,18,6001,Drew Sample,TE,0.0081715781249999,10.4,FREE,CAPTURABLE,NO_RELEVANT_TRANSACTION_FOUND,,,,
2024,18,5032,Jordan Akins,TE,0.1608856953125001,26.0,FREE,CAPTURABLE,NO_RELEVANT_TRANSACTION_FOUND,,,,
2024,18,11820,Devin Culp,TE,0.0004620156249999,9.6,FREE,CAPTURABLE,NO_RELEVANT_TRANSACTION_FOUND,,,,
2024,18,4189,Eric Saubert,TE,0.0206680234375,11.7,FREE,CAPTURABLE,NO_RELEVANT_TRANSACTION_FOUND,,,,
2024,18,8250,Tay Martin,WR,0.0339153046875,13.9,FREE,CAPTURABLE,NO_RELEVANT_TRANSACTION_FOUND,,,,
2024,18,6960,Tyler Johnson,WR,0.0397676953125,14.5,FREE,CAPTURABLE,NO_RELEVANT_TRANSACTION_FOUND,,,,
2024,18,10212,Josh Whyle,TE,0.0617051328125,15.9,FREE,CAPTURABLE,NO_RELEVANT_TRANSACTION_FOUND,,,,
2024,18,10227,Payne Durham,TE,0.0197208359375,11.6,FREE,CAPTURABLE,NO_RELEVANT_TRANSACTION_FOUND,,,,
2024,18,11370,Chris Brooks,RB,0.0125168906249999,9.0,FREE,CAPTURABLE,NO_RELEVANT_TRANSACTION_FOUND,,,,
2024,18,11615,Ainias Smith,WR,0.0407276796875,14.6,FREE,CAPTURABLE,NO_RELEVANT_TRANSACTION_FOUND,,,,
2024,18,5970,Greg Dortch,WR,0.1142676640625001,22.1,FREE,CAPTURABLE,NO_RELEVANT_TRANSACTION_FOUND,,,,
2024,18,3271,Tyler Higbee,TE,0.127604921875,22.6,FREE,CAPTURABLE,NO_RELEVANT_TRANSACTION_FOUND,,,,
2024,18,7694,Tommy Tremble,TE,0.0430721484375,14.0,FREE,CAPTURABLE,NO_RELEVANT_TRANSACTION_FOUND,,,,
2024,18,6984,Tony Jones,RB,0.06455925,14.3,FREE,CAPTURABLE,NO_RELEVANT_TRANSACTION_FOUND,,,,
2024,18,9230,Tanner McKee,QB,0.1980728125,34.96,FREE,CAPTURABLE,NO_RELEVANT_TRANSACTION_FOUND,,,,
2024,18,2381,Chris Conley,WR,0.0048140859375,10.9,FREE,CAPTURABLE,NO_RELEVANT_TRANSACTION_FOUND,,,,
2025,1,10214,Davis Allen,TE,0.0067967265625,9.3,FREE,AMBIGUOUS,SAME_WEEK_TRANSACTION,1.0,waiver,1236326294166196224,2025-06-05T12:14:27.663000+00:00
2025,1,7757,Ben Skowronek,WR,0.0098108046875,9.2,FREE,CAPTURABLE,NO_RELEVANT_TRANSACTION_FOUND,,,,
2025,1,8698,Jake Tonges,TE,0.0719975234375,14.5,FREE,AMBIGUOUS,TIMING_UNRESOLVED,2.0,waiver,1271703462131826688,2025-09-11T03:10:41.782000+00:00
2025,2,7595,Tylan Wallace,WR,0.0068949453125,11.0,FREE,CAPTURABLE,NO_RELEVANT_TRANSACTION_FOUND,,,,
2025,2,7842,Luke Farrell,TE,0.0173604453124999,11.5,FREE,CAPTURABLE,NO_RELEVANT_TRANSACTION_FOUND,,,,
2025,2,6869,Adam Trautman,TE,0.0439313828124999,14.0,FREE,AMBIGUOUS,TIMING_UNRESOLVED,3.0,waiver,1274848546310328320,2025-09-19T19:28:08.282000+00:00
2025,2,7891,Brock Wright,TE,0.0632393359374999,15.8,FREE,CAPTURABLE,NO_RELEVANT_TRANSACTION_FOUND,,,,
2025,3,3200,Sterling Shepard,WR,0.0522692499999999,14.0,FREE,AMBIGUOUS,SAME_WEEK_TRANSACTION,3.0,waiver,1276160695037104128,2025-09-23T10:22:08.918000+00:00
2025,3,7946,Jack Stoll,TE,0.0357823828125,12.1,FREE,CAPTURABLE,NO_RELEVANT_TRANSACTION_FOUND,,,,
2025,3,8500,John FitzPatrick,TE,0.0256178749999999,11.2,FREE,CAPTURABLE,NO_RELEVANT_TRANSACTION_FOUND,,,,
2025,3,5185,Allen Lazard,WR,0.0005787578124999,9.3,FREE,CAPTURABLE,NO_RELEVANT_TRANSACTION_FOUND,,,,
2025,3,5973,Josh Oliver,TE,0.0032667734374999,9.2,FREE,CAPTURABLE,NO_RELEVANT_TRANSACTION_FOUND,,,,
2025,3,11299,Zavier Scott,RB,0.0021060781249999,9.1,FREE,AMBIGUOUS,SAME_WEEK_TRANSACTION,3.0,waiver,1276161884067745792,2025-09-23T10:26:52.405000+00:00
2025,3,12493,Oronde Gadsden,TE,0.0983575937499999,17.6,FREE,CAPTURABLE,PLAYER_FREE_BEFORE_WEEK,2.0,waiver,1272960261334011904,2025-09-14T14:24:46.062000+00:00
2025,3,6001,Drew Sample,TE,0.0459709843749999,13.0,FREE,CAPTURABLE,NO_RELEVANT_TRANSACTION_FOUND,,,,
2025,4,7535,Hunter Long,TE,0.086528328125,16.3,FREE,CAPTURABLE,NO_RELEVANT_TRANSACTION_FOUND,,,,
2025,4,9479,Darnell Washington,TE,0.0014997421874999,8.0,FREE,CAPTURABLE,NO_RELEVANT_TRANSACTION_FOUND,,,,
2025,4,2749,Raheem Mostert,RB,0.0403120468749999,11.1,FREE,CAPTURABLE,PLAYER_FREE_BEFORE_WEEK,3.0,free_agent,1276402596487122944,2025-09-24T02:23:22.717000+00:00
2025,4,6869,Adam Trautman,TE,0.003480375,8.2,FREE,CAPTURABLE,PLAYER_FREE_BEFORE_WEEK,3.0,waiver,1274848546310328320,2025-09-19T19:28:08.282000+00:00
2025,5,10214,Davis Allen,TE,0.0005186093749999,8.4,FREE,CAPTURABLE,NO_RELEVANT_TRANSACTION_FOUND,,,,
2025,5,11371,Julian Hill,TE,0.018656890625,10.2,FREE,AMBIGUOUS,TIMING_UNRESOLVED,6.0,waiver,1283563471232856064,2025-10-13T20:38:08.300000+00:00
2025,5,4082,Curtis Samuel,WR,0.0250981171874999,11.1,FREE,CAPTURABLE,PLAYER_FREE_BEFORE_WEEK,4.0,waiver,1276996300373524480,2025-09-25T17:42:32.754000+00:00
2025,5,5973,Josh Oliver,TE,0.0526089921875,13.5,FREE,CAPTURABLE,NO_RELEVANT_TRANSACTION_FOUND,,,,
2025,5,8145,Jeremy Ruckert,TE,0.024840234375,10.8,FREE,CAPTURABLE,NO_RELEVANT_TRANSACTION_FOUND,,,,
2025,5,6843,Albert Okwuegbunam,TE,0.0744918750000001,15.6,FREE,CAPTURABLE,NO_RELEVANT_TRANSACTION_FOUND,,,,
2025,5,7891,Brock Wright,TE,0.02584278125,10.9,FREE,CAPTURABLE,NO_RELEVANT_TRANSACTION_FOUND,,,,
2025,5,11783,Ryan Flournoy,WR,0.16727221875,24.8,FREE,AMBIGUOUS,SAME_WEEK_TRANSACTION,5.0,waiver,1281453052338921472,2025-10-08T00:52:05.225000+00:00
2025,6,11994,Kameron Johnson,WR,0.089676578125,17.4,FREE,AMBIGUOUS,SAME_WEEK_TRANSACTION,6.0,waiver,1283563272909373440,2025-10-13T20:37:21.015000+00:00
2025,6,5409,Tanner Hudson,TE,0.0684635078124999,15.0,FREE,CAPTURABLE,NO_RELEVANT_TRANSACTION_FOUND,,,,
2025,6,8181,Connor Heyward,RB,0.009191640625,9.2,FREE,CAPTURABLE,NO_RELEVANT_TRANSACTION_FOUND,,,,
2025,6,9479,Darnell Washington,TE,0.0703108671874999,15.2,FREE,AMBIGUOUS,SAME_WEEK_TRANSACTION,6.0,waiver,1283959732410810368,2025-10-14T22:52:44.327000+00:00
2025,6,11433,Nate Adkins,TE,0.0433373906249999,12.3,FREE,CAPTURABLE,NO_RELEVANT_TRANSACTION_FOUND,,,,
2025,6,12357,David Martin-Robinson,TE,0.0045718046874999,8.1,FREE,CAPTURABLE,NO_RELEVANT_TRANSACTION_FOUND,,,,
2025,6,11371,Julian Hill,TE,0.0229165,10.1,FREE,AMBIGUOUS,SAME_WEEK_TRANSACTION,6.0,waiver,1283563471232856064,2025-10-13T20:38:08.300000+00:00
2025,6,4080,Zay Jones,WR,0.06626671875,14.9,FREE,CAPTURABLE,NO_RELEVANT_TRANSACTION_FOUND,,,,
2025,6,6853,Van Jefferson,WR,0.0532010468749999,13.5,FREE,CAPTURABLE,NO_RELEVANT_TRANSACTION_FOUND,,,,
2025,6,10231,Elijah Higgins,TE,0.01651575,9.4,FREE,CAPTURABLE,PLAYER_FREE_BEFORE_WEEK,5.0,free_agent,1279622044761210880,2025-10-02T23:36:19.001000+00:00
2025,6,3269,Chris Moore,WR,0.0634392109374999,14.6,FREE,AMBIGUOUS,TIMING_UNRESOLVED,7.0,waiver,1285255215141908480,2025-10-18T12:40:31.479000+00:00
2025,7,4080,Zay Jones,WR,0.0186571484375,10.7,FREE,CAPTURABLE,NO_RELEVANT_TRANSACTION_FOUND,,,,
2025,7,6960,Tyler Johnson,WR,0.0127243828125,10.0,FREE,CAPTURABLE,NO_RELEVANT_TRANSACTION_FOUND,,,,
2025,7,6865,Colby Parkinson,TE,0.0448315468749999,12.7,FREE,CAPTURABLE,NO_RELEVANT_TRANSACTION_FOUND,,,,
2025,7,9487,Parker Washington,WR,0.032410984375,12.3,FREE,CAPTURABLE,PLAYER_FREE_BEFORE_WEEK,6.0,waiver,1284042850505351168,2025-10-15T04:23:01.225000+00:00
2025,7,6853,Van Jefferson,WR,0.009312,9.6,FREE,AMBIGUOUS,TIMING_UNRESOLVED,8.0,waiver,1287231383151841280,2025-10-23T23:33:06.648000+00:00
2025,7,7891,Brock Wright,TE,0.015980734375,9.3,FREE,CAPTURABLE,NO_RELEVANT_TRANSACTION_FOUND,,,,
2025,8,4177,Mack Hollins,WR,0.095306640625,17.9,FREE,CAPTURABLE,NO_RELEVANT_TRANSACTION_FOUND,,,,
2025,8,8127,Charlie Kolar,TE,0.0091076484375,9.0,FREE,CAPTURABLE,NO_RELEVANT_TRANSACTION_FOUND,,,,
2025,8,11608,Isaiah Williams,WR,0.0212654999999999,10.3,FREE,CAPTURABLE,NO_RELEVANT_TRANSACTION_FOUND,,,,
2025,8,5121,Braxton Berrios,WR,0.0212654999999999,10.3,FREE,CAPTURABLE,NO_RELEVANT_TRANSACTION_FOUND,,,,
2025,8,10871,Luke Schoonmaker,TE,0.0043110703125,8.5,FREE,CAPTURABLE,NO_RELEVANT_TRANSACTION_FOUND,,,,
2025,8,6960,Tyler Johnson,WR,0.0806967031249999,16.4,FREE,CAPTURABLE,NO_RELEVANT_TRANSACTION_FOUND,,,,
2025,9,8127,Charlie Kolar,TE,0.0541655781249999,13.3,FREE,CAPTURABLE,NO_RELEVANT_TRANSACTION_FOUND,,,,
2025,9,7716,John Bates,TE,0.0024052031249999,8.0,FREE,CAPTURABLE,NO_RELEVANT_TRANSACTION_FOUND,,,,
2025,9,8423,Brittain Brown,RB,0.0317957890624999,11.2,FREE,CAPTURABLE,NO_RELEVANT_TRANSACTION_FOUND,,,,
2025,9,9481,Luke Musgrave,TE,0.0354613984375,11.4,FREE,AMBIGUOUS,SAME_WEEK_TRANSACTION,9.0,waiver,1290802132378738688,2025-11-02T20:01:59.604000+00:00
2025,9,5409,Tanner Hudson,TE,0.0139765312499999,9.2,FREE,CAPTURABLE,NO_RELEVANT_TRANSACTION_FOUND,,,,
2025,9,7585,Davis Mills,QB,0.02019175,10.080000000000002,FREE,AMBIGUOUS,SAME_WEEK_TRANSACTION,9.0,waiver,1291593085079269376,2025-11-05T00:24:57.423000+00:00
2025,9,10214,Davis Allen,TE,0.0383579062499999,11.7,FREE,CAPTURABLE,NO_RELEVANT_TRANSACTION_FOUND,,,,
2025,9,7039,Cody White,WR,0.0623216171875,16.0,FREE,CAPTURABLE,NO_RELEVANT_TRANSACTION_FOUND,,,,
2025,9,10231,Elijah Higgins,TE,0.0217814687499999,10.0,FREE,CAPTURABLE,NO_RELEVANT_TRANSACTION_FOUND,,,,
2025,10,12658,Jackson Hawes,TE,0.0320608203125001,10.6,FREE,CAPTURABLE,NO_RELEVANT_TRANSACTION_FOUND,,,,
2025,10,3634,Kalif Raymond,WR,0.0415847421874999,12.1,FREE,CAPTURABLE,NO_RELEVANT_TRANSACTION_FOUND,,,,
2025,10,7720,Kene Nwangwu,RB,0.0004380312499999,6.0,FREE,CAPTURABLE,NO_RELEVANT_TRANSACTION_FOUND,,,,
2025,10,4177,Mack Hollins,WR,0.1192786796874999,20.6,FREE,AMBIGUOUS,SAME_WEEK_TRANSACTION,10.0,waiver,1294005849974411264,2025-11-11T16:12:25.403000+00:00
2025,10,6865,Colby Parkinson,TE,0.130017859375,21.1,FREE,CAPTURABLE,NO_RELEVANT_TRANSACTION_FOUND,,,,
2025,10,7842,Luke Farrell,TE,0.0404136015625,11.5,FREE,CAPTURABLE,NO_RELEVANT_TRANSACTION_FOUND,,,,
2025,10,10214,Davis Allen,TE,0.033967453125,10.8,FREE,CAPTURABLE,NO_RELEVANT_TRANSACTION_FOUND,,,,
2025,10,12048,George Holani,RB,0.0503815624999999,11.5,FREE,CAPTURABLE,NO_RELEVANT_TRANSACTION_FOUND,,,,
2025,11,8145,Jeremy Ruckert,TE,0.0327208281249999,11.3,FREE,CAPTURABLE,NO_RELEVANT_TRANSACTION_FOUND,,,,
2025,11,8147,John Metchie,WR,0.0563806484375,14.5,FREE,AMBIGUOUS,TIMING_UNRESOLVED,12.0,waiver,1299237545694986240,2025-11-26T02:41:18.861000+00:00
2025,11,9511,Keaton Mitchell,RB,0.0247339140624999,9.6,FREE,CAPTURABLE,NO_RELEVANT_TRANSACTION_FOUND,,,,
2025,11,11377,Tyrell Shavers,WR,0.1274142265625,22.0,FREE,AMBIGUOUS,SAME_WEEK_TRANSACTION,11.0,waiver,1296757319727587328,2025-11-19T06:25:46.910000+00:00
2025,11,4972,Mason Rudolph,QB,0.060600984375,18.68,FREE,AMBIGUOUS,SAME_WEEK_TRANSACTION,11.0,waiver,1296645735806169088,2025-11-18T23:02:23.231000+00:00
2025,11,6865,Colby Parkinson,TE,0.0336516796874999,11.4,FREE,CAPTURABLE,NO_RELEVANT_TRANSACTION_FOUND,,,,
2025,11,6920,Isaiah Hodgins,WR,0.0393098359374999,12.7,FREE,CAPTURABLE,NO_RELEVANT_TRANSACTION_FOUND,,,,
2025,11,7607,Michael Carter,RB,0.0256403124999999,9.7,FREE,AMBIGUOUS,SAME_WEEK_TRANSACTION,11.0,waiver,1294364429726535680,2025-11-12T15:57:17.476000+00:00
2025,11,10212,Josh Whyle,TE,0.0036458437499999,8.2,FREE,CAPTURABLE,NO_RELEVANT_TRANSACTION_FOUND,,,,
2025,11,5409,Tanner Hudson,TE,0.0036458437499999,8.2,FREE,CAPTURABLE,NO_RELEVANT_TRANSACTION_FOUND,,,,
2025,12,12658,Jackson Hawes,TE,0.0139133828125,8.6,FREE,CAPTURABLE,NO_RELEVANT_TRANSACTION_FOUND,,,,
2025,12,6865,Colby Parkinson,TE,0.1214093359374999,20.1,FREE,AMBIGUOUS,TIMING_UNRESOLVED,13.0,waiver,1301843881645580288,2025-12-03T07:17:57.775000+00:00
2025,12,11068,Mitchell Tinsley,WR,0.0341765546875,11.4,FREE,CAPTURABLE,NO_RELEVANT_TRANSACTION_FOUND,,,,
2025,12,11593,Brevyn Spann-Ford,TE,0.0120955859375,8.4,FREE,CAPTURABLE,NO_RELEVANT_TRANSACTION_FOUND,,,,
2025,12,8147,John Metchie,WR,0.11608390625,20.0,FREE,AMBIGUOUS,SAME_WEEK_TRANSACTION,12.0,waiver,1299237545694986240,2025-11-26T02:41:18.861000+00:00
2025,12,6154,David Sills,WR,0.0172111718749999,9.6,FREE,CAPTURABLE,NO_RELEVANT_TRANSACTION_FOUND,,,,
2025,12,7607,Michael Carter,RB,0.0389553203125,11.8,FREE,CAPTURABLE,PLAYER_FREE_BEFORE_WEEK,11.0,waiver,1294364429726535680,2025-11-12T15:57:17.476000+00:00
2025,12,8489,Drew Ogletree,TE,0.03445190625,10.8,FREE,CAPTURABLE,NO_RELEVANT_TRANSACTION_FOUND,,,,
2025,12,4995,Ian Thomas,TE,0.051220734375,12.6,FREE,CAPTURABLE,NO_RELEVANT_TRANSACTION_FOUND,,,,
2025,12,6699,Gunner Olszewski,WR,0.00059084375,7.82,FREE,CAPTURABLE,NO_RELEVANT_TRANSACTION_FOUND,,,,
2025,12,6957,James Proche,WR,0.0041040468749999,8.2,FREE,CAPTURABLE,NO_RELEVANT_TRANSACTION_FOUND,,,,
2025,12,10214,Davis Allen,TE,0.016729171875,8.9,FREE,CAPTURABLE,NO_RELEVANT_TRANSACTION_FOUND,,,,
2025,12,2152,Teddy Bridgewater,QB,0.0031346953124999,2.78,FREE,AMBIGUOUS,TIMING_UNRESOLVED,13.0,waiver,1299413499948072960,2025-11-26T14:20:29.624000+00:00
2025,12,6920,Isaiah Hodgins,WR,0.0464311406249999,12.7,FREE,CAPTURABLE,NO_RELEVANT_TRANSACTION_FOUND,,,,
2025,12,7075,Charlie Woerner,TE,0.0213791171875,9.4,FREE,CAPTURABLE,NO_RELEVANT_TRANSACTION_FOUND,,,,
2025,13,8800,Malik Davis,RB,0.0550446328124999,13.3,FREE,AMBIGUOUS,SAME_WEEK_TRANSACTION,13.0,waiver,1301846171785920512,2025-12-03T07:27:03.788000+00:00
2025,13,9511,Keaton Mitchell,RB,0.0395872109375,12.0,FREE,AMBIGUOUS,SAME_WEEK_TRANSACTION,13.0,waiver,1301777996574625792,2025-12-03T02:56:09.550000+00:00
2025,13,7537,Jaret Patterson,RB,0.0704784843749999,14.6,FREE,CAPTURABLE,NO_RELEVANT_TRANSACTION_FOUND,,,,
2025,13,6154,David Sills,WR,0.0081898671874999,9.5,FREE,CAPTURABLE,NO_RELEVANT_TRANSACTION_FOUND,,,,
2025,13,6865,Colby Parkinson,TE,0.0507378515624999,13.7,FREE,AMBIGUOUS,SAME_WEEK_TRANSACTION,13.0,waiver,1301777921324634112,2025-12-03T02:55:51.610000+00:00
2025,13,6869,Adam Trautman,TE,0.0507378515624999,13.7,FREE,CAPTURABLE,NO_RELEVANT_TRANSACTION_FOUND,,,,
2025,13,11168,Xavier Smith,WR,0.0523536562499999,13.2,FREE,CAPTURABLE,NO_RELEVANT_TRANSACTION_FOUND,,,,
2025,13,11599,Cade Stover,TE,0.0028859609374999,9.7,FREE,AMBIGUOUS,SAME_WEEK_TRANSACTION,13.0,free_agent,1299515428485214208,2025-11-26T21:05:31.281000+00:00
2025,14,12658,Jackson Hawes,TE,0.004965953125,8.3,FREE,AMBIGUOUS,TIMING_UNRESOLVED,15.0,waiver,1305913690834374656,2025-12-14T12:49:55.899000+00:00
2025,14,8204,Bo Melton,WR,0.0584348124999999,13.5,FREE,CAPTURABLE,NO_RELEVANT_TRANSACTION_FOUND,,,,
2025,14,11257,Shedrick Jackson,WR,0.0172487031249999,9.5,FREE,CAPTURABLE,NO_RELEVANT_TRANSACTION_FOUND,,,,
2025,14,11608,Isaiah Williams,WR,0.0316206328124999,10.9,FREE,CAPTURABLE,NO_RELEVANT_TRANSACTION_FOUND,,,,
2025,14,5973,Josh Oliver,TE,0.1075731093749999,18.4,FREE,CAPTURABLE,NO_RELEVANT_TRANSACTION_FOUND,,,,
2025,15,6154,David Sills,WR,0.0584169374999999,15.8,FREE,CAPTURABLE,NO_RELEVANT_TRANSACTION_FOUND,,,,
2025,15,11570,Rasheen Ali,RB,0.0161156640624999,11.2,FREE,CAPTURABLE,NO_RELEVANT_TRANSACTION_FOUND,,,,
2025,15,11588,Jawhar Jordan,RB,0.1061356640624999,21.3,FREE,AMBIGUOUS,TIMING_UNRESOLVED,16.0,waiver,1307509705916043264,2025-12-18T22:31:55.547000+00:00
2025,15,2359,Ameer Abdullah,RB,0.0187808281249999,11.5,FREE,CAPTURABLE,NO_RELEVANT_TRANSACTION_FOUND,,,,
2025,15,10214,Davis Allen,TE,0.0065594296874999,9.6,FREE,CAPTURABLE,NO_RELEVANT_TRANSACTION_FOUND,,,,
2025,15,11608,Isaiah Williams,WR,0.0361811796875,13.3,FREE,AMBIGUOUS,TIMING_UNRESOLVED,16.0,waiver,1309259524988743680,2025-12-23T18:25:04.925000+00:00
2025,15,11599,Cade Stover,TE,0.0030327265625,9.2,FREE,CAPTURABLE,NO_RELEVANT_TRANSACTION_FOUND,,,,
2025,16,13079,Jahdae Walker,WR,0.0074589374999999,10.6,FREE,CAPTURABLE,NO_RELEVANT_TRANSACTION_FOUND,,,,
2025,16,8161,Malik Willis,QB,0.1079278203124999,22.74,FREE,AMBIGUOUS,SAME_WEEK_TRANSACTION,16.0,waiver,1309432020241248256,2025-12-24T05:50:30.997000+00:00
2025,16,10231,Elijah Higgins,TE,0.163803625,27.1,FREE,AMBIGUOUS,TIMING_UNRESOLVED,17.0,waiver,1309647587090903040,2025-12-24T20:07:06.140000+00:00
2025,16,3634,Kalif Raymond,WR,0.0745712578125,17.7,FREE,CAPTURABLE,NO_RELEVANT_TRANSACTION_FOUND,,,,
2025,16,4177,Mack Hollins,WR,0.0527696718749999,15.4,FREE,AMBIGUOUS,SAME_WEEK_TRANSACTION,16.0,waiver,1309259493921546240,2025-12-23T18:24:57.517000+00:00
2025,16,6144,Trayveon Williams,RB,0.01924371875,11.6,FREE,CAPTURABLE,NO_RELEVANT_TRANSACTION_FOUND,,,,
2025,16,4435,Anthony Firkser,TE,0.0503720781249998,15.0,FREE,CAPTURABLE,NO_RELEVANT_TRANSACTION_FOUND,,,,
2025,16,8583,Stone Smartt,TE,0.0447528515624999,14.4,FREE,CAPTURABLE,NO_RELEVANT_TRANSACTION_FOUND,,,,
2025,16,5010,Will Dissly,TE,0.0111538749999999,10.8,FREE,CAPTURABLE,NO_RELEVANT_TRANSACTION_FOUND,,,,
2025,17,6869,Adam Trautman,TE,0.0023383828124999,8.4,FREE,CAPTURABLE,NO_RELEVANT_TRANSACTION_FOUND,,,,
2025,17,2197,Brandin Cooks,WR,0.0838660312499999,17.6,FREE,CAPTURABLE,NO_RELEVANT_TRANSACTION_FOUND,,,,
2025,17,4054,Mo Alie-Cox,TE,0.0550362187499999,14.0,FREE,CAPTURABLE,NO_RELEVANT_TRANSACTION_FOUND,,,,
2025,17,5409,Tanner Hudson,TE,0.0088138906249999,9.1,FREE,CAPTURABLE,NO_RELEVANT_TRANSACTION_FOUND,,,,
2025,17,12860,Theo Wease,WR,0.0715282656249999,16.3,FREE,CAPTURABLE,NO_RELEVANT_TRANSACTION_FOUND,,,,
2025,17,8200,Kevin Austin,WR,0.065730578125,15.7,FREE,CAPTURABLE,NO_RELEVANT_TRANSACTION_FOUND,,,,
2025,17,11168,Xavier Smith,WR,0.0324361015624999,12.2,FREE,CAPTURABLE,NO_RELEVANT_TRANSACTION_FOUND,,,,
2025,18,7608,Khalil Herbert,RB,0.0026613046874999,9.000000000000002,FREE,CAPTURABLE,NO_RELEVANT_TRANSACTION_FOUND,,,,
2025,18,8181,Connor Heyward,RB,0.0144338359374999,10.1,FREE,CAPTURABLE,NO_RELEVANT_TRANSACTION_FOUND,,,,
2025,18,12171,British Brooks,RB,0.0176942031249999,10.4,FREE,CAPTURABLE,NO_RELEVANT_TRANSACTION_FOUND,,,,
2025,18,13079,Jahdae Walker,WR,0.0301237578125,11.6,FREE,CAPTURABLE,NO_RELEVANT_TRANSACTION_FOUND,,,,
2025,18,3271,Tyler Higbee,TE,0.2203844140625001,29.1,FREE,CAPTURABLE,NO_RELEVANT_TRANSACTION_FOUND,,,,
2025,18,5973,Josh Oliver,TE,0.0027190859374999,8.9,FREE,CAPTURABLE,NO_RELEVANT_TRANSACTION_FOUND,,,,
2025,18,7716,John Bates,TE,0.0394785078125,12.3,FREE,CAPTURABLE,NO_RELEVANT_TRANSACTION_FOUND,,,,
2025,18,8230,Ty Chandler,RB,0.0016084531249999,8.9,FREE,CAPTURABLE,NO_RELEVANT_TRANSACTION_FOUND,,,,
2025,18,12765,Keleki Latu,TE,0.0372527968749999,12.1,FREE,CAPTURABLE,NO_RELEVANT_TRANSACTION_FOUND,,,,
2025,18,4054,Mo Alie-Cox,TE,0.0058961796875,9.2,FREE,CAPTURABLE,NO_RELEVANT_TRANSACTION_FOUND,,,,
2025,18,4992,Dante Pettis,WR,0.0399265703125,12.5,FREE,CAPTURABLE,NO_RELEVANT_TRANSACTION_FOUND,,,,
2025,18,7602,Kylen Granson,TE,0.0361841093749999,12.0,FREE,CAPTURABLE,NO_RELEVANT_TRANSACTION_FOUND,,,,
2025,18,11370,Chris Brooks,RB,0.0154875781249999,10.2,FREE,CAPTURABLE,NO_RELEVANT_TRANSACTION_FOUND,,,,
2025,18,12860,Theo Wease,WR,0.001048828125,8.9,FREE,CAPTURABLE,NO_RELEVANT_TRANSACTION_FOUND,,,,
2025,18,3634,Kalif Raymond,WR,0.00420734375,9.2,FREE,CAPTURABLE,NO_RELEVANT_TRANSACTION_FOUND,,,,
2025,18,5086,Marquez Valdes-Scantling,WR,0.0064087734375,9.4,FREE,CAPTURABLE,NO_RELEVANT_TRANSACTION_FOUND,,,,
2025,18,6001,Drew Sample,TE,0.0005047421874999,8.7,FREE,CAPTURABLE,NO_RELEVANT_TRANSACTION_FOUND,,,,
2025,18,8177,Grant Calcaterra,TE,0.0372527968749999,12.1,FREE,CAPTURABLE,NO_RELEVANT_TRANSACTION_FOUND,,,,
2025,18,9230,Tanner McKee,QB,0.1127026796874999,18.34,FREE,CAPTURABLE,NO_RELEVANT_TRANSACTION_FOUND,,,,
2025,18,10221,Ronnie Bell,WR,0.0161233671875,10.3,FREE,CAPTURABLE,NO_RELEVANT_TRANSACTION_FOUND,,,,
2025,18,11593,Brevyn Spann-Ford,TE,0.003778984375,9.0,FREE,CAPTURABLE,NO_RELEVANT_TRANSACTION_FOUND,,,,
2025,18,6699,Gunner Olszewski,WR,0.1349003359375,21.200000000000003,FREE,CAPTURABLE,NO_RELEVANT_TRANSACTION_FOUND,,,,
2025,18,7050,Josiah Deguara,TE,0.0416013281249999,12.5,FREE,CAPTURABLE,NO_RELEVANT_TRANSACTION_FOUND,,,,
2025,18,7537,Jaret Patterson,RB,0.0059129843749999,9.3,FREE,CAPTURABLE,NO_RELEVANT_TRANSACTION_FOUND,,,,
