season,week,player_name,position,prior_signal_band,prev1_opportunity,prev3_opportunity_mean,positive_worp,weekly_worp,fantasy_points
2023,9,Noah Brown,WR,MID_PRIOR_USAGE,5.0,3.3333333333333335,True,0.252336953125,32.8
2023,18,Tyrod Taylor,QB,HIGH_PRIOR_USAGE,47.0,23.0,True,0.2241883203124999,35.28
2023,17,Bo Melton,WR,MID_PRIOR_USAGE,6.0,2.6666666666666665,True,0.1788746874999999,26.0
2024,18,Jordan Akins,TE,HIGH_PRIOR_USAGE,8.0,4.666666666666667,True,0.1608856953125001,26.0
2024,12,David Moore,WR,MID_PRIOR_USAGE,4.0,4.333333333333333,True,0.151760046875,22.6
2023,11,Justin Watson,WR,MID_PRIOR_USAGE,5.0,3.0,True,0.1156854374999999,17.8
2023,14,Will Mallory,TE,MID_PRIOR_USAGE,4.0,3.0,True,0.1084092109375,16.6
2023,18,Johnny Mundt,TE,HIGH_PRIOR_USAGE,7.0,3.6666666666666665,True,0.10341428125,17.8
2023,17,Trevor Siemian,QB,HIGH_PRIOR_USAGE,53.0,26.333333333333332,True,0.097934375,25.54
2024,10,Josh Oliver,TE,MID_PRIOR_USAGE,5.0,2.6666666666666665,True,0.0930920859375,16.2
2024,9,Nick Westbrook-Ikhine,WR,MID_PRIOR_USAGE,4.0,3.3333333333333335,True,0.0920219218749999,17.5
2023,18,Mason Rudolph,QB,MID_PRIOR_USAGE,30.0,20.666666666666668,True,0.088217578125,21.88
2023,16,Easton Stick,QB,MID_PRIOR_USAGE,34.0,19.333333333333332,True,0.0881924531249999,25.5
2024,14,Sincere McCormick,RB,MID_PRIOR_USAGE,14.0,6.333333333333333,True,0.0880274921875,15.9
2024,11,Lil'Jordan Humphrey,WR,MID_PRIOR_USAGE,3.0,4.666666666666667,True,0.0837261249999999,17.7
2023,4,Deven Thompkins,WR,MID_PRIOR_USAGE,4.0,2.3333333333333335,True,0.0794769374999999,17.299999999999997
2025,17,Theo Wease,WR,MID_PRIOR_USAGE,4.0,1.3333333333333333,True,0.0715282656249999,16.3
2023,14,Demarcus Robinson,WR,MID_PRIOR_USAGE,5.0,3.0,True,0.0702501328125,14.6
2023,18,Bo Melton,WR,HIGH_PRIOR_USAGE,9.0,5.666666666666667,True,0.0668132734374999,15.5
2023,18,Brandon Johnson,WR,MID_PRIOR_USAGE,6.0,4.0,True,0.0598547187499999,14.8
2025,15,David Sills,WR,MID_PRIOR_USAGE,4.0,3.6666666666666665,True,0.0584169374999999,15.8
2024,3,KaVontae Turpin,WR,MID_PRIOR_USAGE,4.0,2.5,True,0.0578316328125,15.4
2024,7,Mecole Hardman,WR,MID_PRIOR_USAGE,4.0,1.3333333333333333,True,0.0571651484374999,13.900000000000002
2024,8,Kalif Raymond,WR,MID_PRIOR_USAGE,4.0,3.6666666666666665,True,0.0571574296874999,15.9
2023,16,Trevor Siemian,QB,MID_PRIOR_USAGE,26.0,13.333333333333334,True,0.0556610390624999,22.28
2023,2,Kylen Granson,TE,MID_PRIOR_USAGE,6.0,6.0,True,0.0552430234374999,14.6
2024,17,Payne Durham,TE,HIGH_PRIOR_USAGE,7.0,2.3333333333333335,True,0.052968546875,14.6
2025,16,Mack Hollins,WR,HIGH_PRIOR_USAGE,8.0,6.0,True,0.0527696718749999,15.4
2025,3,Sterling Shepard,WR,MID_PRIOR_USAGE,4.0,5.0,True,0.0522692499999999,14.0
2024,7,Kalif Raymond,WR,MID_PRIOR_USAGE,6.0,2.3333333333333335,True,0.0519244609374999,13.4
2025,13,Colby Parkinson,TE,MID_PRIOR_USAGE,4.0,3.6666666666666665,True,0.0507378515624999,13.7
2023,7,Brandon Powell,WR,MID_PRIOR_USAGE,4.0,3.3333333333333335,True,0.0505154374999999,13.1
2024,11,Austin Hooper,TE,MID_PRIOR_USAGE,4.0,3.0,True,0.04802671875,12.5
2023,14,Brevin Jordan,TE,MID_PRIOR_USAGE,5.0,2.3333333333333335,True,0.047967484375,11.5
2023,7,P.J. Walker,QB,HIGH_PRIOR_USAGE,37.0,12.333333333333334,True,0.047963203125,7.52
2023,8,Darrynton Evans,RB,HIGH_PRIOR_USAGE,17.0,9.0,True,0.0466808046874999,14.8
2025,12,Isaiah Hodgins,WR,MID_PRIOR_USAGE,6.0,2.0,True,0.0464311406249999,12.7
2023,11,Chris Moore,WR,MID_PRIOR_USAGE,4.0,2.0,True,0.0455369687499999,11.9
2023,10,Dyami Brown,WR,MID_PRIOR_USAGE,4.0,1.3333333333333333,True,0.0441191484374999,12.6
2024,12,Jordan Akins,TE,MID_PRIOR_USAGE,4.0,3.0,True,0.0431465468749999,11.8
2024,15,Tim Patrick,WR,HIGH_PRIOR_USAGE,7.0,4.666666666666667,True,0.04175209375,13.5
2024,13,Tanner Hudson,TE,MID_PRIOR_USAGE,2.0,4.0,True,0.041098296875,12.8
2024,12,Tim Patrick,WR,MID_PRIOR_USAGE,4.0,2.0,True,0.040799390625,11.0
2025,18,Dante Pettis,WR,MID_PRIOR_USAGE,4.0,1.6666666666666667,True,0.0399265703125,12.5
2024,4,Austin Hooper,TE,MID_PRIOR_USAGE,4.0,3.0,True,0.0395985703125,12.3
2023,7,Foster Moreau,TE,MID_PRIOR_USAGE,4.0,2.3333333333333335,True,0.0390982187499999,10.3
2025,12,Michael Carter,RB,MID_PRIOR_USAGE,9.0,4.0,True,0.0389553203125,11.8
2023,7,Darrynton Evans,RB,MID_PRIOR_USAGE,10.0,3.3333333333333335,True,0.0377623515624999,11.2
2024,7,Lucas Krull,TE,MID_PRIOR_USAGE,4.0,2.5,True,0.0369909375,12.1
2023,5,Nelson Agholor,WR,MID_PRIOR_USAGE,2.0,4.0,True,0.036920484375,11.9
2024,5,Jeremy McNichols,RB,MID_PRIOR_USAGE,9.0,3.3333333333333335,True,0.0344213984375,12.3
2025,10,Davis Allen,TE,MID_PRIOR_USAGE,4.0,2.3333333333333335,True,0.033967453125,10.8
2025,11,Colby Parkinson,TE,MID_PRIOR_USAGE,5.0,3.3333333333333335,True,0.0336516796874999,11.4
2025,7,Parker Washington,WR,MID_PRIOR_USAGE,4.0,3.0,True,0.032410984375,12.3
2025,18,Jahdae Walker,WR,MID_PRIOR_USAGE,4.0,2.3333333333333335,True,0.0301237578125,11.6
2024,11,Josh Oliver,TE,MID_PRIOR_USAGE,6.0,4.333333333333333,True,0.0293520468749999,10.4
2023,12,D'Ernest Johnson,RB,MID_PRIOR_USAGE,8.0,5.0,True,0.0233904140624999,11.0
2025,6,Julian Hill,TE,MID_PRIOR_USAGE,5.0,2.6666666666666665,True,0.0229165,10.1
2024,16,Tommy Tremble,TE,MID_PRIOR_USAGE,2.0,4.0,True,0.0205064062499999,11.2
2024,14,Tommy Tremble,TE,HIGH_PRIOR_USAGE,8.0,4.333333333333333,True,0.0191310859375,8.3
2023,2,Nick Westbrook-Ikhine,WR,HIGH_PRIOR_USAGE,7.0,7.0,True,0.0190080781249999,12.0
2025,7,Zay Jones,WR,HIGH_PRIOR_USAGE,8.0,4.666666666666667,True,0.0186571484375,10.7
2023,8,P.J. Walker,QB,HIGH_PRIOR_USAGE,35.0,24.0,True,0.0178384531249999,17.82
2024,8,Nick Westbrook-Ikhine,WR,MID_PRIOR_USAGE,4.0,2.0,True,0.0169918515624999,12.4
2023,17,Cedrick Wilson,WR,MID_PRIOR_USAGE,5.0,4.0,True,0.0165644374999998,11.2
2023,7,Colby Parkinson,TE,MID_PRIOR_USAGE,5.0,3.3333333333333335,True,0.0135154921874999,7.6
2025,7,Van Jefferson,WR,MID_PRIOR_USAGE,6.0,2.3333333333333335,True,0.009312,9.6
2024,3,Tommy Tremble,TE,MID_PRIOR_USAGE,4.0,4.0,True,0.0087426640625,9.9
2024,3,Lil'Jordan Humphrey,WR,MID_PRIOR_USAGE,5.0,3.0,True,0.0083488515624999,10.2
2024,10,Jeremy McNichols,RB,MID_PRIOR_USAGE,9.0,5.666666666666667,True,0.0070413749999998,8.0
2025,18,Marquez Valdes-Scantling,WR,HIGH_PRIOR_USAGE,9.0,4.333333333333333,True,0.0064087734375,9.4
2024,7,Simi Fehoko,WR,MID_PRIOR_USAGE,4.0,2.3333333333333335,True,0.0061635625,9.0
2023,8,Noah Brown,WR,MID_PRIOR_USAGE,5.0,1.6666666666666667,True,0.0032488906249999,10.2
2024,12,Brevyn Spann-Ford,TE,MID_PRIOR_USAGE,5.0,1.6666666666666667,True,0.0019026093749999,7.4
2024,12,Darnell Washington,TE,MID_PRIOR_USAGE,4.0,2.6666666666666665,True,0.0019026093749999,7.4
2024,18,Devin Culp,TE,MID_PRIOR_USAGE,4.0,1.3333333333333333,True,0.0004620156249999,9.6
2023,17,Colby Parkinson,TE,MID_PRIOR_USAGE,4.0,2.3333333333333335,False,-0.0004988124999999,9.8
2025,15,Mack Hollins,WR,MID_PRIOR_USAGE,4.0,5.0,False,-0.0008533984375,9.1
2025,10,Isaiah Williams,WR,MID_PRIOR_USAGE,4.0,1.3333333333333333,False,-0.00087621875,7.4
2024,12,Jalen Brooks,WR,MID_PRIOR_USAGE,4.0,3.3333333333333335,False,-0.000919703125,6.6000000000000005
2024,18,Clyde Edwards-Helaire,RB,MID_PRIOR_USAGE,9.0,3.0,False,-0.000937828125,7.6
2025,18,Kevin Austin,WR,MID_PRIOR_USAGE,5.0,4.333333333333333,False,-0.0011509609374999,8.7
2023,14,Xavier Gipson,WR,MID_PRIOR_USAGE,6.0,3.3333333333333335,False,-0.0022541562499999,8.4
2024,18,Dante Pettis,WR,MID_PRIOR_USAGE,4.0,5.333333333333333,False,-0.0029008203124999,10.1
2025,17,Stone Smartt,TE,MID_PRIOR_USAGE,5.0,2.0,False,-0.0032112578124999,7.8
2025,18,Isaiah Williams,WR,MID_PRIOR_USAGE,5.0,5.333333333333333,False,-0.0043099765624999,8.4
2023,15,Alex Erickson,WR,HIGH_PRIOR_USAGE,7.0,3.6666666666666665,False,-0.0048716484374999,8.3
2024,14,Josh Oliver,TE,MID_PRIOR_USAGE,3.0,4.666666666666667,False,-0.0048780390624999,5.6
2024,7,Harrison Bryant,TE,MID_PRIOR_USAGE,5.0,2.3333333333333335,False,-0.0060673906249999,7.9
2024,5,Sterling Shepard,WR,MID_PRIOR_USAGE,5.0,1.6666666666666667,False,-0.0073263671875,7.4
2024,18,Jordan Mims,RB,MID_PRIOR_USAGE,12.0,6.0,False,-0.0075581015625,6.9
2023,6,Nelson Agholor,WR,MID_PRIOR_USAGE,5.0,3.6666666666666665,False,-0.007663984375,7.0
2024,16,Dyami Brown,WR,MID_PRIOR_USAGE,4.0,3.6666666666666665,False,-0.007816578125,9.1
2023,17,Jamal Agnew,WR,MID_PRIOR_USAGE,5.0,2.3333333333333335,False,-0.008997859375,8.8
2025,17,Isaiah Williams,WR,MID_PRIOR_USAGE,4.0,4.666666666666667,False,-0.009833984375,7.7
2025,17,David Sills,WR,MID_PRIOR_USAGE,1.0,5.0,False,-0.009833984375,7.7
2023,13,Nick Westbrook-Ikhine,WR,MID_PRIOR_USAGE,5.0,3.3333333333333335,False,-0.010353953125,4.300000000000001
2023,5,Drew Ogletree,TE,MID_PRIOR_USAGE,4.0,2.6666666666666665,False,-0.0104852734375,6.6
2023,3,Nelson Agholor,WR,MID_PRIOR_USAGE,6.0,3.0,False,-0.0108058906249999,8.4
2024,6,Ameer Abdullah,RB,MID_PRIOR_USAGE,8.0,3.3333333333333335,False,-0.0108913359375,6.6000000000000005
