season,roster_tier,mean_worp,median_worp,min_worp,max_worp,n
2016,1,1.6593512187499997,1.6030454218749999,1.2002038984375,2.1604821875,12
2016,2,1.0575880397135415,1.0411797968749998,0.9201868749999996,1.191562140625,12
2016,3,0.8159732740885416,0.8007607812499998,0.7465677968749997,0.9149542109374996,12
2016,4,0.5925982858072916,0.6127713671874999,0.4646298828124998,0.7371463203124997,12
2016,5,0.3436784986979166,0.3428670625,0.20071684375,0.4522181796874998,12
2016,6,0.1250421197916665,0.1198705273437499,0.0832501562499999,0.1861699140624998,12
2016,7,0.020368819010416653,0.03380389062499995,-0.0548787499999999,0.0705932812499999,12
2016,8,-0.0800133841145833,-0.08092401562500001,-0.096960171875,-0.0593244609374999,12
2016,9,-0.128569134765625,-0.12816937890625,-0.1481911328125,-0.1031604140624999,12
2016,10,-0.17392945442708338,-0.17075549218749997,-0.2056235390625004,-0.1507911718750001,12
2016,11,-0.24722215625,-0.24444590625000007,-0.2809450546875001,-0.2087250234374998,12
2016,12,-0.3151557454427083,-0.308738078125,-0.3627459062499999,-0.2809450546875001,12
2016,13,-0.4025759908854167,-0.39513238671874995,-0.4594104296875,-0.3649613125,12
2016,14,-0.5077127272135417,-0.5232552890625001,-0.5511137265625,-0.4625811875000002,12
2016,15,-0.63158068359375,-0.6337119726562501,-0.6950604921875001,-0.5593082421875002,12
2016,16,-0.7676931803385417,-0.7669405624999999,-0.837312421875,-0.702093125,12
2016,17,-0.9969048502604166,-0.982211875,-1.1757467656249998,-0.83910940625,12
2016,18,-1.31793378125,-1.31762378515625,-1.424047640625,-1.2057500703125,6
2017,1,1.7113853411458335,1.60787582421875,1.3759685000000004,2.4437173359375,12
2017,2,1.1243278489583335,1.10672269140625,0.9127617656250004,1.3531626953125002,12
2017,3,0.7447535592447919,0.7402045625000001,0.6573371875,0.910770203125,12
2017,4,0.5306170878906251,0.5286736523437501,0.4196671015625001,0.6530730781250003,12
2017,5,0.29552628776041673,0.2984413671874999,0.2147310703124999,0.3941479843749999,12
2017,6,0.11266685677083343,0.10082614062500014,0.0110467421875,0.214325078125,12
2017,7,-0.052157765624999936,-0.05811382421874995,-0.0708504062499996,-0.0087633046875,12
2017,8,-0.08331974674479158,-0.08087338281249985,-0.1047318593749999,-0.0726915859375,12
2017,9,-0.11631000846354152,-0.11710124609374986,-0.1293809296875001,-0.1052965624999998,12
2017,10,-0.16659020572916655,-0.1760121835937499,-0.1940512890624998,-0.1330114765624999,12
2017,11,-0.2371086692708332,-0.24980980468749991,-0.2750172812499997,-0.1946177812499998,12
2017,12,-0.3087317643229166,-0.30777635156249983,-0.3310022578125001,-0.2778044140624999,12
2017,13,-0.3624127220052082,-0.3643815898437498,-0.3922637343749997,-0.3328841640624996,12
2017,14,-0.4301869576822915,-0.43044359765624984,-0.4588340312499998,-0.3975551953124999,12
2017,15,-0.5037445703125,-0.49820068749999985,-0.5491270703125,-0.4606310078125001,12
2017,16,-0.6021558424479166,-0.6082865546874999,-0.6477809609374998,-0.5542467031249998,12
2017,17,-0.7413649166666666,-0.7337599843749998,-0.83600221875,-0.6510851484375001,12
2017,18,-1.0085428117187498,-0.9642506874999999,-1.2841394375,-0.8553172187499998,10
2018,1,1.9644234934895834,1.949134203125,1.537404296875,2.3313523750000003,12
2018,2,1.1684168203125,1.1844168164062503,0.9165997421874998,1.4507451796875,12
2018,3,0.6861913528645833,0.6334300664062502,0.5836773828124999,0.89991609375,12
2018,4,0.4778350345052084,0.48290282421875,0.3854384765625002,0.5708128437500001,12
2018,5,0.24838106575520838,0.2387995273437501,0.1686659218750001,0.3747187031250001,12
2018,6,0.11452704882812499,0.12471430859375,0.0675893359375001,0.1498054453124999,12
2018,7,0.009611557291666767,0.01217713671874995,-0.0437898437499997,0.0605598437499999,12
2018,8,-0.07072660156249996,-0.0705749375,-0.0809871015624998,-0.0593196484375,12
2018,9,-0.09723314648437494,-0.0977399882812499,-0.1183275546874998,-0.0848069921875,12
2018,10,-0.13579115494791658,-0.13909193749999987,-0.1470979218749999,-0.1184256796874998,12
2018,11,-0.1628308938802083,-0.16380564453125,-0.1823327890625,-0.1483444921874999,12
2018,12,-0.21082019596354162,-0.2117549609374999,-0.2355895312500001,-0.1833155000000001,12
2018,13,-0.26903594270833325,-0.26086144140625,-0.3095213124999997,-0.2426341249999998,12
2018,14,-0.33090817122395827,-0.3267156874999999,-0.3534493359375,-0.3127675390625,12
2018,15,-0.38402699609374996,-0.37180263671875,-0.4304635703124999,-0.353872203125,12
2018,16,-0.46839843945312487,-0.4632096874999999,-0.4952994843749997,-0.44295259375,12
2018,17,-0.5365066334635417,-0.53426334375,-0.5704124921874998,-0.4979725781249999,12
2018,18,-0.6144478085937499,-0.6013491484375,-0.6868618828124998,-0.5771483203124999,12
2018,19,-0.9078010136718749,-0.8689529804687499,-1.1229510937499998,-0.77791565625,12
2019,1,1.5914081595052083,1.5272005781249998,1.3104310390624998,2.5167979765625,12
2019,2,1.1877625169270833,1.1838360156249996,1.1228055781249997,1.2807884843750004,12
2019,3,0.8661803346354167,0.8497524414062496,0.7078623906249998,1.0802975468750002,12
2019,4,0.5062594303385416,0.48945183203124987,0.4008515312499998,0.6157780859374999,12
2019,5,0.3131380299479167,0.3380348515625,0.2065292578125001,0.3926198593749999,12
2019,6,0.12337264648437495,0.11221865234374995,0.0575581953125,0.2046510781250002,12
2019,7,-0.013269268229166685,-0.01420287109375005,-0.0602200859374998,0.04973834375,12
2019,8,-0.07553751562499995,-0.07378937890625005,-0.0881435468749999,-0.0621213046874999,12
2019,9,-0.10474422591145832,-0.10247222265624989,-0.1272722968750001,-0.08899,12
2019,10,-0.14280400390624995,-0.14164704687499996,-0.162989,-0.1277574609375,12
2019,11,-0.19224231901041658,-0.1916936601562499,-0.2131693593750002,-0.1682287187499999,12
2019,12,-0.23521836718749997,-0.23637377734375015,-0.2539455390624998,-0.2157674453125001,12
2019,13,-0.28591256640625,-0.2906430117187499,-0.3076471093750001,-0.2551404375000001,12
2019,14,-0.3407639720052083,-0.3374155390624999,-0.3814493906249999,-0.3125929140624999,12
2019,15,-0.40616914583333336,-0.4039920820312501,-0.4248342734375,-0.38957634375,12
2019,16,-0.4614238359375,-0.45624075390624996,-0.5008224062500002,-0.4305748906249999,12
2019,17,-0.5428288124999999,-0.5460858945312499,-0.5856108984375,-0.5064082187500001,12
2019,18,-0.6616016555989583,-0.64359081640625,-0.7596592109374998,-0.5974695078125001,12
2019,19,-0.9507446360677084,-0.9673754257812499,-1.1024866640625,-0.7915194765624999,12
2019,20,-1.1895286992187497,-1.1895286992187497,-1.2625346249999998,-1.1165227734374998,2
2020,1,1.7964657473958334,1.6546282734375,1.395136453125,2.7770520703125,12
2020,2,1.1383563216145833,1.081280453125,1.0392079921875,1.374360140625,12
2020,3,0.8678150305989583,0.8849764804687497,0.7108885703124999,1.0308431875,12
2020,4,0.5285497584635417,0.5089774218749998,0.4317478437499999,0.6736580468749999,12
2020,5,0.32311046093749995,0.31800789453124995,0.2407514687499999,0.42893053125,12
2020,6,0.13687262239583334,0.15110215624999995,0.052696859375,0.2268550859374999,12
2020,7,-0.007887383463541708,-0.00021097265625005004,-0.0470503203125,0.0384840234375001,12
2020,8,-0.0707542819010416,-0.07345822656249995,-0.0844196640625,-0.0561205859374998,12
2020,9,-0.10071773697916664,-0.10134256249999996,-0.1102670859375,-0.0851178671875002,12
2020,10,-0.1326804583333333,-0.123658296875,-0.166134140625,-0.1111477890624998,12
2020,11,-0.18884428580729165,-0.1855567109375,-0.2200267656250001,-0.1680976953124999,12
2020,12,-0.2515310091145833,-0.25017738281249996,-0.27122125,-0.2284522421874999,12
2020,13,-0.2903716041666667,-0.2905446406250001,-0.3092891640625,-0.2719712578125,12
2020,14,-0.33316627278645833,-0.3283584726562499,-0.3589370624999999,-0.3123590312500001,12
2020,15,-0.38153453059895837,-0.3767669843750002,-0.4042921015625001,-0.364744328125,12
2020,16,-0.43163381054687505,-0.42819141796875004,-0.4706983671874998,-0.406048078125,12
2020,17,-0.5640704088541667,-0.57158933984375,-0.6166099687500001,-0.4758559921874998,12
2020,18,-0.7142531829427083,-0.7428829882812501,-0.7739939921874999,-0.6234361015625001,12
2020,19,-0.9542410149739583,-0.9362776601562499,-1.1173091796875,-0.7829033671875001,12
2020,20,-1.2504958062500002,-1.2250740703125,-1.4209346875000002,-1.1367500625000002,5
2021,1,2.031806143880208,1.78599791015625,1.4426681718749996,3.6310039921875,12
2021,2,1.2528242330729165,1.2510253476562494,1.050354140625,1.437056203125,12
2021,3,0.8087520390624999,0.7837227460937498,0.6546582109374999,1.0000128437500002,12
2021,4,0.49537407617187496,0.4992012148437501,0.3876080312499998,0.6492099687499999,12
2021,5,0.2751224700520832,0.2717399179687499,0.2032771796874998,0.3548450468749998,12
2021,6,0.13728236914062483,0.14294894531249985,0.0833072499999998,0.1716523906250001,12
2021,7,0.018493016276041534,0.015590957031250002,-0.0307666171875,0.0676409531249999,12
2021,8,-0.05791583203124997,-0.061076085937499996,-0.067169765625,-0.0321410624999999,12
2021,9,-0.0782347890625,-0.07810935156249996,-0.0887966171875,-0.067169765625,12
2021,10,-0.10106077994791669,-0.10152479296875015,-0.115584265625,-0.0887966171875,12
2021,11,-0.14017158138020838,-0.14353574609375006,-0.1649897890625,-0.1177609765625001,12
2021,12,-0.18716807161458335,-0.1834767500000001,-0.2164418203124999,-0.166086875,12
2021,13,-0.22983347395833334,-0.23013317578124998,-0.240595703125,-0.217195640625,12
2021,14,-0.2674590970052083,-0.2625735859375,-0.2975189296875,-0.2433784921875,12
2021,15,-0.3233694889322917,-0.32452476953125003,-0.3432919218750002,-0.3025141406250001,12
2021,16,-0.3805973151041668,-0.3688996015625001,-0.4187266875000002,-0.3566036796875002,12
2021,17,-0.469104091796875,-0.4635983906250001,-0.5269403515625,-0.4213452890624999,12
2021,18,-0.5538700696614585,-0.5554419921875001,-0.5733795703125002,-0.5302496484375002,12
2021,19,-0.6139359036458334,-0.6202348046875001,-0.6414755,-0.5811955234375,12
2021,20,-0.7283168437500002,-0.7332369609375002,-0.7769800156250003,-0.6415250781250001,12
2021,21,-0.9319963652343751,-0.8812555898437502,-1.2842721171875002,-0.7943264453125001,12
2021,22,-1.3323025078125004,-1.3236768359375004,-1.3892340390625002,-1.2926223203125002,4
2022,1,1.9401343626302083,1.88853051171875,1.3877228359375002,2.7143293515625,12
2022,2,1.1664475794270837,1.12301607421875,1.0118980234375003,1.377412703125,12
2022,3,0.8016189485677083,0.8255881601562498,0.6100050703125,0.9605065781250002,12
2022,4,0.48994744270833346,0.4853567265625002,0.3731953515625004,0.598313203125,12
2022,5,0.2707724967447917,0.28239908593750007,0.1744440468749999,0.3503141484375,12
2022,6,0.09449897265625,0.0944619140624999,0.023077921875,0.16770528125,12
2022,7,-0.018159526692708216,-0.00868241796874995,-0.0451719765624999,0.0120890781249999,12
2022,8,-0.06699415429687489,-0.06615129296874994,-0.0818784921874999,-0.0491130937499999,12
2022,9,-0.0935008222656249,-0.09034524218749976,-0.1102681328124999,-0.0818784921874999,12
2022,10,-0.13722886067708326,-0.13855887890624985,-0.1518324296874999,-0.1172268046875,12
2022,11,-0.18552551367187495,-0.1829533203125,-0.2210052968750001,-0.1566151718749999,12
2022,12,-0.24477376236979162,-0.2432345507812499,-0.2625185859374998,-0.2216703046875001,12
2022,13,-0.27701263606770826,-0.27732773828125,-0.2876075703124999,-0.2628753046875,12
2022,14,-0.306937390625,-0.3041972734374999,-0.324865375,-0.290941765625,12
2022,15,-0.352696208984375,-0.35648275390624984,-0.3800996328125,-0.32680946875,12
2022,16,-0.40239359440104155,-0.3991609374999998,-0.4272349765624998,-0.3817068984375,12
2022,17,-0.45832483658854156,-0.467693265625,-0.4950311640624999,-0.4272540859374999,12
2022,18,-0.5956072311197915,-0.58874433203125,-0.6972923749999997,-0.5034514296874997,12
2022,19,-0.7842002753906249,-0.7784152070312499,-0.83602253125,-0.7003000859375,12
2022,20,-1.1302915561079545,-1.1573695625,-1.425161890625,-0.8579884375,11
2023,1,2.1245582747395835,1.9191700312500002,1.63017175,3.2670137265625,12
2023,2,1.3831232356770833,1.35832193359375,1.1917039609375002,1.5652359609375002,12
2023,3,1.0472006217447916,1.07132994921875,0.928194109375,1.1668637578125,12
2023,4,0.6498923971354166,0.6470592187499999,0.48097753125,0.9159156796875,12
2023,5,0.3092292805989583,0.29453296875,0.2293733593749998,0.4194157812499999,12
2023,6,0.1469197096354165,0.14430178906249996,0.0768727187499997,0.2221804218749996,12
2023,7,-0.006738256510416707,-0.00211049999999995,-0.0638959609375,0.0392223984374999,12
2023,8,-0.0815616295572916,-0.08568725781250006,-0.090069140625,-0.0670411171874998,12
2023,9,-0.11712509830729163,-0.11415646874999996,-0.1589531328125,-0.090069140625,12
2023,10,-0.179595859375,-0.17598578515625005,-0.19931346875,-0.1611404453125,12
2023,11,-0.2328830501302083,-0.227754703125,-0.2661238749999999,-0.1993401328124999,12
2023,12,-0.29309451953125004,-0.2916452773437501,-0.3152682343749999,-0.2677686015625001,12
2023,13,-0.37040180859375,-0.3737030898437501,-0.4049410078125,-0.3159699296874998,12
2023,14,-0.442665154296875,-0.4442021484375,-0.4641004921875001,-0.4050248359374999,12
2023,15,-0.4983751289062501,-0.4912449999999998,-0.5454537109375002,-0.4678828124999999,12
2023,16,-0.5967216197916668,-0.58516333203125,-0.6586328359375002,-0.5467337031250001,12
2023,17,-0.6992099583333334,-0.68573339453125,-0.7519339687500002,-0.6605781640625001,12
2023,18,-0.8220174850260418,-0.7993942187500002,-0.956100625,-0.7540986015625001,12
2023,19,-1.088352697048611,-1.0518755703124998,-1.2784166015625,-0.9576988984375,9
2024,1,1.8833545390625002,1.748160390625,1.5085174218750004,3.0857394765625004,12
2024,2,1.30849075,1.3231825039062501,1.1363917031250002,1.4779157109375003,12
2024,3,0.9708029895833334,0.96728956640625,0.8756442812500004,1.0557345703125,12
2024,4,0.6894216002604168,0.7353358984375,0.4968490625000001,0.8693061718750003,12
2024,5,0.3763792656250002,0.3979494882812501,0.2238591015625001,0.4730131562500002,12
2024,6,0.1577289251302085,0.1587761015625001,0.1211174999999999,0.2173063281249999,12
2024,7,0.05432264388020843,0.05865331250000015,-0.0128878437499999,0.114612578125,12
2024,8,-0.03891460091145823,-0.038209757812499995,-0.0591204843749996,-0.0146331171874998,12
2024,9,-0.07815403515624991,-0.0769719218749999,-0.1041591875,-0.0599673515624998,12
2024,10,-0.12800562630208326,-0.12278631249999994,-0.1575496015624999,-0.1071382812499996,12
2024,11,-0.19062378124999987,-0.19422237890624985,-0.2278169296875,-0.1576710546874999,12
2024,12,-0.2562414283854166,-0.25451156249999995,-0.2781127968749999,-0.2298239531249999,12
2024,13,-0.3040501835937499,-0.30562575000000003,-0.3219947812499998,-0.281061,12
2024,14,-0.3555998424479166,-0.3559315117187499,-0.3924317031249998,-0.3272754531249999,12
2024,15,-0.4245943470052082,-0.4271256835937499,-0.4462231171875002,-0.3960360625,12
2024,16,-0.4941736979166666,-0.4975998437499999,-0.52203528125,-0.4566379062499999,12
2024,17,-0.5624326184895833,-0.554037671875,-0.6172164687499997,-0.5229086874999997,12
2024,18,-0.6660225520833333,-0.6676321523437498,-0.7253837109374996,-0.6201900937499998,12
2024,19,-0.7976068639322915,-0.7925281328124999,-0.8798306640624998,-0.734462234375,12
2024,20,-1.0553761552734373,-1.0546503437499999,-1.2098511874999998,-0.8888712656249999,8
2025,1,1.777105388671875,1.5590050781250002,1.217497578125,2.9249745000000003,12
2025,2,1.0360442389322917,1.004542015625,0.9179704765625,1.2112848984375002,12
2025,3,0.7592237519531251,0.7873913750000001,0.6100829296875001,0.8756564609375002,12
2025,4,0.473479005859375,0.4818006718750002,0.3286161249999998,0.6012847656250002,12
2025,5,0.19401422265625004,0.18752649999999996,0.1225086171875002,0.2866515234375002,12
2025,6,0.023018213541666655,0.0173800039062499,-0.0251837968750002,0.0947423828124999,12
2025,7,-0.0540631953124999,-0.0592213203124998,-0.070119578125,-0.032388375,12
2025,8,-0.10052238932291661,-0.1039153476562499,-0.1217866796875001,-0.072005890625,12
2025,9,-0.14614470052083328,-0.1510433671875,-0.1586417343749999,-0.12476890625,12
2025,10,-0.17847778971354158,-0.18011378906249986,-0.187673359375,-0.1636008671874998,12
2025,11,-0.20943981119791663,-0.20881434765625004,-0.2293832265625,-0.1920417812499999,12
2025,12,-0.2590234309895833,-0.26032225781249996,-0.2766525390624999,-0.2363473828125001,12
2025,13,-0.3002404023437499,-0.30113456250000004,-0.3236079843749999,-0.2772603906249998,12
2025,14,-0.36094069075520835,-0.36686729296874987,-0.3812409296875,-0.332660359375,12
2025,15,-0.39530358984374986,-0.3936102109374998,-0.4124702499999999,-0.3820555859374998,12
2025,16,-0.44355969986979155,-0.4438239023437499,-0.4701752890625,-0.4149342265624999,12
2025,17,-0.5420218828125,-0.5503151601562498,-0.579768015625,-0.4910715859375,12
2025,18,-0.6636389583333333,-0.6782383046875,-0.7039946640625,-0.5810607578125,12
2025,19,-0.7999082447916667,-0.8102178671874999,-0.8549114765625,-0.7058972421874998,12
2025,20,-1.0327764550781249,-1.05679754296875,-1.2645063671875,-0.8683595703124999,12
2025,21,-1.280696765625,-1.280696765625,-1.280696765625,-1.280696765625,1
