league_id,season,stratum,bench,capacity,test_week,lookback,seed,signed_capture,positive_capture,negative_capture,oracle_positive,positive_capture_fraction
1045730844721270784,2024,SF_1TE,5,16,8,3,17000.0,2.9801400948958325,3.9547600421874995,-0.974619947291666,4.628726459062498,0.8543948485969717
1045730844721270784,2024,SF_1TE,5,16,8,5,17000.0,2.962622891979166,3.959231478854166,-0.9966085868749993,4.628726459062498,0.8553608673725923
1045730844721270784,2024,SF_1TE,5,16,12,3,17000.0,3.3901139722916667,4.131094949062499,-0.7409809767708326,4.805086989583333,0.859733644368574
1045730844721270784,2024,SF_1TE,5,16,12,5,17000.0,3.4726458612499997,4.2060887696875,-0.7334429084374993,4.805086989583333,0.8753408166814948
1045730844721270784,2024,SF_1TE,12,23,8,3,17000.0,3.050220961458333,4.0139388286458315,-0.9637178671874994,5.061667411354165,0.7930072251768057
1045730844721270784,2024,SF_1TE,12,23,8,5,17000.0,3.0106983340624995,4.002887046979166,-0.9921887129166661,5.061667411354165,0.7908237981025822
1045730844721270784,2024,SF_1TE,12,23,12,3,17000.0,3.406161605833333,4.138007378020833,-0.7318457721874992,5.123834803229165,0.8075996859643017
1045730844721270784,2024,SF_1TE,12,23,12,5,17000.0,3.4680342397916664,4.1991751739583325,-0.731140934166666,5.123834803229165,0.8195375798048583
1048204852251164672,2024,1QB,5,15,8,3,17000.0,2.099876501979167,3.096696188541666,-0.9968196865624991,3.7535978826041654,0.8249941217446672
1048204852251164672,2024,1QB,5,15,8,5,17000.0,2.0567490844791667,3.0924314086458327,-1.0356823241666657,3.7535978826041654,0.8238579372014059
1048204852251164672,2024,1QB,5,15,12,3,17000.0,2.3602377021874994,3.1528385701041657,-0.7926008679166662,3.6835672887499986,0.8559199066983969
1048204852251164672,2024,1QB,5,15,12,5,17000.0,2.3710554637499994,3.173787874062499,-0.8027324103124993,3.6835672887499986,0.8616071392955358
1048204852251164672,2024,1QB,12,22,8,3,17000.0,2.096004770625,3.0835240634374994,-0.987519292812499,4.093947050520832,0.7531909976816171
1048204852251164672,2024,1QB,12,22,8,5,17000.0,2.054189815833334,3.0800182736458326,-1.025828457812499,4.093947050520832,0.752334662768536
1048204852251164672,2024,1QB,12,22,12,3,17000.0,2.2909475699999997,3.0893842349999985,-0.7984366649999993,4.124714654374998,0.7489934441218021
1048204852251164672,2024,1QB,12,22,12,5,17000.0,2.366259887604166,3.1691018322916658,-0.8028419446874994,4.124714654374998,0.7683202591796905
1048274355802820608,2024,SF_2TE,5,17,8,3,17000.0,3.1999979786458326,4.0201039463541655,-0.8201059677083328,4.653966801041665,0.8638015951154558
1048274355802820608,2024,SF_2TE,5,17,8,5,17000.0,3.230262289270833,4.066804329791665,-0.8365420405208326,4.653966801041665,0.8738361281136388
1048274355802820608,2024,SF_2TE,5,17,12,3,17000.0,4.044612579999999,4.600693088333332,-0.5560805083333328,5.245269149895832,0.8771128719723943
1048274355802820608,2024,SF_2TE,5,17,12,5,17000.0,4.079804805208332,4.641631124270832,-0.5618263190624996,5.245269149895832,0.8849176260789233
1048274355802820608,2024,SF_2TE,12,24,8,3,17000.0,3.273124941354166,4.079404570624999,-0.8062796292708327,5.067591351249998,0.8049987238254229
1048274355802820608,2024,SF_2TE,12,24,8,5,17000.0,3.265623815937499,4.1012497828124985,-0.8356259668749993,5.067591351249998,0.8093094921319698
1048274355802820608,2024,SF_2TE,12,24,12,3,17000.0,4.017663844374999,4.571639776249999,-0.5539759318749996,5.5586983492708315,0.8224299087662652
1048274355802820608,2024,SF_2TE,12,24,12,5,17000.0,4.072313590520832,4.634703742708332,-0.5623901521874995,5.5586983492708315,0.8337750047754066
1048278093472837632,2024,SF_2TE,5,16,8,3,17000.0,2.9278093928125,3.785340623645832,-0.8575312308333326,4.476503370312499,0.8456020939802358
1048278093472837632,2024,SF_2TE,5,16,8,5,17000.0,2.8858038244791664,3.7831763976041657,-0.8973725731249993,4.476503370312499,0.8451186304680626
1048278093472837632,2024,SF_2TE,5,16,12,3,17000.0,3.3053313013541654,4.010825020312498,-0.7054937189583329,4.7178778537499975,0.8501332897214582
1048278093472837632,2024,SF_2TE,5,16,12,5,17000.0,3.3329618493749993,4.052483785729165,-0.7195219363541662,4.7178778537499975,0.8589632693665553
1048278093472837632,2024,SF_2TE,12,23,8,3,17000.0,2.9875052359375,3.8320878533333325,-0.8445826173958326,4.901715077187498,0.7817851084751553
1048278093472837632,2024,SF_2TE,12,23,8,5,17000.0,2.9082129997916666,3.802628446145832,-0.894415446354166,4.901715077187498,0.775775088161122
1048278093472837632,2024,SF_2TE,12,23,12,3,17000.0,3.2963622427083323,3.998274913229165,-0.7019126705208328,5.052143845833331,0.7914016376486733
1048278093472837632,2024,SF_2TE,12,23,12,5,17000.0,3.324971269895833,4.045091916874998,-0.7201206469791662,5.052143845833331,0.8006683974786503
1048901308398288896,2024,1QB,5,15,8,3,17000.0,2.126533542187499,3.167175953124999,-1.0406424109374994,3.7902997137499987,0.8356003989962838
1048901308398288896,2024,1QB,5,15,8,5,17000.0,2.110214861666666,3.175687770937499,-1.0654729092708328,3.7902997137499987,0.8378460836268743
1048901308398288896,2024,1QB,5,15,12,3,17000.0,2.4863309767708324,3.344925397916665,-0.858594421145833,3.8749999176041654,0.863206572655817
1048901308398288896,2024,1QB,5,15,12,5,17000.0,2.510927253020832,3.376958110833332,-0.8660308578124996,3.8749999176041654,0.8714730793907313
1048901308398288896,2024,1QB,12,22,8,3,17000.0,2.2031816533333326,3.2261909560416657,-1.023009302708333,4.282738593541665,0.7533009278004349
1048901308398288896,2024,1QB,12,22,8,5,17000.0,2.119547318958333,3.191784485208332,-1.0722371662499997,4.282738593541665,0.7452671732105053
1048901308398288896,2024,1QB,12,22,12,3,17000.0,2.4704010276041655,3.3202880191666657,-0.8498869915624997,4.354564143541665,0.76248458162938
1048901308398288896,2024,1QB,12,22,12,5,17000.0,2.5192148647916657,3.375888466979165,-0.8566736021874997,4.354564143541665,0.7752528968911867
1055621034914820096,2024,SF_1TE,5,15,8,3,17000.0,1.6284343979166664,3.054107450416666,-1.4256730524999994,3.5668678707291654,0.8562435058163012
1055621034914820096,2024,SF_1TE,5,15,8,5,17000.0,1.6164694512499997,3.052748151770832,-1.4362787005208328,3.5668678707291654,0.8558624155446405
1055621034914820096,2024,SF_1TE,5,15,12,3,17000.0,2.0589340037499997,3.1836005168749995,-1.1246665131249995,3.7835909379166655,0.8414230209114427
1055621034914820096,2024,SF_1TE,5,15,12,5,17000.0,2.101893081145833,3.2279660079166654,-1.126072926770833,3.7835909379166655,0.8531487840210495
1055621034914820096,2024,SF_1TE,12,22,8,3,17000.0,1.8647260373958332,3.168303918437499,-1.303577881041666,4.319224538749999,0.7335353580285083
1055621034914820096,2024,SF_1TE,12,22,8,5,17000.0,1.7143884018749995,3.0996037343749996,-1.3852153324999994,4.319224538749999,0.7176296824966728
1055621034914820096,2024,SF_1TE,12,22,12,3,17000.0,2.102034015104166,3.232482991979166,-1.1304489768749997,4.428852697291665,0.7298691586549935
1055621034914820096,2024,SF_1TE,12,22,12,5,17000.0,2.190749391145833,3.301115151458333,-1.1103657603124997,4.428852697291665,0.7453657588289249
1180084795436826624,2025,SF_1TE,5,15,8,3,17000.0,2.0317600723958336,3.017210111666666,-0.9854500392708322,3.701980449687499,0.8150259442675778
1180084795436826624,2025,SF_1TE,5,15,8,5,17000.0,2.005832372083334,3.002727123229166,-0.9968947511458324,3.701980449687499,0.811113717113941
1180084795436826624,2025,SF_1TE,5,15,12,3,17000.0,2.3971105832291664,3.239659222708332,-0.842548639479166,3.916569149374999,0.8271676304311677
1180084795436826624,2025,SF_1TE,5,15,12,5,17000.0,2.4975167332291663,3.339467810104166,-0.8419510768749993,3.916569149374999,0.8526513085150236
1180084795436826624,2025,SF_1TE,12,22,8,3,17000.0,2.081241409479167,3.0505989166666656,-0.9693575071874988,4.277157627812499,0.7132304165808493
1180084795436826624,2025,SF_1TE,12,22,8,5,17000.0,2.0383282467708335,3.030317759166666,-0.9919895123958323,4.277157627812499,0.7084886793654331
1180084795436826624,2025,SF_1TE,12,22,12,3,17000.0,2.3568984656249996,3.209560106666666,-0.852661641041666,4.332780665729165,0.7407621927537678
1180084795436826624,2025,SF_1TE,12,22,12,5,17000.0,2.450468294895833,3.311280768958332,-0.8608124740624993,4.332780665729165,0.7642391859688277
1180224010881282048,2025,1QB,5,14,8,3,17000.0,1.6433590258333333,2.6309738904166657,-0.9876148645833326,3.2875141105208328,0.8002928054352433
1180224010881282048,2025,1QB,5,14,8,5,17000.0,1.6877894009374999,2.672893544999999,-0.9851041440624991,3.2875141105208328,0.8130439764337739
1180224010881282048,2025,1QB,5,14,12,3,17000.0,2.1324819657291663,2.921494492604165,-0.7890125268749993,3.451798912395832,0.8463686810123038
1180224010881282048,2025,1QB,5,14,12,5,17000.0,2.165695271458333,2.963023227499999,-0.7973279560416661,3.451798912395832,0.8583997222026521
1180354306008649728,2025,SF_2TE,5,16,8,3,17000.0,2.5712252764583323,3.4076973206249987,-0.836472044166666,4.085439171666665,0.8341079569261632
1180354306008649728,2025,SF_2TE,5,16,8,5,17000.0,2.569572344583333,3.422892687083332,-0.8533203424999994,4.085439171666665,0.8378273530106078
1180354306008649728,2025,SF_2TE,5,16,12,3,17000.0,2.8204675851041663,3.617470566562499,-0.7970029814583328,4.215905502916665,0.8580530479299988
1180354306008649728,2025,SF_2TE,5,16,12,5,17000.0,2.925967416979166,3.710954403020832,-0.7849869860416662,4.215905502916665,0.8802271304357995
1180354306008649728,2025,SF_2TE,12,23,8,3,17000.0,2.5819933721874992,3.421179163437499,-0.8391857912499994,4.565510827187499,0.7493529843505059
1180354306008649728,2025,SF_2TE,12,23,8,5,17000.0,2.594451250416666,3.4431668213541653,-0.8487155709374994,4.565510827187499,0.7541690189080696
1180354306008649728,2025,SF_2TE,12,23,12,3,17000.0,2.809135635208333,3.6023995573958323,-0.7932639221874996,4.760741150833332,0.7566888102633472
1180354306008649728,2025,SF_2TE,12,23,12,5,17000.0,2.899244832604166,3.6969740328124985,-0.7977292002083328,4.760741150833332,0.7765543043997196
1180578870847586304,2025,SF_2TE,5,16,8,3,17000.0,2.537323136041666,3.3655282763541656,-0.8282051403124994,3.9805958843749987,0.8454835341524738
1180578870847586304,2025,SF_2TE,5,16,8,5,17000.0,2.5350338909374996,3.3846596111458322,-0.8496257202083326,3.9805958843749987,0.8502896826155123
1180578870847586304,2025,SF_2TE,5,16,12,3,17000.0,2.8332515810416665,3.5656589307291653,-0.7324073496874991,4.187994546249999,0.8514000893152825
1180578870847586304,2025,SF_2TE,5,16,12,5,17000.0,2.924258802083333,3.6421815733333323,-0.717922771249999,4.187994546249999,0.8696719952977502
1180578870847586304,2025,SF_2TE,12,23,8,3,17000.0,2.568434547604166,3.397575659791666,-0.8291411121874993,4.6098424104166655,0.7370264224465262
1180578870847586304,2025,SF_2TE,12,23,8,5,17000.0,2.590187720833333,3.430782369062499,-0.8405946482291661,4.6098424104166655,0.7442298594221151
1180578870847586304,2025,SF_2TE,12,23,12,3,17000.0,2.8044348815625,3.540605226145832,-0.7361703445833324,4.674822231145831,0.75737751107554
1180578870847586304,2025,SF_2TE,12,23,12,5,17000.0,2.882206635625,3.6179484751041655,-0.7357418394791657,4.674822231145831,0.7739221506648353
1180667636675596288,2025,1QB,5,15,8,3,17000.0,1.7206404603125003,2.8044141128124997,-1.083773652499999,3.4772541241666652,0.8065024909517036
1180667636675596288,2025,1QB,5,15,8,5,17000.0,1.7357000737500003,2.826983936874999,-1.091283863124999,3.4772541241666652,0.8129931940342424
1180667636675596288,2025,1QB,5,15,12,3,17000.0,2.1605283570833334,3.065207758645833,-0.9046794015624992,3.5598702565624993,0.8610447959431181
1180667636675596288,2025,1QB,5,15,12,5,17000.0,2.2076611620833337,3.115589604895833,-0.9079284428124992,3.5598702565624993,0.8751975157387688
1180667636675596288,2025,1QB,12,22,8,3,17000.0,1.7418869445833336,2.8341500633333325,-1.0922631187499992,4.055177073229166,0.6988967465917533
1180667636675596288,2025,1QB,12,22,8,5,17000.0,1.750558150729167,2.841306934583333,-1.0907487838541658,4.055177073229166,0.7006616192769062
1180667636675596288,2025,1QB,12,22,12,3,17000.0,2.1775467807291666,3.0661509973958325,-0.8886042166666659,4.056183591458333,0.7559201718217713
1180667636675596288,2025,1QB,12,22,12,5,17000.0,2.2040783533333332,3.1233274446874995,-0.9192490913541659,4.056183591458333,0.7700162909945009
1201959553390891008,2025,SF_1TE,5,15,8,3,17000.0,1.469033619375,2.789711032916666,-1.320677413541666,3.5550269997916657,0.7847228820147218
1201959553390891008,2025,SF_1TE,5,15,8,5,17000.0,1.4426571508333332,2.7865068089583325,-1.3438496581249995,3.5550269997916657,0.7838215600392429
1201959553390891008,2025,SF_1TE,5,15,12,3,17000.0,1.7948249759375,2.9884350907291655,-1.1936101147916658,3.593434421562499,0.8316375756844152
1201959553390891008,2025,SF_1TE,5,15,12,5,17000.0,1.8590323791666663,3.040230518958333,-1.181198139791666,3.593434421562499,0.846051482313229
1201959553390891008,2025,SF_1TE,12,22,8,3,17000.0,1.5021170544791669,2.8187992949999994,-1.3166822405208327,4.239568835937499,0.6648787657617254
1201959553390891008,2025,SF_1TE,12,22,8,5,17000.0,1.4491806223958335,2.8185837589583325,-1.3694031365624992,4.239568835937499,0.6648279266198203
1201959553390891008,2025,SF_1TE,12,22,12,3,17000.0,1.776159751770833,2.955475290624999,-1.1793155388541658,4.138710662291666,0.7141053172797802
1201959553390891008,2025,SF_1TE,12,22,12,5,17000.0,1.8316239480208332,3.0087209481249992,-1.177097000104166,4.138710662291666,0.7269705938948208
914741498980225024,2023,SF_1TE,5,16,8,3,17000.0,2.830285977291666,3.6398223277083326,-0.8095363504166659,4.225556910624999,0.8613828673224447
914741498980225024,2023,SF_1TE,5,16,8,5,17000.0,2.8171692626041662,3.6586735095833323,-0.8415042469791659,4.225556910624999,0.8658440974688425
914741498980225024,2023,SF_1TE,5,16,12,3,17000.0,2.748753391458333,3.5951680530208328,-0.8464146615624992,4.155226247499999,0.865215956696431
914741498980225024,2023,SF_1TE,5,16,12,5,17000.0,2.7467816863541668,3.614539050729166,-0.8677573643749993,4.155226247499999,0.8698777961618482
914741498980225024,2023,SF_1TE,12,23,8,3,17000.0,2.860574609375,3.671387284062499,-0.8108126746874994,4.582219204895832,0.8012247166481772
914741498980225024,2023,SF_1TE,12,23,8,5,17000.0,2.843371481770833,3.6821802194791657,-0.8388087377083325,4.582219204895832,0.8035801114763285
914741498980225024,2023,SF_1TE,12,23,12,3,17000.0,2.7766327844791667,3.6007805693749995,-0.8241477848958324,4.469673202291665,0.8056026484282627
914741498980225024,2023,SF_1TE,12,23,12,5,17000.0,2.7672280908333335,3.6165068399999996,-0.8492787491666659,4.469673202291665,0.8091210870060399
918260594971672576,2023,SF_2TE,5,16,8,3,17000.0,3.025146117604166,3.7812929437499982,-0.7561468261458328,4.383114932395832,0.862695366667724
918260594971672576,2023,SF_2TE,5,16,8,5,17000.0,2.992127543124999,3.782848000729165,-0.7907204576041661,4.383114932395832,0.8630501501956834
918260594971672576,2023,SF_2TE,5,16,12,3,17000.0,2.8744407976041657,3.6308327946874983,-0.7563919970833326,4.185854898541664,0.8674053168810191
918260594971672576,2023,SF_2TE,5,16,12,5,17000.0,2.856820152604166,3.6294035763541657,-0.7725834237499992,4.185854898541664,0.8670638768722336
918260594971672576,2023,SF_2TE,12,23,8,3,17000.0,3.0677055672916658,3.8190741656249987,-0.7513685983333328,4.760001105208332,0.8023263190939635
918260594971672576,2023,SF_2TE,12,23,8,5,17000.0,3.0312344236458326,3.814417417291665,-0.7831829936458328,4.760001105208332,0.8013480108477241
918260594971672576,2023,SF_2TE,12,23,12,3,17000.0,2.9386282197916658,3.690765479895832,-0.752137260104166,4.6098350341666645,0.8006285371474304
918260594971672576,2023,SF_2TE,12,23,12,5,17000.0,2.9321493012499995,3.682634581145832,-0.7504852798958326,4.6098350341666645,0.7988647215900979
918960870980501504,2023,SF_1TE,5,15,8,3,17000.0,2.081212392708333,3.1704078265624993,-1.0891954338541658,3.9628711121874987,0.8000279940501116
918960870980501504,2023,SF_1TE,5,15,8,5,17000.0,1.9958862987499997,3.1586112408333324,-1.1627249420833328,3.9628711121874987,0.7970512165079686
918960870980501504,2023,SF_1TE,5,15,12,3,17000.0,2.2243715114583336,3.3104569984374987,-1.0860854869791658,3.947863818333332,0.8385438684749448
918960870980501504,2023,SF_1TE,5,15,12,5,17000.0,2.1728775441666666,3.2734263977083327,-1.1005488535416659,3.947863818333332,0.82916396014143
918960870980501504,2023,SF_1TE,12,22,12,3,17000.0,2.253198596875,3.349594722812499,-1.096396125937499,4.585753169999999,0.7304350231332881
918960870980501504,2023,SF_1TE,12,22,12,5,17000.0,2.1455704698958336,3.2603697942708325,-1.1147993243749992,4.585753169999999,0.7109780385913865
920016644603248640,2023,SF_2TE,5,17,8,3,17000.0,3.5081093908333325,4.171541750104165,-0.6634323592708329,4.621005021666665,0.9027347363928223
920016644603248640,2023,SF_2TE,5,17,8,5,17000.0,3.5024397922916655,4.1767607166666645,-0.6743209243749996,4.621005021666665,0.903864137148292
920016644603248640,2023,SF_2TE,5,17,12,3,17000.0,3.3221477861458317,4.0086398789583315,-0.6864920928124997,4.582104393854164,0.8748469118981657
920016644603248640,2023,SF_2TE,5,17,12,5,17000.0,3.350168079583332,4.047381648229165,-0.6972135686458331,4.582104393854164,0.8833019286199141
920016644603248640,2023,SF_2TE,12,24,8,3,17000.0,3.5590279694791653,4.220605397604165,-0.6615774281249996,5.072141228229165,0.8321151181899766
920016644603248640,2023,SF_2TE,12,24,8,5,17000.0,3.5595480299999984,4.227636376354165,-0.6680883463541663,5.072141228229165,0.8335013135724848
920016644603248640,2023,SF_2TE,12,24,12,3,17000.0,3.321141840312498,4.017093324062498,-0.6959514837499996,4.903768869062497,0.8191848823475414
920016644603248640,2023,SF_2TE,12,24,12,5,17000.0,3.366089345729165,4.054047178541665,-0.6879578328124997,4.903768869062497,0.8267206890843365
920523240571850752,2023,1QB,5,14,8,3,17000.0,2.0410101926041655,3.0355989004166655,-0.9945887078124999,3.7510800715624986,0.8092599577998872
920523240571850752,2023,1QB,5,14,8,5,17000.0,1.9579615676041655,2.9808536316666654,-1.0228920640624999,3.7510800715624986,0.7946654229710969
920523240571850752,2023,1QB,5,14,12,3,17000.0,1.8528508193749997,2.9255067422916663,-1.0726559229166661,3.5229334368749985,0.8304178306833759
920523240571850752,2023,1QB,5,14,12,5,17000.0,1.8218131391666663,2.940393784166666,-1.1185806449999995,3.5229334368749985,0.8346435823592876
920523240571850752,2023,1QB,12,21,8,3,17000.0,2.025492539999999,3.021501201770832,-0.9960086617708331,4.185834444687498,0.7218396335778655
920523240571850752,2023,1QB,12,21,8,5,17000.0,1.9300088532291655,2.9621553886458325,-1.0321465354166666,4.185834444687498,0.7076618599680375
920523240571850752,2023,1QB,12,21,12,3,17000.0,1.9099441736458331,2.955311378749999,-1.0453672051041663,3.9515871640624987,0.7478795876317553
920523240571850752,2023,1QB,12,21,12,5,17000.0,1.860354117708333,2.9562782065624993,-1.0959240888541661,3.9515871640624987,0.7481242558555246
969999751733186560,2023,1QB,5,15,8,3,17000.0,2.188534622708333,3.107058833333332,-0.9185242106249993,3.688264135833332,0.842417657441261
969999751733186560,2023,1QB,5,15,8,5,17000.0,2.164476559895833,3.0965487161458327,-0.9320721562499994,3.688264135833332,0.8395680466757552
969999751733186560,2023,1QB,5,15,12,3,17000.0,2.095395828541666,3.0024166163541657,-0.9070207878124993,3.575638389895832,0.8396868723745955
969999751733186560,2023,1QB,5,15,12,5,17000.0,2.1069727112499996,3.0492778846874984,-0.9423051734374993,3.575638389895832,0.852792579166914
969999751733186560,2023,1QB,12,22,8,3,17000.0,2.2478500615624992,3.126171668958332,-0.8783216073958325,4.127801979374999,0.7573453582750774
969999751733186560,2023,1QB,12,22,8,5,17000.0,2.232401511770833,3.130381487187499,-0.897979975416666,4.127801979374999,0.7583652275057725
969999751733186560,2023,1QB,12,22,12,3,17000.0,2.139290828854166,3.0359831015624987,-0.8966922727083327,4.011073370520832,0.7569004157030118
969999751733186560,2023,1QB,12,22,12,5,17000.0,2.143282986354166,3.0701960552083327,-0.9269130688541661,4.011073370520832,0.7654300411886188
