league_id,season,stratum,week,roster_id,budget,qb_options,rb_options,mean_gain,chance_gain_ge_025,chance_gain_ge_050,chance_gain_ge_075,delta_more_qb,delta_chance_ge_050,mc_standard_error
920523240571850752,2023,1QB,4,3,8,0,8,0.15864673500000015,0.0,0.0,0.0,-0.02197072625000003,0.0,0.0050741888551721626
920523240571850752,2023,1QB,13,11,8,0,8,0.0,0.0,0.0,0.0,0.0,0.0,0.0
920523240571850752,2023,1QB,14,11,8,0,8,0.0,0.0,0.0,0.0,0.0,0.0,0.0
920523240571850752,2023,1QB,15,11,8,0,8,0.0,0.0,0.0,0.0,0.0,0.0,0.0
969999751733186560,2023,1QB,9,4,8,0,8,0.05211727999999982,0.0,0.0,0.0,-0.006514659999999978,0.0,0.0021715533333333263
1048901308398288896,2024,1QB,6,9,8,5,3,0.0,0.0,0.0,0.0,0.0,0.0,0.0
1048901308398288896,2024,1QB,6,9,8,6,2,0.0,0.0,0.0,0.0,0.0,0.0,0.0
1048901308398288896,2024,1QB,6,9,9,6,3,0.0,0.0,0.0,0.0,0.0,0.0,0.0
1048901308398288896,2024,1QB,7,9,8,4,4,0.0,0.0,0.0,0.0,0.0,0.0,0.0
1048901308398288896,2024,1QB,7,9,8,5,3,0.0,0.0,0.0,0.0,0.0,0.0,0.0
1048901308398288896,2024,1QB,7,9,8,6,2,0.0,0.0,0.0,0.0,0.0,0.0,0.0
1048901308398288896,2024,1QB,7,9,9,5,4,0.0,0.0,0.0,0.0,0.0,0.0,0.0
1048901308398288896,2024,1QB,7,9,9,6,3,0.0,0.0,0.0,0.0,0.0,0.0,0.0
1048901308398288896,2024,1QB,8,9,8,4,4,0.0561126,0.0,0.0,0.0,0.01963941,0.0,0.00467605
1048901308398288896,2024,1QB,8,9,8,5,3,0.07575201000000001,0.0,0.0,0.0,0.007014075,0.0,0.0030355761662415217
1048901308398288896,2024,1QB,8,9,8,6,2,0.08276608499999999,0.0,0.0,0.0,0.007014075,0.0,0.0030355761662415217
1048901308398288896,2024,1QB,8,9,9,5,4,0.07575201000000001,0.0,0.0,0.0,0.007014075,0.0,0.0030355761662415217
1048901308398288896,2024,1QB,8,9,9,6,3,0.08276608499999999,0.0,0.0,0.0,0.007014075,0.0,0.0030355761662415217
1048901308398288896,2024,1QB,9,9,8,4,4,0.10955784000000002,0.0,0.0,0.0,0.020542095000000003,0.0,0.008046607732021302
1048901308398288896,2024,1QB,9,9,8,5,3,0.130099935,0.0,0.0,0.0,0.03766050750000001,0.0,0.010414957105315235
1048901308398288896,2024,1QB,9,9,8,6,2,0.16776044250000005,0.0,0.0,0.0,0.027389460000000004,0.0,0.009129820000000002
1048901308398288896,2024,1QB,9,9,8,7,1,0.19514990250000003,0.0,0.0,0.0,0.023965777500000004,0.0,0.00861607867797795
1048901308398288896,2024,1QB,9,9,9,5,4,0.130099935,0.0,0.0,0.0,0.03766050750000001,0.0,0.010414957105315235
1048901308398288896,2024,1QB,9,9,9,6,3,0.16776044250000005,0.0,0.0,0.0,0.027389460000000004,0.0,0.009129820000000002
1048901308398288896,2024,1QB,9,9,9,7,2,0.19514990250000003,0.0,0.0,0.0,0.023965777500000004,0.0,0.00861607867797795
1048901308398288896,2024,1QB,10,9,8,4,4,0.21216218750000004,0.609375,0.0,0.0,0.012746919999999981,0.0,0.00770658831475165
1048901308398288896,2024,1QB,10,9,8,5,3,0.2249091075,0.609375,0.0,0.0,0.014705364999999977,0.0,0.008330453485250956
1048901308398288896,2024,1QB,10,9,8,6,2,0.2396144725,0.625,0.0,0.0,0.015532294999999974,0.0,0.007287299360088022
1048901308398288896,2024,1QB,10,9,8,7,1,0.2551467675,0.71875,0.0,0.0,0.034609152499999976,0.0,0.009857404803692314
1048901308398288896,2024,1QB,10,9,9,5,4,0.23468694750000002,0.671875,0.0,0.0,0.019594284999999982,0.0,0.008496852716193154
1048901308398288896,2024,1QB,10,9,9,6,3,0.2542812325,0.734375,0.0,0.0,0.01227301499999997,0.0,0.007456537491989432
1048901308398288896,2024,1QB,10,9,9,7,2,0.2665542475,0.734375,0.0,0.0,0.03949807249999998,0.0,0.0113440479591862
1048901308398288896,2024,1QB,11,9,8,4,4,0.359071065,0.703125,0.390625,0.0,0.018828568750000003,0.03125,0.014634948527722584
1048901308398288896,2024,1QB,11,9,8,5,3,0.37789963375,0.765625,0.421875,0.0,0.04398780000000001,0.0625,0.016108230697953918
1048901308398288896,2024,1QB,11,9,8,6,2,0.42188743375000004,0.859375,0.484375,0.0,-0.033063451250000014,-0.25,0.017022800194645846
1048901308398288896,2024,1QB,11,9,8,7,1,0.38882398250000005,0.859375,0.234375,0.0,0.022195137500000007,-0.234375,0.01853188306079223
1048901308398288896,2024,1QB,11,9,9,5,4,0.40824094750000006,0.828125,0.515625,0.0,0.03019629375000001,0.046875,0.017298272882243636
1048901308398288896,2024,1QB,11,9,9,6,3,0.43843724125000005,0.875,0.5625,0.0,0.02210257375,0.0,0.014216188694321159
1048901308398288896,2024,1QB,11,9,9,7,2,0.4605398150000001,0.9375,0.5625,0.0,0.008403631250000005,-0.234375,0.02023945135154856
1048901308398288896,2024,1QB,12,9,8,4,4,0.24515761374999995,0.671875,0.0,0.0,-0.02744448875000002,0.0,0.009822164252234181
1048901308398288896,2024,1QB,12,9,8,5,3,0.21771312499999995,0.59375,0.0,0.0,-0.02671577000000001,0.0,0.00859539590613071
1048901308398288896,2024,1QB,12,9,8,6,2,0.19099735499999998,0.484375,0.0,0.0,-0.030931508750000024,0.0,0.010735424232122844
1048901308398288896,2024,1QB,12,9,9,5,4,0.25632934249999995,0.78125,0.0,0.0,-0.032232372500000016,0.0,0.010102726410891178
1048901308398288896,2024,1QB,12,9,9,6,3,0.22409696999999995,0.65625,0.0,0.0,-0.01714000250000002,0.0,0.010247727299362597
1048901308398288896,2024,1QB,13,9,8,5,3,0.26609133249999994,0.65625,0.0,0.0,-0.012468916249999934,0.0,0.009912991431433593
1048901308398288896,2024,1QB,13,9,8,6,2,0.25362241625000004,0.75,0.0,0.0,-0.0672079362499999,0.0,0.010380899918202513
1048901308398288896,2024,1QB,13,9,9,6,3,0.29481863499999994,0.9375,0.0,0.0,-0.03481237374999993,0.0,0.009128662850966507
914741498980225024,2023,SF_1TE,4,1,8,0,8,0.01097268000000002,0.0,0.0,0.0,-0.0012591600000000022,0.0,0.00045268807273883495
914741498980225024,2023,SF_1TE,4,1,8,1,7,0.009713520000000017,0.0,0.0,0.0,-0.0008994000000000016,0.0,0.00038924551047966107
914741498980225024,2023,SF_1TE,4,1,9,0,9,0.01151232000000002,0.0,0.0,0.0,-0.000539640000000001,0.0,0.0003065759968239062
914741498980225024,2023,SF_1TE,4,1,9,1,8,0.01097268000000002,0.0,0.0,0.0,-0.0012591600000000022,0.0,0.00045268807273883495
914741498980225024,2023,SF_1TE,4,3,8,0,8,0.0,0.0,0.0,0.0,0.0,0.0,0.0
914741498980225024,2023,SF_1TE,5,1,8,0,8,0.009893400000000017,0.0,0.0,0.0,-0.0007195200000000013,0.0,0.0003510898102439649
914741498980225024,2023,SF_1TE,5,1,8,1,7,0.009173880000000016,0.0,0.0,0.0,-0.001079280000000002,0.0,0.0004227681155702943
914741498980225024,2023,SF_1TE,5,1,9,0,9,0.01151232000000002,0.0,0.0,0.0,-0.0016189200000000029,0.0,0.0005042143523769013
914741498980225024,2023,SF_1TE,5,1,9,1,8,0.009893400000000017,0.0,0.0,0.0,-0.0007195200000000013,0.0,0.0003510898102439649
914741498980225024,2023,SF_1TE,5,3,8,0,8,0.0033326799999997825,0.0,0.0,0.0,-0.0005127199999999665,0.0,0.00017090666666665552
914741498980225024,2023,SF_1TE,6,1,8,0,8,0.010073279999999823,0.0,0.0,0.0,-0.001079279999999981,0.0,0.0004227681155702862
914741498980225024,2023,SF_1TE,6,1,8,1,7,0.008993999999999842,0.0,0.0,0.0,-0.001079279999999981,0.0,0.0004227681155702862
914741498980225024,2023,SF_1TE,6,1,9,0,9,0.011512319999999798,0.0,0.0,0.0,-0.0014390399999999748,0.0,0.0004796799999999916
914741498980225024,2023,SF_1TE,6,1,9,1,8,0.010073279999999823,0.0,0.0,0.0,-0.001079279999999981,0.0,0.0004227681155702862
914741498980225024,2023,SF_1TE,6,3,8,0,8,0.0037172199999997574,0.0,0.0,0.0,-0.0003845399999999749,0.0,0.00015062935583110045
914741498980225024,2023,SF_1TE,7,1,8,0,8,0.0,0.0,0.0,0.0,0.0,0.0,0.0
914741498980225024,2023,SF_1TE,7,1,8,1,7,0.0,0.0,0.0,0.0,0.0,0.0,0.0
914741498980225024,2023,SF_1TE,7,1,9,1,8,0.0,0.0,0.0,0.0,0.0,0.0,0.0
914741498980225024,2023,SF_1TE,13,1,8,0,8,0.20751647999999978,0.0,0.0,0.0,0.0759340225,0.0,0.015530408967942553
914741498980225024,2023,SF_1TE,13,1,8,1,7,0.28345050249999976,0.4375,0.0,0.0,0.05707450749999999,0.0,0.014793887655116238
914741498980225024,2023,SF_1TE,14,1,8,1,7,0.3951995449999999,1.0,0.359375,0.0,0.10392592999999994,0.4375,0.0230198594047763
1055621034914820096,2024,SF_1TE,4,8,8,5,3,0.4466644000000003,1.0,0.0,0.0,-0.16749915000000007,0.0,0.027243738783969563
1045730844721270784,2024,SF_1TE,4,4,8,4,4,0.28898436000000005,0.6875,0.0,0.0,-0.016582252499999905,0.0,0.009962161491941141
1045730844721270784,2024,SF_1TE,4,4,8,5,3,0.27240210750000016,0.578125,0.0,0.0,-0.02142228499999997,0.0,0.010022336314307106
1045730844721270784,2024,SF_1TE,4,4,8,6,2,0.2509798225000001,0.375,0.0,0.0,-0.04481952999999998,0.0,0.010197407131944846
1045730844721270784,2024,SF_1TE,4,4,8,7,1,0.20616029250000018,0.15625,0.0,0.0,-0.02479359250000003,0.0,0.00898928056022366
1045730844721270784,2024,SF_1TE,4,4,9,5,4,0.3155453825,0.84375,0.0,0.0,-0.02760643499999993,0.0,0.008508831295444517
1045730844721270784,2024,SF_1TE,4,4,9,6,3,0.28793894750000015,0.609375,0.0,0.0,-0.022385868749999968,0.0,0.01007905927923916
1045730844721270784,2024,SF_1TE,4,4,9,7,2,0.2655530787500001,0.4375,0.0,0.0,-0.043550685,0.0,0.008768058050334435
1045730844721270784,2024,SF_1TE,4,4,9,8,1,0.2220023937500002,0.15625,0.0,0.0,-0.035464713750000036,0.0,0.008496387928967189
1045730844721270784,2024,SF_1TE,4,10,8,0,8,0.5250794862499999,0.953125,0.703125,0.0,-0.048640947500000024,-0.171875,0.017913738417478942
1045730844721270784,2024,SF_1TE,4,10,8,1,7,0.4764385387499999,0.84375,0.53125,0.0,-0.02562021750000004,-0.015625,0.015906530670636507
1045730844721270784,2024,SF_1TE,4,10,8,2,6,0.4508183212499999,0.78125,0.515625,0.0,-0.07729990875000001,-0.125,0.01880491468249857
1045730844721270784,2024,SF_1TE,4,10,8,3,5,0.3735184124999999,0.640625,0.390625,0.0,-0.033815428750000036,-0.0625,0.015771958678417547
1045730844721270784,2024,SF_1TE,4,10,8,4,4,0.33970298374999985,0.53125,0.328125,0.0,-0.04535779000000002,0.0,0.016219747963790734
1045730844721270784,2024,SF_1TE,4,10,8,5,3,0.29434519374999984,0.4375,0.328125,0.0,-0.06382619625000001,-0.09375,0.016528060813366063
1045730844721270784,2024,SF_1TE,4,10,9,0,9,0.5634226399999999,1.0,1.0,0.0,-0.02126446625000002,-0.28125,0.012956313838089456
1045730844721270784,2024,SF_1TE,4,10,9,1,8,0.5421581737499999,0.953125,0.71875,0.0,-0.040101603750000034,-0.078125,0.017794257677152384
1045730844721270784,2024,SF_1TE,4,10,9,2,7,0.5020565699999999,0.84375,0.640625,0.0,-0.04269890500000001,-0.109375,0.014332789529031241
1045730844721270784,2024,SF_1TE,4,10,9,3,6,0.45935766499999986,0.796875,0.53125,0.0,-0.058513352500000046,-0.078125,0.020458491643381562
1045730844721270784,2024,SF_1TE,4,10,9,4,5,0.40084431249999986,0.6875,0.453125,0.0,-0.042354772500000026,-0.046875,0.014972559543805697
1045730844721270784,2024,SF_1TE,4,10,9,5,4,0.35848953999999983,0.546875,0.40625,0.0,-0.05218926500000001,-0.03125,0.01460667997799929
1045730844721270784,2024,SF_1TE,4,11,8,3,5,0.14918231249999997,0.0,0.0,0.0,0.0629880875,0.0,0.012212866331008654
1045730844721270784,2024,SF_1TE,5,4,8,4,4,0.29739915250000004,0.71875,0.0,0.0,-0.01076131749999993,0.0,0.008944199962889306
1045730844721270784,2024,SF_1TE,5,4,8,5,3,0.2866378350000001,0.671875,0.0,0.0,-0.0037645499999999638,0.0,0.010884905759205244
1045730844721270784,2024,SF_1TE,5,4,8,6,2,0.2828732850000002,0.609375,0.0,0.0,-0.031217892499999986,0.0,0.009984458742812952
1045730844721270784,2024,SF_1TE,5,4,8,7,1,0.2516553925000002,0.375,0.0,0.0,-0.07028869250000001,0.0,0.010965065559533482
1045730844721270784,2024,SF_1TE,5,4,9,5,4,0.31683812750000007,0.84375,0.0,0.0,-0.003004847499999925,0.0,0.010640065423014152
1045730844721270784,2024,SF_1TE,5,4,9,6,3,0.3138332800000001,0.78125,0.0,0.0,-0.01995971249999999,0.0,0.008655557239873105
1045730844721270784,2024,SF_1TE,5,4,9,7,2,0.29387356750000015,0.609375,0.0,0.0,-0.03575444999999999,0.0,0.00899286278426512
1045730844721270784,2024,SF_1TE,5,4,9,8,1,0.25811911750000016,0.375,0.0,0.0,-0.07158143750000001,0.0,0.010403428254313606
1045730844721270784,2024,SF_1TE,5,10,8,0,8,0.2940242399999997,1.0,0.0,0.0,-0.02908416624999998,0.0,0.012461095306620266
1045730844721270784,2024,SF_1TE,5,10,8,1,7,0.2649400737499997,0.71875,0.0,0.0,-0.010714223749999998,0.0,0.0071892334343168236
1045730844721270784,2024,SF_1TE,5,10,8,2,6,0.25422584999999975,0.546875,0.0,0.0,-0.018484772499999993,0.0,0.009530161726518127
1045730844721270784,2024,SF_1TE,5,10,8,3,5,0.23574107749999973,0.453125,0.0,0.0,-0.02425729249999999,0.0,0.010135051535001377
1045730844721270784,2024,SF_1TE,5,10,8,4,4,0.21148378499999976,0.34375,0.0,0.0,-0.02753584249999998,0.0,0.01065808672322241
1045730844721270784,2024,SF_1TE,5,10,8,5,3,0.1839479424999998,0.328125,0.0,0.0,0.0021976824999999853,0.0,0.010000005738499606
1045730844721270784,2024,SF_1TE,5,11,8,3,5,0.2112159262500001,0.796875,0.0,0.0,0.05383935375000003,0.0,0.013435164102475236
1045730844721270784,2024,SF_1TE,6,4,8,5,3,0.18655410125000016,0.5,0.0,0.0,0.003364013750000037,0.0,0.0074079775296028195
1045730844721270784,2024,SF_1TE,6,4,8,6,2,0.18991811500000022,0.421875,0.0,0.0,0.0037858325000000234,0.0,0.007240215386910554
1045730844721270784,2024,SF_1TE,6,4,8,7,1,0.19370394750000025,0.328125,0.0,0.0,-0.013629992499999983,0.0,0.006974080721999898
1045730844721270784,2024,SF_1TE,6,11,8,3,5,0.2153574150000001,0.8125,0.0,0.0,0.04969786500000002,0.0,0.01303402369223814
1045730844721270784,2024,SF_1TE,7,11,8,3,5,0.33306013125000006,0.703125,0.0,0.0,0.14062538875000002,0.0,0.027266093379162824
1045730844721270784,2024,SF_1TE,10,4,8,4,4,0.037703760000000086,0.0,0.0,0.0,-0.009425940000000022,0.0,0.0020569087402910547
1045730844721270784,2024,SF_1TE,10,4,8,5,3,0.028277820000000065,0.0,0.0,0.0,-0.00883681875000002,0.0,0.0020122321479768635
1045730844721270784,2024,SF_1TE,10,4,8,6,2,0.019441001250000044,0.0,0.0,0.0,-0.004123848750000009,0.0,0.0014825892999332528
1045730844721270784,2024,SF_1TE,10,11,8,2,6,0.0,0.0,0.0,0.0,0.0,0.0,0.0
1045730844721270784,2024,SF_1TE,11,11,8,2,6,0.0,0.0,0.0,0.0,0.0,0.0,0.0
1045730844721270784,2024,SF_1TE,12,11,8,0,8,0.05100104000000005,0.0,0.0,0.0,-0.0071720212500000075,0.0,0.0022337336309404556
1045730844721270784,2024,SF_1TE,12,11,8,1,7,0.043829018750000046,0.0,0.0,0.0,-0.0031875650000000033,0.0,0.001555372458014097
1045730844721270784,2024,SF_1TE,12,11,8,2,6,0.04064145375000004,0.0,0.0,0.0,-0.007968912500000008,0.0,0.0023330586870211455
1045730844721270784,2024,SF_1TE,12,11,9,1,8,0.05100104000000005,0.0,0.0,0.0,-0.0071720212500000075,0.0,0.0022337336309404556
1045730844721270784,2024,SF_1TE,12,11,9,2,7,0.043829018750000046,0.0,0.0,0.0,-0.0031875650000000033,0.0,0.001555372458014097
1045730844721270784,2024,SF_1TE,13,10,8,1,7,0.20436720000000008,0.0,0.0,0.0,-0.017617326250000002,0.0,0.004155965057044772
1045730844721270784,2024,SF_1TE,13,10,8,2,6,0.18674987375000007,0.0,0.0,0.0,-0.04624688000000002,0.0,0.006796176169760164
1045730844721270784,2024,SF_1TE,13,10,8,3,5,0.14050299375000003,0.0,0.0,0.0,-0.024149370000000007,0.0,0.005173788799142749
1045730844721270784,2024,SF_1TE,13,11,8,0,8,0.05100104000000005,0.0,0.0,0.0,-0.008765803750000009,0.0,0.0024241699358369378
1045730844721270784,2024,SF_1TE,13,11,8,1,7,0.042235236250000044,0.0,0.0,0.0,-0.003984456250000004,0.0,0.001724407056943657
1045730844721270784,2024,SF_1TE,13,11,8,2,6,0.03825078000000004,0.0,0.0,0.0,-0.005578238750000006,0.0,0.002005465666805319
1045730844721270784,2024,SF_1TE,13,11,9,1,8,0.05100104000000005,0.0,0.0,0.0,-0.008765803750000009,0.0,0.0024241699358369378
1045730844721270784,2024,SF_1TE,13,11,9,2,7,0.042235236250000044,0.0,0.0,0.0,-0.003984456250000004,0.0,0.001724407056943657
1045730844721270784,2024,SF_1TE,14,10,8,1,7,0.4923531200000002,1.0,0.0,0.0,-0.06668946750000002,0.0,0.012326486483003602
1045730844721270784,2024,SF_1TE,14,10,8,2,6,0.42566365250000016,0.859375,0.0,0.0,-0.07181641624999999,0.0,0.011469499651074055
1045730844721270784,2024,SF_1TE,14,11,8,0,8,0.05100104000000005,0.0,0.0,0.0,0.00917222999999999,0.0,0.004166624316340394
1045730844721270784,2024,SF_1TE,14,11,8,1,7,0.06017327000000004,0.0,0.0,0.0,0.01254979249999999,0.0,0.0038756584127499867
1045730844721270784,2024,SF_1TE,14,11,8,2,6,0.07272306250000003,0.0,0.0,0.0,0.009425559999999986,0.0,0.004481943365706445
1045730844721270784,2024,SF_1TE,14,11,9,1,8,0.06734529125000005,0.0,0.0,0.0,0.011752901249999989,0.0,0.0034343755319658697
1045730844721270784,2024,SF_1TE,14,11,9,2,7,0.07909819250000004,0.0,0.0,0.0,0.01341001624999999,0.0,0.00392657543330838
1045730844721270784,2024,SF_1TE,15,10,8,2,6,0.3922791887500001,1.0,0.0,0.0,-0.03173527000000002,0.0,0.005940391450722278
1045730844721270784,2024,SF_1TE,15,11,8,0,8,0.09630768,0.0,0.0,0.0,0.062446287499999975,0.0,0.009675455861304904
1045730844721270784,2024,SF_1TE,15,11,8,1,7,0.15875396749999998,0.28125,0.0,0.0,0.07382483625000003,0.0,0.010511485702419122
1045730844721270784,2024,SF_1TE,15,11,8,2,6,0.23257880375,0.515625,0.0,0.0,0.05695035375000004,0.0,0.009744937384649157
1045730844721270784,2024,SF_1TE,15,11,9,1,8,0.16813871249999998,0.28125,0.0,0.0,0.07771643374999998,0.0,0.009226011022863531
1045730844721270784,2024,SF_1TE,15,11,9,2,7,0.24585514625,0.640625,0.0,0.0,0.058722086250000034,0.0,0.009032779482830771
1201959553390891008,2025,SF_1TE,4,1,8,2,6,0.00910031625,0.0,0.0,0.0,0.00329160375,0.0,0.0006895436159724404
1201959553390891008,2025,SF_1TE,4,5,8,1,7,0.030460639999999928,0.0,0.0,0.0,-0.0028556849999999932,0.0,0.001118609226625483
1201959553390891008,2025,SF_1TE,4,5,8,2,6,0.027604954999999935,0.0,0.0,0.0,-0.0028556849999999932,0.0,0.0011186092266254827
1201959553390891008,2025,SF_1TE,4,5,8,3,5,0.02474926999999994,0.0,0.0,0.0,-0.0057113699999999865,0.0,0.0014978939617453977
1201959553390891008,2025,SF_1TE,4,5,8,4,4,0.019037899999999955,0.0,0.0,0.0,-0.004759474999999989,0.0,0.0013934315999090128
1201959553390891008,2025,SF_1TE,4,5,8,5,3,0.014278424999999966,0.0,0.0,0.0,-0.00428352749999999,0.0,0.001334109186557173
1201959553390891008,2025,SF_1TE,4,5,8,6,2,0.009994897499999976,0.0,0.0,0.0,-0.00428352749999999,0.0,0.0013341091865571731
1201959553390891008,2025,SF_1TE,4,5,8,7,1,0.0057113699999999865,0.0,0.0,0.0,-0.0057113699999999865,0.0,0.0014978939617453977
1201959553390891008,2025,SF_1TE,5,5,8,1,7,0.030460639999999928,0.0,0.0,0.0,-0.003807579999999991,0.0,0.0012691933333333304
1201959553390891008,2025,SF_1TE,5,5,8,2,6,0.026653059999999937,0.0,0.0,0.0,-0.0023797374999999944,0.0,0.0010299112052424826
1201959553390891008,2025,SF_1TE,5,5,8,3,5,0.024273322499999944,0.0,0.0,0.0,-0.006663264999999984,0.0,0.0015864916666666628
1201959553390891008,2025,SF_1TE,5,5,8,4,4,0.017610057499999957,0.0,0.0,0.0,-0.004759474999999989,0.0,0.0013934315999090128
1201959553390891008,2025,SF_1TE,5,5,8,5,3,0.01285058249999997,0.0,0.0,0.0,-0.0057113699999999865,0.0,0.0014978939617453977
1201959553390891008,2025,SF_1TE,5,5,8,6,2,0.007139212499999983,0.0,0.0,0.0,-0.0028556849999999932,0.0,0.0011186092266254827
1201959553390891008,2025,SF_1TE,5,5,8,7,1,0.00428352749999999,0.0,0.0,0.0,-0.00428352749999999,0.0,0.0013341091865571731
1180084795436826624,2025,SF_1TE,4,2,8,0,8,0.0,0.0,0.0,0.0,0.0,0.0,0.0
1180084795436826624,2025,SF_1TE,4,2,8,1,7,0.0,0.0,0.0,0.0,0.0,0.0,0.0
1180084795436826624,2025,SF_1TE,4,2,9,1,8,0.0,0.0,0.0,0.0,0.0,0.0,0.0
1180084795436826624,2025,SF_1TE,4,9,8,3,5,0.25124544,0.515625,0.0,0.0,0.02983613125000001,0.0,0.011596612443847333
1180084795436826624,2025,SF_1TE,4,9,8,4,4,0.28108157125,0.59375,0.0,0.0,0.023888800000000012,0.0,0.011875845419760818
1180084795436826624,2025,SF_1TE,4,9,8,5,3,0.30497037125,0.671875,0.0,0.0,0.03382962125000001,0.0,0.013333220102953762
1180084795436826624,2025,SF_1TE,4,9,8,6,2,0.33879999250000004,0.78125,0.0,0.0,0.03660309125000002,0.0,0.01367775260937361
1180084795436826624,2025,SF_1TE,4,9,8,7,1,0.3754030837500001,0.90625,0.0,0.0,0.026383556250000016,0.0,0.012558096452559233
1180084795436826624,2025,SF_1TE,4,9,9,4,5,0.28730761625,0.59375,0.0,0.0,0.031004280000000002,0.0,0.01169831246936952
1180084795436826624,2025,SF_1TE,4,9,9,5,4,0.31831189625,0.671875,0.0,0.0,0.03294018625000002,0.0,0.01260723265432844
1180084795436826624,2025,SF_1TE,4,9,9,6,3,0.35125208250000006,0.78125,0.0,0.0,0.03660309125000002,0.0,0.013907329808397132
1180084795436826624,2025,SF_1TE,4,9,9,7,2,0.38785517375,0.90625,0.0,0.0,0.026383556250000013,0.0,0.0126418651774128
1180084795436826624,2025,SF_1TE,4,10,8,0,8,0.08540524749999992,0.0,0.0,0.0,-0.01178351624999999,0.0,0.0027364933089071156
1180084795436826624,2025,SF_1TE,4,10,8,1,7,0.07362173124999993,0.0,0.0,0.0,-0.009506728749999992,0.0,0.002684139611077619
1180084795436826624,2025,SF_1TE,5,2,8,0,8,0.0,0.0,0.0,0.0,0.0,0.0,0.0
1180084795436826624,2025,SF_1TE,5,2,8,1,7,0.0,0.0,0.0,0.0,0.0,0.0,0.0
1180084795436826624,2025,SF_1TE,5,2,9,1,8,0.0,0.0,0.0,0.0,0.0,0.0,0.0
1180084795436826624,2025,SF_1TE,5,10,8,0,8,0.20223462750000004,0.609375,0.0,0.0,-0.022446268750000005,0.0,0.00692743527962444
1180084795436826624,2025,SF_1TE,5,10,8,1,7,0.17978835875000004,0.5,0.0,0.0,-0.03972829375000002,0.0,0.00902784356831001
1180084795436826624,2025,SF_1TE,5,10,9,0,9,0.22283340750000002,0.75,0.0,0.0,-0.020598780000000004,0.0,0.006473588061373107
1180084795436826624,2025,SF_1TE,5,10,9,1,8,0.20223462750000004,0.609375,0.0,0.0,-0.022446268750000005,0.0,0.00692743527962444
1180084795436826624,2025,SF_1TE,6,2,8,0,8,0.0,0.0,0.0,0.0,0.0,0.0,0.0
1180084795436826624,2025,SF_1TE,6,2,8,1,7,0.0,0.0,0.0,0.0,0.0,0.0,0.0
1180084795436826624,2025,SF_1TE,6,2,9,1,8,0.0,0.0,0.0,0.0,0.0,0.0,0.0
1180084795436826624,2025,SF_1TE,6,10,8,0,8,0.2187300725,0.609375,0.0,0.0,-0.023296059999999997,0.0,0.007170428333031193
1180084795436826624,2025,SF_1TE,6,10,8,1,7,0.19543401249999998,0.46875,0.0,0.0,-0.019049987499999997,0.0,0.006534269522150783
1180084795436826624,2025,SF_1TE,6,10,9,0,9,0.25591187625,0.859375,0.0,0.0,-0.03718180375,0.0,0.009006868467555428
1180084795436826624,2025,SF_1TE,6,10,9,1,8,0.2187300725,0.609375,0.0,0.0,-0.023296059999999997,0.0,0.007170428333031193
1180084795436826624,2025,SF_1TE,7,2,8,0,8,0.0,0.0,0.0,0.0,0.0,0.0,0.0
1180084795436826624,2025,SF_1TE,7,2,8,1,7,0.0,0.0,0.0,0.0,0.0,0.0,0.0
1180084795436826624,2025,SF_1TE,7,2,9,1,8,0.0,0.0,0.0,0.0,0.0,0.0,0.0
1180084795436826624,2025,SF_1TE,8,2,8,0,8,0.0,0.0,0.0,0.0,0.0,0.0,0.0
1180084795436826624,2025,SF_1TE,8,2,8,1,7,0.0,0.0,0.0,0.0,0.0,0.0,0.0
1180084795436826624,2025,SF_1TE,8,2,9,1,8,0.0,0.0,0.0,0.0,0.0,0.0,0.0
1180084795436826624,2025,SF_1TE,8,10,8,0,8,0.0,0.0,0.0,0.0,0.0,0.0,0.0
1180084795436826624,2025,SF_1TE,8,10,8,1,7,0.0,0.0,0.0,0.0,0.0,0.0,0.0
1180084795436826624,2025,SF_1TE,8,10,8,2,6,0.0,0.0,0.0,0.0,0.0,0.0,0.0
1180084795436826624,2025,SF_1TE,9,2,8,0,8,0.0,0.0,0.0,0.0,0.0,0.0,0.0
1180084795436826624,2025,SF_1TE,9,2,8,1,7,0.0,0.0,0.0,0.0,0.0,0.0,0.0
1180084795436826624,2025,SF_1TE,9,2,9,1,8,0.0,0.0,0.0,0.0,0.0,0.0,0.0
1180084795436826624,2025,SF_1TE,10,2,8,0,8,0.039131999999999945,0.0,0.0,0.0,0.06347666249999993,0.0,0.009259904087935426
1180084795436826624,2025,SF_1TE,10,2,8,1,7,0.10260866249999988,0.0,0.0,0.0,0.07495664249999992,0.0,0.00908488100729403
1180084795436826624,2025,SF_1TE,10,2,9,1,8,0.10688872499999988,0.0,0.0,0.0,0.07251089249999992,0.0,0.009174288855375677
1180084795436826624,2025,SF_1TE,10,10,8,0,8,0.0,0.0,0.0,0.0,0.0,0.0,0.0
1180084795436826624,2025,SF_1TE,10,10,8,1,7,0.0,0.0,0.0,0.0,0.0,0.0,0.0
1180084795436826624,2025,SF_1TE,10,10,8,2,6,0.0,0.0,0.0,0.0,0.0,0.0,0.0
1180084795436826624,2025,SF_1TE,10,10,9,0,9,0.0,0.0,0.0,0.0,0.0,0.0,0.0
1180084795436826624,2025,SF_1TE,10,10,9,1,8,0.0,0.0,0.0,0.0,0.0,0.0,0.0
1180084795436826624,2025,SF_1TE,10,10,9,2,7,0.0,0.0,0.0,0.0,0.0,0.0,0.0
1180084795436826624,2025,SF_1TE,11,2,8,0,8,0.05378999999999989,0.0,0.0,0.0,0.06245106374999994,0.0,0.009474601092725654
1180084795436826624,2025,SF_1TE,11,2,8,1,7,0.11624106374999985,0.0,0.0,0.0,0.07117052249999993,0.0,0.009260880254957582
1180084795436826624,2025,SF_1TE,11,2,9,1,8,0.12380528249999982,0.0,0.0,0.0,0.06696817874999994,0.0,0.009327165841234636
1180084795436826624,2025,SF_1TE,12,2,8,0,8,0.05378999999999989,0.0,0.0,0.0,0.07484716874999991,0.0,0.009398089814127385
1180084795436826624,2025,SF_1TE,12,2,8,1,7,0.1286371687499998,0.0,0.0,0.0,0.05625301124999995,0.0,0.009817038143849589
1180084795436826624,2025,SF_1TE,12,2,9,1,8,0.1328395124999998,0.0,0.0,0.0,0.061295823749999936,0.0,0.009091726022195339
1180084795436826624,2025,SF_1TE,13,9,8,1,7,0.0,0.0,0.0,0.0,0.0,0.0,0.0
1180084795436826624,2025,SF_1TE,13,9,8,2,6,0.0,0.0,0.0,0.0,0.0,0.0,0.0
1180084795436826624,2025,SF_1TE,13,9,8,3,5,0.0,0.0,0.0,0.0,0.0,0.0,0.0
1180084795436826624,2025,SF_1TE,13,9,8,4,4,0.0,0.0,0.0,0.0,0.0,0.0,0.0
1180084795436826624,2025,SF_1TE,13,9,8,5,3,0.0,0.0,0.0,0.0,0.0,0.0,0.0
1180084795436826624,2025,SF_1TE,13,9,9,2,7,0.0,0.0,0.0,0.0,0.0,0.0,0.0
1180084795436826624,2025,SF_1TE,13,9,9,3,6,0.0,0.0,0.0,0.0,0.0,0.0,0.0
1180084795436826624,2025,SF_1TE,13,9,9,4,5,0.0,0.0,0.0,0.0,0.0,0.0,0.0
1180084795436826624,2025,SF_1TE,13,9,9,5,4,0.0,0.0,0.0,0.0,0.0,0.0,0.0
1180084795436826624,2025,SF_1TE,14,2,8,1,7,0.05995238875000007,0.0,0.0,0.0,0.07235633125000009,0.0,0.008297958153536197
1180084795436826624,2025,SF_1TE,14,9,8,0,8,0.04655522249999992,0.0,0.0,0.0,-0.007224086249999987,0.0,0.0022499493304540155
1180084795436826624,2025,SF_1TE,14,9,8,1,7,0.039331136249999926,0.0,0.0,0.0,-0.004816057499999991,0.0,0.0018865128175757687
1180084795436826624,2025,SF_1TE,14,9,8,2,6,0.03451507874999994,0.0,0.0,0.0,-0.0064214099999999885,0.0,0.002140469999999996
1180084795436826624,2025,SF_1TE,14,9,8,3,5,0.02809366874999995,0.0,0.0,0.0,-0.008829438749999984,0.0,0.0024417681000517047
1180084795436826624,2025,SF_1TE,14,9,8,4,4,0.019264229999999966,0.0,0.0,0.0,-0.0064214099999999885,0.0,0.002140469999999996
1180084795436826624,2025,SF_1TE,14,9,8,5,3,0.012842819999999977,0.0,0.0,0.0,-0.008026762499999986,0.0,0.002349995432787161
1180084795436826624,2025,SF_1TE,14,9,9,0,9,0.05137127999999991,0.0,0.0,0.0,-0.004816057499999991,0.0,0.0018865128175757685
1180084795436826624,2025,SF_1TE,14,9,9,1,8,0.04655522249999992,0.0,0.0,0.0,-0.007224086249999987,0.0,0.0022499493304540155
1180084795436826624,2025,SF_1TE,14,9,9,2,7,0.039331136249999926,0.0,0.0,0.0,-0.004816057499999991,0.0,0.0018865128175757687
1180084795436826624,2025,SF_1TE,14,9,9,3,6,0.03451507874999994,0.0,0.0,0.0,-0.0064214099999999885,0.0,0.002140469999999996
1180084795436826624,2025,SF_1TE,14,9,9,4,5,0.02809366874999995,0.0,0.0,0.0,-0.008829438749999984,0.0,0.0024417681000517047
1180084795436826624,2025,SF_1TE,14,9,9,5,4,0.019264229999999966,0.0,0.0,0.0,-0.0064214099999999885,0.0,0.002140469999999996
1180084795436826624,2025,SF_1TE,15,2,8,1,7,0.07660061500000007,0.0,0.0,0.0,0.09848650500000009,0.0,0.010942945000000011
1180084795436826624,2025,SF_1TE,15,9,8,0,8,0.08836719999999987,0.0,0.0,0.0,-0.0029813824999999922,0.0,0.005983585687512776
1180084795436826624,2025,SF_1TE,15,9,8,1,7,0.08538581749999988,0.0,0.0,0.0,-7.480374999999616e-05,0.0,0.005665006076723902
1180084795436826624,2025,SF_1TE,15,9,8,2,6,0.08531101374999989,0.0,0.0,0.0,0.0013059337500000018,0.0,0.006220090355550917
1180084795436826624,2025,SF_1TE,15,9,8,3,5,0.08661694749999989,0.0,0.0,0.0,0.015983931249999982,0.0,0.005704773912316518
1180084795436826624,2025,SF_1TE,15,9,8,4,4,0.10260087874999987,0.0,0.0,0.0,0.012932248749999986,0.0,0.005405074842730758
1180084795436826624,2025,SF_1TE,15,9,8,5,3,0.11553312749999986,0.0,0.0,0.0,0.008354724999999992,0.0,0.004864780132595711
1180084795436826624,2025,SF_1TE,15,9,9,1,8,0.10057392999999985,0.0,0.0,0.0,-0.001455541249999994,0.0,0.00583056181042622
1180084795436826624,2025,SF_1TE,15,9,9,2,7,0.09911838874999987,0.0,0.0,0.0,-7.480374999999616e-05,0.0,0.0060309823758484754
1180084795436826624,2025,SF_1TE,15,9,9,3,6,0.09904358499999986,0.0,0.0,0.0,0.01046098124999999,0.0,0.006191049579617339
1180084795436826624,2025,SF_1TE,15,9,9,4,5,0.10950456624999985,0.0,0.0,0.0,0.012932248749999986,0.0,0.0061461974579794685
1180084795436826624,2025,SF_1TE,15,9,9,5,4,0.12243681499999984,0.0,0.0,0.0,0.008354724999999992,0.0,0.005286448742490003
918260594971672576,2023,SF_2TE,4,8,8,3,5,0.0,0.0,0.0,0.0,0.0,0.0,0.0
918260594971672576,2023,SF_2TE,4,9,8,1,7,0.34747966999999996,1.0,0.0,0.0,0.006685131250000108,0.0,0.013393674883922721
918260594971672576,2023,SF_2TE,4,9,8,2,6,0.35416480125000005,0.890625,0.0,0.0,-0.034645741249999966,0.0,0.01814893226636946
918260594971672576,2023,SF_2TE,5,8,8,3,5,0.0,0.0,0.0,0.0,0.0,0.0,0.0
918260594971672576,2023,SF_2TE,6,8,8,3,5,0.0,0.0,0.0,0.0,0.0,0.0,0.0
918260594971672576,2023,SF_2TE,7,8,8,3,5,0.030682399999999888,0.0,0.0,0.0,-0.004314712499999984,0.0,0.0013438217879079934
918260594971672576,2023,SF_2TE,8,8,8,3,5,0.14761255999999967,0.0,0.0,0.0,-0.03690313999999992,0.0,0.008052925353883442
918260594971672576,2023,SF_2TE,9,8,8,3,5,0.14761255999999978,0.0,0.0,0.0,-0.02767735499999996,0.0,0.007258808820227692
918260594971672576,2023,SF_2TE,9,8,8,4,4,0.11993520499999982,0.0,0.0,0.0,-0.03229024749999995,0.0,0.007688154166666656
918260594971672576,2023,SF_2TE,9,8,9,4,5,0.14761255999999978,0.0,0.0,0.0,-0.02767735499999996,0.0,0.007258808820227692
918260594971672576,2023,SF_2TE,9,12,8,3,5,0.0963391512500001,0.0,0.0,0.0,0.03414868875000003,0.0,0.004282392110575518
918260594971672576,2023,SF_2TE,10,8,8,3,5,0.16242783999999966,0.0,0.0,0.0,-0.03046366124999992,0.0,0.006775868347816531
918260594971672576,2023,SF_2TE,10,8,8,4,4,0.13196417874999972,0.0,0.0,0.0,-0.024461836249999938,0.0,0.00632535288786812
918260594971672576,2023,SF_2TE,10,8,9,4,5,0.16242783999999966,0.0,0.0,0.0,-0.03046366124999992,0.0,0.006775868347816531
918260594971672576,2023,SF_2TE,11,8,8,4,4,0.21456616000000017,0.0,0.0,0.0,-0.07040452125000006,0.0,0.012692724549482476
918260594971672576,2023,SF_2TE,12,8,8,4,4,0.22275824000000033,0.0,0.0,0.0,-0.04524776750000006,0.0,0.01129120502552738
918260594971672576,2023,SF_2TE,13,8,8,4,4,0.22275824000000033,0.0,0.0,0.0,-0.06265075500000009,0.0,0.01261823750452709
918260594971672576,2023,SF_2TE,15,12,8,2,6,0.04186237499999995,0.0,0.0,0.0,0.020931187499999976,0.0,0.0047662410619015265
918260594971672576,2023,SF_2TE,15,12,8,3,5,0.06279356249999993,0.0,0.0,0.0,0.02651283749999997,0.0,0.005140618699420796
918260594971672576,2023,SF_2TE,15,12,9,3,6,0.06279356249999993,0.0,0.0,0.0,0.02651283749999997,0.0,0.005140618699420796
920016644603248640,2023,SF_2TE,4,1,8,3,5,0.3329509575000001,1.0,0.0,0.0,-0.03547094999999999,0.0,0.015254890224980788
920016644603248640,2023,SF_2TE,4,1,8,4,4,0.29748000750000003,0.765625,0.0,0.0,-0.04372616999999999,0.0,0.018403966850520884
920016644603248640,2023,SF_2TE,4,1,8,5,3,0.2537538375000001,0.46875,0.0,0.0,0.0030294675000000085,0.0,0.011058322213545094
920016644603248640,2023,SF_2TE,4,1,9,4,5,0.3622911450000001,1.0,0.0,0.0,-0.02644319999999999,0.0,0.016795689177609152
920016644603248640,2023,SF_2TE,4,1,9,5,4,0.3358479450000001,0.765625,0.0,0.0,-0.06178166999999999,0.0,0.015724443428285696
920016644603248640,2023,SF_2TE,4,2,8,2,6,0.10929871999999974,0.0,0.0,0.0,-0.018785717499999955,0.0,0.005195162119232441
920016644603248640,2023,SF_2TE,4,2,8,3,5,0.09051300249999977,0.0,0.0,0.0,-0.01707792499999996,0.0,0.004999904475992862
920016644603248640,2023,SF_2TE,4,4,8,1,7,0.044165760000000276,0.0,0.0,0.0,-0.004185302500000029,0.0,0.0015631690670978827
920016644603248640,2023,SF_2TE,4,4,8,2,6,0.03998045750000025,0.0,0.0,0.0,-0.006188428750000037,0.0,0.0018634358363759347
920016644603248640,2023,SF_2TE,4,4,9,2,7,0.044165760000000276,0.0,0.0,0.0,-0.004185302500000029,0.0,0.0015631690670978827
920016644603248640,2023,SF_2TE,4,8,8,0,8,0.7313104625000002,0.796875,0.796875,0.78125,-0.08083698125000005,-0.109375,0.026898637963059406
920016644603248640,2023,SF_2TE,4,8,8,1,7,0.65047348125,0.6875,0.6875,0.671875,-0.036555408750000025,-0.046875,0.018463101479263954
920016644603248640,2023,SF_2TE,4,8,9,0,9,0.7840325537500004,0.859375,0.859375,0.859375,-0.038696645000000036,-0.0625,0.020442069783338304
920016644603248640,2023,SF_2TE,4,8,9,1,8,0.7453359087500001,0.796875,0.796875,0.796875,-0.08058973500000005,-0.109375,0.02669779280370065
920016644603248640,2023,SF_2TE,4,10,8,4,4,0.011120800000000264,0.0,0.0,0.0,-0.001563862500000037,0.0,0.0004870666355620038
920016644603248640,2023,SF_2TE,5,1,8,4,4,0.14296507875000009,0.0,0.0,0.0,0.054986568750000034,0.0,0.012520992506006735
920016644603248640,2023,SF_2TE,5,1,8,5,3,0.1979516475000001,0.0,0.0,0.0,0.03665771250000002,0.0,0.010732279290862913
920016644603248640,2023,SF_2TE,5,1,9,5,4,0.1979516475000001,0.0,0.0,0.0,0.03665771250000002,0.0,0.010732279290862913
920016644603248640,2023,SF_2TE,5,2,8,2,6,0.09320879999999998,0.0,0.0,0.0,-0.014563874999999997,0.0,0.004263866002473994
920016644603248640,2023,SF_2TE,5,2,8,3,5,0.07864492499999998,0.0,0.0,0.0,-0.016020262499999997,0.0,0.004430379669031017
920016644603248640,2023,SF_2TE,5,4,8,2,6,0.0014324000000001114,0.0,0.0,0.0,-0.00020143125000001566,0.0,6.273597661850334e-05
920016644603248640,2023,SF_2TE,5,8,8,0,8,0.21553416000000047,0.0,0.0,0.0,-0.016362900000000093,0.0,0.005421273977406504
920016644603248640,2023,SF_2TE,5,8,8,1,7,0.1991712600000004,0.0,0.0,0.0,-0.01545124875000007,0.0,0.005189810262550251
920016644603248640,2023,SF_2TE,6,1,8,4,4,0.4874549787500001,0.703125,0.703125,0.0,0.031875805000000076,-0.0625,0.025690270310861466
920016644603248640,2023,SF_2TE,6,1,8,5,3,0.5193307837500002,0.890625,0.640625,0.0,0.004747741250000052,-0.109375,0.01886943092758575
920016644603248640,2023,SF_2TE,6,1,9,5,4,0.5668044237500002,0.890625,0.890625,0.0,-0.001186463749999941,-0.140625,0.02130734066150683
920016644603248640,2023,SF_2TE,6,8,8,0,8,0.08777932500000071,0.0,0.0,0.0,0.030418516250000027,0.0,0.006701456880724973
920016644603248640,2023,SF_2TE,6,8,8,1,7,0.11819784125000074,0.0,0.0,0.0,0.034574728750000006,0.0,0.00601309880478964
920016644603248640,2023,SF_2TE,6,8,9,0,9,0.09363128000000076,0.0,0.0,0.0,0.03502360750000008,0.0,0.005717266220418
920016644603248640,2023,SF_2TE,6,8,9,1,8,0.12865488750000087,0.0,0.0,0.0,0.032496622500000016,0.0,0.005675276884268829
920016644603248640,2023,SF_2TE,7,1,8,4,4,0.46838979999999997,1.0,0.0,0.0,-0.046172322499999974,0.0,0.017040766781281812
920016644603248640,2023,SF_2TE,7,8,8,0,8,0.004760640000000205,0.0,0.0,0.0,0.09209457124999981,0.0,0.010580658735042789
920016644603248640,2023,SF_2TE,7,8,8,1,7,0.09685521125000002,0.0,0.0,0.0,0.07644294874999985,0.0,0.010580658735042789
920016644603248640,2023,SF_2TE,7,8,9,1,8,0.09692959625000003,0.0,0.0,0.0,0.07636856374999984,0.0,0.010570106703932781
920016644603248640,2023,SF_2TE,8,2,8,2,6,0.014240239999999904,0.0,0.0,0.0,-0.0024475412499999835,0.0,0.0006768638774248981
920016644603248640,2023,SF_2TE,9,2,8,2,6,0.045864479999999874,0.0,0.0,0.0,-0.009316222499999974,0.0,0.0023247860418954547
920016644603248640,2023,SF_2TE,9,4,8,2,6,0.0,0.0,0.0,0.0,0.0,0.0,0.0
920016644603248640,2023,SF_2TE,9,8,8,0,8,0.0039600799999999214,0.0,0.0,0.0,-0.0006187624999999877,0.0,0.00018115511066634142
920016644603248640,2023,SF_2TE,10,2,8,2,6,0.07926166624999997,0.0,0.0,0.0,0.00986056125000007,0.0,0.003039053946936788
920016644603248640,2023,SF_2TE,10,4,8,2,6,0.0,0.0,0.0,0.0,0.0,0.0,0.0
920016644603248640,2023,SF_2TE,10,4,8,3,5,0.0,0.0,0.0,0.0,0.0,0.0,0.0
920016644603248640,2023,SF_2TE,10,4,9,3,6,0.0,0.0,0.0,0.0,0.0,0.0,0.0
920016644603248640,2023,SF_2TE,11,4,8,2,6,0.0,0.0,0.0,0.0,0.0,0.0,0.0
920016644603248640,2023,SF_2TE,11,4,8,3,5,0.0,0.0,0.0,0.0,0.0,0.0,0.0
920016644603248640,2023,SF_2TE,11,4,9,3,6,0.0,0.0,0.0,0.0,0.0,0.0,0.0
920016644603248640,2023,SF_2TE,11,8,8,0,8,0.008913658749999966,0.0,0.0,0.0,-0.0006391199999999896,0.0,0.00021384377626580074
920016644603248640,2023,SF_2TE,11,8,8,1,7,0.008274538749999977,0.0,0.0,0.0,-0.0008231412499999993,0.0,0.00027123285714385616
920016644603248640,2023,SF_2TE,11,8,9,0,9,0.00922303999999996,0.0,0.0,0.0,-0.00030938124999999386,0.0,0.00013389511072835563
920016644603248640,2023,SF_2TE,11,8,9,1,8,0.008913658749999966,0.0,0.0,0.0,-0.0006391199999999896,0.0,0.00021384377626580074
920016644603248640,2023,SF_2TE,12,4,8,2,6,0.0,0.0,0.0,0.0,0.0,0.0,0.0
920016644603248640,2023,SF_2TE,12,4,8,3,5,0.0,0.0,0.0,0.0,0.0,0.0,0.0
920016644603248640,2023,SF_2TE,12,4,9,3,6,0.0,0.0,0.0,0.0,0.0,0.0,0.0
920016644603248640,2023,SF_2TE,12,8,8,1,7,0.06111160000000004,0.0,0.0,0.0,0.05392200000000003,0.0,0.007232268623856494
920016644603248640,2023,SF_2TE,13,4,8,1,7,0.0,0.0,0.0,0.0,0.0,0.0,0.0
920016644603248640,2023,SF_2TE,13,4,8,2,6,0.0,0.0,0.0,0.0,0.0,0.0,0.0
920016644603248640,2023,SF_2TE,13,4,8,3,5,0.0,0.0,0.0,0.0,0.0,0.0,0.0
920016644603248640,2023,SF_2TE,13,4,9,2,7,0.0,0.0,0.0,0.0,0.0,0.0,0.0
920016644603248640,2023,SF_2TE,13,4,9,3,6,0.0,0.0,0.0,0.0,0.0,0.0,0.0
920016644603248640,2023,SF_2TE,13,8,8,1,7,0.15304294125,0.484375,0.0,0.0,0.12217585874999998,0.0,0.014918975561152825
920016644603248640,2023,SF_2TE,14,4,8,1,7,0.0,0.0,0.0,0.0,0.0,0.0,0.0
920016644603248640,2023,SF_2TE,14,4,8,2,6,0.0,0.0,0.0,0.0,0.0,0.0,0.0
920016644603248640,2023,SF_2TE,14,4,8,3,5,0.0,0.0,0.0,0.0,0.0,0.0,0.0
920016644603248640,2023,SF_2TE,14,4,9,2,7,0.0,0.0,0.0,0.0,0.0,0.0,0.0
920016644603248640,2023,SF_2TE,14,4,9,3,6,0.0,0.0,0.0,0.0,0.0,0.0,0.0
920016644603248640,2023,SF_2TE,15,4,8,0,8,0.07291471999999999,0.0,0.0,0.0,-0.0034178774999999995,0.0,0.0019417374575355763
920016644603248640,2023,SF_2TE,15,4,8,1,7,0.06949684249999999,0.0,0.0,0.0,-0.005696462499999999,0.0,0.0024653351720488573
920016644603248640,2023,SF_2TE,15,4,8,2,6,0.06380037999999999,0.0,0.0,0.0,-0.005696462499999999,0.0,0.0024653351720488573
920016644603248640,2023,SF_2TE,15,4,9,1,8,0.07291471999999999,0.0,0.0,0.0,-0.0034178774999999995,0.0,0.0019417374575355763
920016644603248640,2023,SF_2TE,15,4,9,2,7,0.06949684249999999,0.0,0.0,0.0,-0.005696462499999999,0.0,0.0024653351720488573
1048274355802820608,2024,SF_2TE,4,1,8,1,7,0.39828711999999955,1.0,0.0,0.0,-0.04997960499999994,0.0,0.012358696907347026
1048274355802820608,2024,SF_2TE,4,2,8,2,6,0.25404607999999995,1.0,0.0,0.0,-0.039003057499999993,0.0,0.00566518417444139
1048274355802820608,2024,SF_2TE,4,4,8,2,6,0.3429162399999999,1.0,0.0,0.0,-0.06772883249999997,0.0,0.011312163137106172
1048274355802820608,2024,SF_2TE,4,6,8,3,5,0.5096985924999998,1.0,0.765625,0.0,-0.07636961624999997,0.0625,0.023418499895134733
1048274355802820608,2024,SF_2TE,4,8,8,1,7,0.16099251624999977,0.046875,0.0,0.0,0.0016504925000000031,0.0,0.00900013394693219
1048274355802820608,2024,SF_2TE,4,8,8,2,6,0.16264300874999982,0.109375,0.0,0.0,0.017520784999999987,0.0,0.011674941333125133
1048274355802820608,2024,SF_2TE,4,8,8,3,5,0.1801637937499998,0.234375,0.0,0.0,0.01726749124999999,0.0,0.01166456808789047
1048274355802820608,2024,SF_2TE,4,8,8,4,4,0.1974312849999998,0.34375,0.0,0.0,0.03185613999999997,0.0,0.014470652703617443
1048274355802820608,2024,SF_2TE,4,8,8,5,3,0.22928742499999977,0.53125,0.0,0.0,0.005124932499999981,0.0,0.009360384742158428
1048274355802820608,2024,SF_2TE,4,8,8,6,2,0.23441235749999972,0.59375,0.0,0.0,0.021917297499999953,0.0,0.013155499787829142
1048274355802820608,2024,SF_2TE,4,8,8,7,1,0.2563296549999997,0.75,0.0,0.0,0.015290703749999952,0.0,0.012681050837903845
1048274355802820608,2024,SF_2TE,4,8,9,2,7,0.1822464712499998,0.109375,0.0,0.0,0.02165450749999999,0.0,0.01345452057007337
1048274355802820608,2024,SF_2TE,4,8,9,3,6,0.20390097874999977,0.234375,0.0,0.0,0.012832266249999986,0.0,0.011971866669941142
1048274355802820608,2024,SF_2TE,4,8,9,4,5,0.21673324499999974,0.34375,0.0,0.0,0.03508535499999997,0.0,0.013885797525154949
1048274355802820608,2024,SF_2TE,4,8,9,5,4,0.2518185999999997,0.53125,0.0,0.0,-0.0044020700000000045,0.0,0.008845765104200445
1048274355802820608,2024,SF_2TE,4,8,9,6,3,0.24741652999999975,0.59375,0.0,0.0,0.030131194999999954,0.0,0.012816696525601827
1048274355802820608,2024,SF_2TE,4,8,9,7,2,0.2775477249999997,0.75,0.0,0.0,0.01660380874999995,0.0,0.012697921728428884
1048274355802820608,2024,SF_2TE,4,8,9,8,1,0.29415153374999964,0.890625,0.0,0.0,0.005913666249999963,0.0,0.010754674722489319
1048274355802820608,2024,SF_2TE,5,1,8,1,7,0.5244155199999998,1.0,1.0,0.0,-0.05735794749999998,-0.21875,0.01670590673253427
1048274355802820608,2024,SF_2TE,5,2,8,2,6,0.24518687999999988,0.0,0.0,0.0,-0.0503232762499999,0.0,0.006245677461965163
1048274355802820608,2024,SF_2TE,5,4,8,2,6,0.3429162400000001,1.0,0.0,0.0,-0.06688879250000004,0.0,0.011773607825296855
1048274355802820608,2024,SF_2TE,5,7,8,3,5,0.7962406975,1.0,1.0,0.6875,0.021612578750000017,0.0,0.02214467476695223
1048274355802820608,2024,SF_2TE,5,8,8,1,7,0.33345336999999975,1.0,0.125,0.0,0.034307466250000015,0.140625,0.017531900608591475
1048274355802820608,2024,SF_2TE,5,8,8,2,6,0.3677608362499998,0.84375,0.265625,0.03125,-0.00020937124999998585,0.0625,0.01672300434778011
1048274355802820608,2024,SF_2TE,5,8,8,3,5,0.36755146499999974,0.65625,0.328125,0.03125,0.03522038124999999,0.0625,0.0167925093999652
1048274355802820608,2024,SF_2TE,5,8,8,4,4,0.40277184624999973,0.71875,0.390625,0.0625,0.017010527499999942,0.015625,0.0198783699929686
1048274355802820608,2024,SF_2TE,5,8,8,5,3,0.4197823737499997,0.796875,0.40625,0.046875,-0.008854268750000048,-0.03125,0.017894660321049156
1048274355802820608,2024,SF_2TE,5,8,8,6,2,0.41092810499999965,0.796875,0.375,0.03125,0.03108699624999993,0.171875,0.01667586753645841
1048274355802820608,2024,SF_2TE,5,8,8,7,1,0.4420151012499996,0.8125,0.546875,0.0,0.02425514249999991,0.28125,0.01685699936037012
1048274355802820608,2024,SF_2TE,5,8,9,2,7,0.3956512912499997,1.0,0.296875,0.03125,0.019331966250000013,0.09375,0.01481906924825329
1048274355802820608,2024,SF_2TE,5,8,9,3,6,0.4149832574999997,0.875,0.390625,0.046875,0.017262588750000005,0.078125,0.01828792473383734
1048274355802820608,2024,SF_2TE,5,8,9,4,5,0.43224584624999973,0.734375,0.46875,0.0625,0.04191408249999996,0.078125,0.016858580680802766
1048274355802820608,2024,SF_2TE,5,8,9,5,4,0.47415992874999974,0.828125,0.546875,0.078125,-0.011373383750000058,-0.078125,0.017460647506467142
1048274355802820608,2024,SF_2TE,5,8,9,6,3,0.46278654499999966,0.890625,0.46875,0.046875,0.01751945874999994,0.09375,0.0162635920778521
1048274355802820608,2024,SF_2TE,5,8,9,7,2,0.48030600374999954,0.890625,0.5625,0.03125,0.029149574999999917,0.28125,0.01603074756238642
1048274355802820608,2024,SF_2TE,5,8,9,8,1,0.5094555787499995,0.9375,0.84375,0.0,-0.0073998987500000675,0.15625,0.013432868981551114
1048274355802820608,2024,SF_2TE,6,4,8,2,6,0.44094296,1.0,0.0,0.0,-0.06808295624999998,0.0,0.015103881835011018
1048274355802820608,2024,SF_2TE,6,8,8,1,7,0.5161576474999996,1.0,0.203125,0.203125,0.05431400499999999,0.234375,0.025491852371985403
1048274355802820608,2024,SF_2TE,6,8,8,2,6,0.5704716524999995,0.875,0.4375,0.375,0.011672373750000005,0.140625,0.02345803738514323
1048274355802820608,2024,SF_2TE,6,8,8,3,5,0.5821440262499996,0.796875,0.578125,0.40625,0.031286036249999954,0.125,0.02199944491969667
1048274355802820608,2024,SF_2TE,6,8,8,4,4,0.6134300624999995,0.84375,0.703125,0.40625,0.01654347249999992,0.09375,0.023332045602220165
1048274355802820608,2024,SF_2TE,6,8,8,5,3,0.6299735349999995,0.921875,0.796875,0.28125,-0.01746601875000008,0.015625,0.0172717873288742
1048274355802820608,2024,SF_2TE,6,8,8,6,2,0.6125075162499993,0.953125,0.8125,0.203125,-0.01998115625000007,-0.015625,0.01596901574520522
1048274355802820608,2024,SF_2TE,6,8,8,7,1,0.5925263599999993,0.96875,0.796875,0.171875,-0.003966417500000105,0.0625,0.017840333164747736
1048274355802820608,2024,SF_2TE,6,8,9,2,7,0.6255286399999996,1.0,0.4375,0.4375,0.011211836249999984,0.140625,0.02053957963357107
1048274355802820608,2024,SF_2TE,6,8,9,3,6,0.6367404762499995,0.921875,0.578125,0.484375,0.03220711124999999,0.125,0.022132369805756783
1048274355802820608,2024,SF_2TE,6,8,9,4,5,0.6689475874999996,0.875,0.703125,0.5,0.029172972499999946,0.140625,0.019624851822027445
1048274355802820608,2024,SF_2TE,6,8,9,5,4,0.6981205599999996,0.953125,0.84375,0.46875,-0.024087793750000062,0.015625,0.0184313581134168
1048274355802820608,2024,SF_2TE,6,8,9,6,3,0.6740327662499994,0.96875,0.859375,0.34375,-0.023138531250000087,0.0,0.0178143910843436
1048274355802820608,2024,SF_2TE,6,8,9,7,2,0.6508942349999993,0.984375,0.859375,0.28125,-0.0015766050000000833,0.046875,0.017072135978648265
1048274355802820608,2024,SF_2TE,6,8,9,8,1,0.6493176299999993,1.0,0.90625,0.234375,0.007097009999999871,0.09375,0.018806115906516634
1048274355802820608,2024,SF_2TE,7,8,8,3,5,0.04789740374999996,0.0,0.0,0.0,0.029650773749999977,0.0,0.0073991046205047475
1048274355802820608,2024,SF_2TE,7,8,8,4,4,0.07754817749999994,0.0,0.0,0.0,0.015965801249999988,0.0,0.005739959812568509
1048274355802820608,2024,SF_2TE,7,8,8,5,3,0.09351397874999992,0.0,0.0,0.0,0.02508911624999998,0.0,0.006938357629780139
1048274355802820608,2024,SF_2TE,7,8,8,6,2,0.11860309499999991,0.0,0.0,0.0,0.018246629999999986,0.0,0.006082209999999995
1048274355802820608,2024,SF_2TE,7,8,8,7,1,0.1368497249999999,0.0,0.0,0.0,0.009123314999999993,0.0,0.0044517218870162205
1048274355802820608,2024,SF_2TE,8,8,8,3,5,0.09978728124999992,0.390625,0.0,0.0,0.03991491249999996,0.0,0.011685889806145284
1048274355802820608,2024,SF_2TE,8,8,8,4,4,0.13970219374999987,0.546875,0.0,0.0,0.03592342124999996,0.0,0.011188387678656955
1048274355802820608,2024,SF_2TE,8,8,8,5,3,0.17562561499999982,0.6875,0.0,0.0,0.011974473749999989,0.0,0.006802843055273772
1048274355802820608,2024,SF_2TE,8,8,8,6,2,0.1876000887499998,0.734375,0.0,0.0,0.027940438749999973,0.0,0.010045032695777287
1048274355802820608,2024,SF_2TE,8,8,8,7,1,0.2155405274999998,0.84375,0.0,0.0,0.03991491249999996,0.0,0.011685889806145284
1048274355802820608,2024,SF_2TE,9,8,8,2,6,0.04262913499999994,0.0,0.0,0.0,0.0009281912500000433,0.0,0.001986431474429754
1048274355802820608,2024,SF_2TE,9,8,8,3,5,0.043557326249999986,0.0,0.0,0.0,-0.0016966887499999667,0.0,0.0016129698011654796
1048274355802820608,2024,SF_2TE,9,8,8,4,4,0.04186063750000002,0.0,0.0,0.0,-0.0009330349999999536,0.0,0.0023690357823437447
1048274355802820608,2024,SF_2TE,9,8,8,5,3,0.04092760250000006,0.0,0.0,0.0,0.003452411250000037,0.0,0.0023213355195962713
1048274355802820608,2024,SF_2TE,9,8,8,6,2,0.0443800137500001,0.0,0.0,0.0,-0.0024284037499999883,0.0,0.0026322695697496455
1048274355802820608,2024,SF_2TE,9,8,8,7,1,0.04195161000000011,0.0,0.0,0.0,-0.0015640899999999937,0.0,0.0021315894312419936
1048274355802820608,2024,SF_2TE,9,8,9,3,6,0.04704651999999998,0.0,0.0,0.0,0.0002971362500000345,0.0,0.0018851080250973195
1048274355802820608,2024,SF_2TE,9,8,9,4,5,0.04734365625000002,0.0,0.0,0.0,-0.00043457874999995594,0.0,0.002317487579783336
1048274355802820608,2024,SF_2TE,9,8,9,5,4,0.04690907750000006,0.0,0.0,0.0,0.0009601300000000416,0.0,0.002355204034657782
1048274355802820608,2024,SF_2TE,9,8,9,6,3,0.0478692075000001,0.0,0.0,0.0,0.0015592462500000279,0.0,0.0019200138193705832
1048274355802820608,2024,SF_2TE,9,8,9,7,2,0.04942845375000013,0.0,0.0,0.0,-0.0030594587499999937,0.0,0.0024145866302956284
1048274355802820608,2024,SF_2TE,10,8,8,2,6,0.09729181999999997,0.0,0.0,0.0,-0.008069841249999949,0.0,0.0029833421056777148
1048274355802820608,2024,SF_2TE,10,8,8,3,5,0.08922197875000003,0.0,0.0,0.0,-0.013738477499999971,0.0,0.003327437932331808
1048274355802820608,2024,SF_2TE,10,8,8,4,4,0.07548350125000006,0.0,0.0,0.0,-0.009180642499999957,0.0,0.0031802552591721316
1048274355802820608,2024,SF_2TE,10,8,8,5,3,0.0663028587500001,0.0,0.0,0.0,-0.0041913399999999774,0.0,0.00252200540237895
1048274355802820608,2024,SF_2TE,10,8,8,6,2,0.06211151875000012,0.0,0.0,0.0,-0.006155596249999975,0.0,0.0032128449092924615
1048274355802820608,2024,SF_2TE,10,8,9,3,6,0.10360237000000003,0.0,0.0,0.0,-0.010594061249999974,0.0,0.002719271458030537
1048274355802820608,2024,SF_2TE,10,8,9,4,5,0.09300830875000005,0.0,0.0,0.0,-0.011845312499999955,0.0,0.0037565215993774956
1048274355802820608,2024,SF_2TE,10,8,9,5,4,0.0811629962500001,0.0,0.0,0.0,-0.010442752499999968,0.0,0.0032569994659573964
1048274355802820608,2024,SF_2TE,10,8,9,6,3,0.07072024375000013,0.0,0.0,0.0,-0.0010360649999999715,0.0,0.0030830498529009673
1048274355802820608,2024,SF_2TE,11,2,8,3,5,0.0009484799999999183,0.0,0.0,0.0,-0.00028157999999997574,0.0,5.459602026311913e-05
1048274355802820608,2024,SF_2TE,11,8,8,2,6,0.34725106999999983,1.0,0.0,0.0,-0.018508342499999903,0.0,0.011082213231087342
1048274355802820608,2024,SF_2TE,11,8,8,3,5,0.32874272749999994,0.84375,0.0,0.0,-0.014082973749999953,0.0,0.009327969753643311
1048274355802820608,2024,SF_2TE,11,8,8,4,4,0.31465975375,0.78125,0.0,0.0,-0.02384468499999992,0.0,0.010155907760683163
1048274355802820608,2024,SF_2TE,11,8,8,5,3,0.29081506875000007,0.65625,0.0,0.0,-0.023967089999999944,0.0,0.007816321686880295
1048274355802820608,2024,SF_2TE,11,8,8,6,2,0.2668479787500001,0.53125,0.0,0.0,-0.02111864124999992,0.0,0.00848002345362575
1048274355802820608,2024,SF_2TE,11,8,8,7,1,0.2457293375000002,0.328125,0.0,0.0,-0.03700933749999993,0.0,0.008358127242944947
1048274355802820608,2024,SF_2TE,11,8,9,3,6,0.3803437687499999,1.0,0.0,0.0,-0.030489672499999936,0.0,0.010454517823365603
1048274355802820608,2024,SF_2TE,11,8,9,4,5,0.34985409624999997,0.90625,0.0,0.0,-0.013337286249999945,0.0,0.008526993440071181
1048274355802820608,2024,SF_2TE,11,8,9,5,4,0.33651681,0.859375,0.0,0.0,-0.03491186874999995,0.0,0.008276007891978668
1048274355802820608,2024,SF_2TE,11,8,9,6,3,0.3016049412500001,0.71875,0.0,0.0,-0.020799677499999922,0.0,0.008269522302114252
1048274355802820608,2024,SF_2TE,11,8,9,7,2,0.28080526375000014,0.578125,0.0,0.0,-0.028652553749999934,0.0,0.007906169566650436
1048274355802820608,2024,SF_2TE,12,2,8,2,6,0.0,0.0,0.0,0.0,0.0,0.0,0.0
1048274355802820608,2024,SF_2TE,12,2,8,3,5,0.0,0.0,0.0,0.0,0.0,0.0,0.0
1048274355802820608,2024,SF_2TE,12,2,9,3,6,0.0,0.0,0.0,0.0,0.0,0.0,0.0
1048274355802820608,2024,SF_2TE,12,8,8,4,4,0.34580605375000006,0.96875,0.0,0.0,-0.02047152125,0.0,0.008897575141781203
1048274355802820608,2024,SF_2TE,12,8,8,5,3,0.3253345325000001,0.796875,0.0,0.0,-0.016200606249999937,0.0,0.010318814053375014
1048274355802820608,2024,SF_2TE,12,8,8,6,2,0.30913392625000014,0.5625,0.0,0.0,-0.006770604999999975,0.0,0.007915489991004858
1048274355802820608,2024,SF_2TE,12,8,8,7,1,0.3023633212500002,0.421875,0.0,0.0,-0.05757156124999993,0.0,0.010624878634986103
1048274355802820608,2024,SF_2TE,13,2,8,2,6,0.0,0.0,0.0,0.0,0.0,0.0,0.0
1048274355802820608,2024,SF_2TE,13,2,8,3,5,0.0,0.0,0.0,0.0,0.0,0.0,0.0
1048274355802820608,2024,SF_2TE,13,2,9,3,6,0.0,0.0,0.0,0.0,0.0,0.0,0.0
1048274355802820608,2024,SF_2TE,14,2,8,2,6,0.020280880000000057,0.0,0.0,0.0,-0.0041195537500000115,0.0,0.0010280004644412615
1048274355802820608,2024,SF_2TE,14,2,8,3,5,0.016161326250000045,0.0,0.0,0.0,-0.0034857762500000097,0.0,0.0009639862161304302
1048274355802820608,2024,SF_2TE,14,2,9,3,6,0.020280880000000057,0.0,0.0,0.0,-0.0041195537500000115,0.0,0.0010280004644412615
1048274355802820608,2024,SF_2TE,15,1,8,1,7,0.1784684837500001,0.328125,0.0,0.0,0.05558437625000002,0.0,0.013755040732579568
1048274355802820608,2024,SF_2TE,15,1,8,2,6,0.23405286000000014,0.5625,0.0,0.0,0.058173923749999995,0.0,0.014160638458337411
1048274355802820608,2024,SF_2TE,15,1,9,2,7,0.24707785875000016,0.640625,0.0,0.0,0.06604293125000002,0.0,0.013896663115911943
1048274355802820608,2024,SF_2TE,15,8,8,3,5,0.1294170599999998,0.0,0.0,0.0,0.021295739999999962,0.0,0.0028573087287465807
1048278093472837632,2024,SF_2TE,4,12,8,0,8,0.10683592000000008,0.0,0.0,0.0,-0.018362423750000016,0.0,0.005078100864834915
1048278093472837632,2024,SF_2TE,4,12,8,1,7,0.08847349625000006,0.0,0.0,0.0,-0.008346556250000007,0.0,0.0036122521106053507
1048278093472837632,2024,SF_2TE,4,12,9,1,8,0.10683592000000008,0.0,0.0,0.0,-0.018362423750000016,0.0,0.005078100864834915
1048278093472837632,2024,SF_2TE,5,7,8,6,2,0.1704193650000001,0.0,0.0,0.0,-0.00864202499999999,0.0,0.003671510434768276
1048278093472837632,2024,SF_2TE,5,12,8,0,8,0.10683592000000008,0.0,0.0,0.0,-0.010015867500000008,0.0,0.003923346516915676
1048278093472837632,2024,SF_2TE,5,12,8,1,7,0.09682005250000009,0.0,0.0,0.0,-0.015023801250000012,0.0,0.00467917884608753
1048278093472837632,2024,SF_2TE,6,12,8,0,8,0.10683592000000008,0.0,0.0,0.0,-0.010015867500000008,0.0,0.0039233465169156755
1048278093472837632,2024,SF_2TE,6,12,8,1,7,0.09682005250000009,0.0,0.0,0.0,-0.01335449000000001,0.0,0.004451496666666671
1180354306008649728,2025,SF_2TE,4,10,8,2,6,0.33300588,1.0,0.0,0.0,-0.05484710125000003,0.0,0.013855877215155974
1180354306008649728,2025,SF_2TE,4,10,8,3,5,0.27815877874999995,0.78125,0.0,0.0,-0.061335937500000035,0.0,0.013268169456930986
1180578870847586304,2025,SF_2TE,4,2,8,1,7,0.2954300037500003,1.0,0.0,0.0,0.01235046000000005,0.0,0.008750548116846247
1180578870847586304,2025,SF_2TE,4,6,8,2,6,0.6609316000000004,1.0,1.0,0.0,-0.07228939375000003,-0.109375,0.02598918829707602
1180578870847586304,2025,SF_2TE,4,9,8,2,6,0.326984245,1.0,0.0,0.0,-0.02176634124999994,0.0,0.012218440058283262
1180578870847586304,2025,SF_2TE,4,9,8,3,5,0.3052179037500001,0.890625,0.0,0.0,-0.048307784999999936,0.0,0.015336044339290431
1180578870847586304,2025,SF_2TE,4,9,8,4,4,0.25691011875000014,0.703125,0.0,0.0,-0.06280707999999992,0.0,0.017274088741589373
1180578870847586304,2025,SF_2TE,4,9,8,5,3,0.19410303875000018,0.453125,0.0,0.0,-0.021748942499999962,0.0,0.011972526148369921
1180578870847586304,2025,SF_2TE,4,9,8,6,2,0.17235409625000023,0.359375,0.0,0.0,-0.04229540999999992,0.0,0.015086352772643634
1180578870847586304,2025,SF_2TE,4,9,9,3,6,0.33900899500000004,1.0,0.0,0.0,-0.02417129124999995,0.0,0.012505700949318422
1180578870847586304,2025,SF_2TE,4,9,9,4,5,0.3148377037500001,0.890625,0.0,0.0,-0.04349788499999993,0.0,0.014174069170662659
1180578870847586304,2025,SF_2TE,4,9,9,5,4,0.27133981875000013,0.703125,0.0,0.0,-0.07002192999999995,0.0,0.01656408729640135
1180578870847586304,2025,SF_2TE,4,9,9,6,3,0.2013178887500002,0.453125,0.0,0.0,-0.013331617499999927,0.0,0.012104422025672766
1180578870847586304,2025,SF_2TE,5,9,8,3,5,0.027656925000000113,0.0,0.0,0.0,0.01202475000000005,0.0,0.003520486320656376
1180578870847586304,2025,SF_2TE,5,9,8,4,4,0.039681675000000166,0.0,0.0,0.0,0.00961980000000004,0.0,0.003206600000000013
1180578870847586304,2025,SF_2TE,5,9,8,5,3,0.049301475000000206,0.0,0.0,0.0,0.01923960000000008,0.0,0.004198424920984416
1180578870847586304,2025,SF_2TE,5,9,8,6,2,0.06854107500000028,0.0,0.0,0.0,0.008417325000000035,0.0,0.003026162387517411
1180578870847586304,2025,SF_2TE,5,9,9,4,5,0.039681675000000166,0.0,0.0,0.0,0.00961980000000004,0.0,0.003206600000000013
1180578870847586304,2025,SF_2TE,5,9,9,5,4,0.049301475000000206,0.0,0.0,0.0,0.01923960000000008,0.0,0.004198424920984416
1180578870847586304,2025,SF_2TE,5,9,9,6,3,0.06854107500000028,0.0,0.0,0.0,0.008417325000000035,0.0,0.003026162387517411
1180578870847586304,2025,SF_2TE,6,9,8,3,5,0.04314671999999997,0.0,0.0,0.0,-0.009438344999999994,0.0,0.0022472249999999985
1180578870847586304,2025,SF_2TE,6,9,8,4,4,0.03370837499999998,0.0,0.0,0.0,-0.010112512499999993,0.0,0.0023027203935033543
1180578870847586304,2025,SF_2TE,6,9,8,5,3,0.023595862499999985,0.0,0.0,0.0,-0.008090009999999995,0.0,0.0021217286096785718
1180578870847586304,2025,SF_2TE,7,9,8,3,5,0.10599391999999996,0.0,0.0,0.0,-0.02649847999999999,0.0,0.005782442400060637
1180578870847586304,2025,SF_2TE,7,9,8,4,4,0.07949543999999997,0.0,0.0,0.0,-0.016561549999999994,0.0,0.004848725355942232
1180578870847586304,2025,SF_2TE,7,9,8,5,3,0.06293388999999998,0.0,0.0,0.0,-0.021530014999999993,0.0,0.0053726366404194285
1180578870847586304,2025,SF_2TE,8,9,8,3,5,0.10599391999999996,0.0,0.0,0.0,-0.021530014999999993,0.0,0.0053726366404194285
1180578870847586304,2025,SF_2TE,8,9,8,4,4,0.08446390499999998,0.0,0.0,0.0,-0.021530014999999993,0.0,0.0053726366404194285
1180578870847586304,2025,SF_2TE,8,9,8,5,3,0.06293388999999998,0.0,0.0,0.0,-0.02484232499999999,0.0,0.005656846248599271
1180578870847586304,2025,SF_2TE,9,9,8,3,5,0.1075084799999999,0.0,0.0,0.0,-0.015756940000000025,0.0,0.004846008919889725
1180578870847586304,2025,SF_2TE,9,9,8,4,4,0.09175153999999988,0.0,0.0,0.0,-0.02299685,0.0,0.005490556478231148
1180578870847586304,2025,SF_2TE,9,9,8,5,3,0.06875468999999988,0.0,0.0,0.0,-0.03260247000000001,0.0,0.0061970334157141465
1180578870847586304,2025,SF_2TE,11,9,8,4,4,0.0017512099999999337,0.0,0.0,0.0,0.0005206299999999803,0.0,0.00014397944896892492
1180578870847586304,2025,SF_2TE,11,9,8,5,3,0.002271839999999914,0.0,0.0,0.0,0.0005206299999999803,0.0,0.00014397944896892492
1180578870847586304,2025,SF_2TE,11,9,8,6,2,0.002792469999999894,0.0,0.0,0.0,0.00023664999999999103,0.0,0.00010241822332111202
1180578870847586304,2025,SF_2TE,12,9,8,4,4,0.0015618899999999408,0.0,0.0,0.0,0.0005206299999999803,0.0,0.00014397944896892492
1180578870847586304,2025,SF_2TE,12,9,8,5,3,0.002082519999999921,0.0,0.0,0.0,0.0006152899999999767,0.0,0.00015354051534490553
1180578870847586304,2025,SF_2TE,12,9,8,6,2,0.002697809999999898,0.0,0.0,0.0,0.00033130999999998745,0.0,0.00011911122127378367
1180578870847586304,2025,SF_2TE,12,11,8,4,4,0.7518460699999999,1.0,0.875,0.875,-0.005272208750000083,0.125,0.02201166777138337
1180578870847586304,2025,SF_2TE,14,3,8,1,7,0.35269703999999985,1.0,0.0,0.0,-0.027554456249999994,0.0,0.011925114953325235
1180578870847586304,2025,SF_2TE,14,11,8,2,6,0.3785067200000003,1.0,0.0,0.0,-0.043686360000000035,0.0,0.011758661282435507
1180578870847586304,2025,SF_2TE,14,11,8,3,5,0.33482036000000026,0.890625,0.0,0.0,-0.07348421500000005,0.0,0.015505830875055736
1180578870847586304,2025,SF_2TE,14,11,9,3,6,0.3785067200000003,1.0,0.0,0.0,-0.043686360000000035,0.0,0.011758661282435507
1180578870847586304,2025,SF_2TE,15,3,8,1,7,0.0,0.0,0.0,0.0,0.0,0.0,0.0
1180578870847586304,2025,SF_2TE,15,9,8,4,4,0.0,0.0,0.0,0.0,0.0,0.0,0.0
1180578870847586304,2025,SF_2TE,15,9,8,5,3,0.0,0.0,0.0,0.0,0.0,0.0,0.0
1180578870847586304,2025,SF_2TE,15,11,8,2,6,0.26804408000000013,1.0,0.0,0.0,-0.03636635875000005,0.0,0.006224299994481694
1180578870847586304,2025,SF_2TE,15,11,8,3,5,0.23167772125000008,0.578125,0.0,0.0,-0.029348521250000027,0.0,0.005299972676084704
