league_id,season,week,capacity,bench,draws,QB,RB,WR,TE,mean_opportunity,gap_to_window_best
1180084795436826624,2025,4,15,5,64,1,2,8,4,3.4116410874999987,0.6568350325000001
1180084795436826624,2025,4,15,5,64,1,2,9,3,3.4220684362499987,0.6464076837500001
1180084795436826624,2025,4,15,5,64,1,2,10,2,3.286641743749999,0.78183437625
1180084795436826624,2025,4,15,5,64,1,2,11,1,3.1166130699999988,0.95186305
1180084795436826624,2025,4,15,5,64,1,3,7,4,3.5272500399999984,0.5412260800000004
1180084795436826624,2025,4,15,5,64,1,3,8,3,3.536137271249998,0.5323388487500007
1180084795436826624,2025,4,15,5,64,1,3,9,2,3.431451161249999,0.6370249587499996
1180084795436826624,2025,4,15,5,64,1,3,10,1,3.2137283812499984,0.8547477387500004
1180084795436826624,2025,4,15,5,64,1,4,6,4,3.565833347499999,0.5026427724999998
1180084795436826624,2025,4,15,5,64,1,4,7,3,3.5537135687499983,0.5147625512500005
1180084795436826624,2025,4,15,5,64,1,4,8,2,3.4480253512499988,0.62045076875
1180084795436826624,2025,4,15,5,64,1,4,9,1,3.2604069262499986,0.8080691937500002
1180084795436826624,2025,4,15,5,64,1,5,5,4,3.564821917499999,0.5036542024999999
1180084795436826624,2025,4,15,5,64,1,5,6,3,3.6314295399999987,0.4370465800000001
1180084795436826624,2025,4,15,5,64,1,5,7,2,3.5037858037499987,0.5646903162500001
1180084795436826624,2025,4,15,5,64,1,5,8,1,3.3160868624999984,0.7523892575000004
1180084795436826624,2025,4,15,5,64,1,6,4,4,3.565003138749999,0.5034729812499998
1180084795436826624,2025,4,15,5,64,1,6,5,3,3.5976803712499987,0.4707957487500001
1180084795436826624,2025,4,15,5,64,1,6,6,2,3.5491952949999988,0.5192808250000001
1180084795436826624,2025,4,15,5,64,1,6,7,1,3.340148029999999,0.7283280899999998
1180084795436826624,2025,4,15,5,64,1,7,3,4,3.384155997499999,0.6843201225
1180084795436826624,2025,4,15,5,64,1,7,4,3,3.5367673462499987,0.5317087737500001
1180084795436826624,2025,4,15,5,64,1,7,5,2,3.4547832799999987,0.6136928400000001
1180084795436826624,2025,4,15,5,64,1,7,6,1,3.325225422499999,0.7432506974999997
1180084795436826624,2025,4,15,5,64,1,8,3,3,3.352935702499999,0.7155404174999997
1180084795436826624,2025,4,15,5,64,1,8,4,2,3.3906491799999987,0.6778269400000001
1180084795436826624,2025,4,15,5,64,1,8,5,1,3.227317709999999,0.8411584099999998
1180084795436826624,2025,4,15,5,64,1,9,3,2,3.2334754374999988,0.8350006825
1180084795436826624,2025,4,15,5,64,1,9,4,1,3.1897602024999987,0.8787159175000001
1180084795436826624,2025,4,15,5,64,2,2,7,4,3.7999704149999984,0.26850570500000037
1180084795436826624,2025,4,15,5,64,2,2,8,3,3.8101163049999984,0.2583598150000004
1180084795436826624,2025,4,15,5,64,2,2,9,2,3.704502883749999,0.36397323624999967
1180084795436826624,2025,4,15,5,64,2,2,10,1,3.4891795049999987,0.5792966150000001
1180084795436826624,2025,4,15,5,64,2,3,6,4,3.9368560424999983,0.1316200775000005
1180084795436826624,2025,4,15,5,64,2,3,7,3,3.924864624999999,0.1436114949999996
1180084795436826624,2025,4,15,5,64,2,3,8,2,3.8212498212499986,0.24722629875000024
1180084795436826624,2025,4,15,5,64,2,3,9,1,3.6338099037499987,0.4346662162500001
1180084795436826624,2025,4,15,5,64,2,4,5,4,3.897662183749999,0.17081393624999963
1180084795436826624,2025,4,15,5,64,2,4,6,3,3.963662391249999,0.10481372874999995
1180084795436826624,2025,4,15,5,64,2,4,7,2,3.8391270124999988,0.22934910750000004
1180084795436826624,2025,4,15,5,64,2,4,8,1,3.6508134199999986,0.41766270000000016
1180084795436826624,2025,4,15,5,64,2,5,4,4,3.9299212587499985,0.13855486125000027
1180084795436826624,2025,4,15,5,64,2,5,5,3,3.9623035762499987,0.10617254375000007
1180084795436826624,2025,4,15,5,64,2,5,6,2,3.916085323749998,0.15239079625000063
1180084795436826624,2025,4,15,5,64,2,5,7,1,3.7062691437499984,0.3622069762500004
1180084795436826624,2025,4,15,5,64,2,6,3,4,3.806297656249999,0.26217846374999976
1180084795436826624,2025,4,15,5,64,2,6,4,3,3.9605070512499987,0.10796906875000012
1180084795436826624,2025,4,15,5,64,2,6,5,2,3.8822239262499982,0.18625219375000057
1180084795436826624,2025,4,15,5,64,2,6,6,1,3.751998349999999,0.31647776999999966
1180084795436826624,2025,4,15,5,64,2,7,3,3,3.7790972512499987,0.2893788687500001
1180084795436826624,2025,4,15,5,64,2,7,4,2,3.8206337524999983,0.24784236750000055
1180084795436826624,2025,4,15,5,64,2,7,5,1,3.6590474549999987,0.4094286650000001
1180084795436826624,2025,4,15,5,64,2,8,3,2,3.6368021087499987,0.43167401125000016
1180084795436826624,2025,4,15,5,64,2,8,4,1,3.5949548787499985,0.4735212412500003
1180084795436826624,2025,4,15,5,64,2,9,3,1,3.437647703749999,0.63082841625
1180084795436826624,2025,4,15,5,64,3,2,6,4,3.9453200987499986,0.12315602125000025
1180084795436826624,2025,4,15,5,64,3,2,7,3,3.9333070774999985,0.13516904250000028
1180084795436826624,2025,4,15,5,64,3,2,8,2,3.8286430224999988,0.23983309750000004
1180084795436826624,2025,4,15,5,64,3,2,9,1,3.6422325074999984,0.4262436125000004
1180084795436826624,2025,4,15,5,64,3,3,5,4,4.002804353749998,0.06567176625000037
1180084795436826624,2025,4,15,5,64,3,3,6,3,4.068476119999999,0.0
1180084795436826624,2025,4,15,5,64,3,3,7,2,3.9440858862499986,0.12439023375000025
1180084795436826624,2025,4,15,5,64,3,3,8,1,3.756838469999999,0.31163764999999977
1180084795436826624,2025,4,15,5,64,3,4,4,4,3.9956380137499985,0.07283810625000031
1180084795436826624,2025,4,15,5,64,3,4,5,3,4.027757481249999,0.04071863874999959
1180084795436826624,2025,4,15,5,64,3,4,6,2,3.9820086149999985,0.08646750500000033
1180084795436826624,2025,4,15,5,64,3,4,7,1,3.7743864974999983,0.2940896225000005
1180084795436826624,2025,4,15,5,64,3,5,3,4,3.9068960187499986,0.16158010125000022
1180084795436826624,2025,4,15,5,64,3,5,4,3,4.060339587499999,0.008136532500000015
1180084795436826624,2025,4,15,5,64,3,5,5,2,3.9807598999999985,0.08771622000000034
1180084795436826624,2025,4,15,5,64,3,5,6,1,3.8516105349999985,0.2168655850000003
1180084795436826624,2025,4,15,5,64,3,6,3,3,3.936675383749999,0.13180073624999977
1180084795436826624,2025,4,15,5,64,3,6,4,2,3.9799779512499995,0.08849816874999927
1180084795436826624,2025,4,15,5,64,3,6,5,1,3.8187556737499992,0.24972044624999956
1180084795436826624,2025,4,15,5,64,3,7,3,2,3.798906001249999,0.2695701187499999
1180084795436826624,2025,4,15,5,64,3,7,4,1,3.7588725362499984,0.3096035837500004
1180084795436826624,2025,4,15,5,64,3,8,3,1,3.575321262499999,0.4931548575
1180084795436826624,2025,4,15,5,64,4,2,5,4,3.899003068749999,0.16947305124999978
1180084795436826624,2025,4,15,5,64,4,2,6,3,3.9637093824999985,0.10476673750000032
1180084795436826624,2025,4,15,5,64,4,2,7,2,3.8366216474999986,0.23185447250000024
1180084795436826624,2025,4,15,5,64,4,2,8,1,3.6505032037499987,0.4179729162500001
1180084795436826624,2025,4,15,5,64,4,3,4,4,3.9902433112499986,0.07823280875000016
1180084795436826624,2025,4,15,5,64,4,3,5,3,4.021488504999999,0.04698761499999993
1180084795436826624,2025,4,15,5,64,4,3,6,2,3.9734287249999984,0.09504739500000037
1180084795436826624,2025,4,15,5,64,4,3,7,1,3.765949657499999,0.3025264624999999
1180084795436826624,2025,4,15,5,64,4,4,3,4,3.862039273749999,0.20643684624999992
1180084795436826624,2025,4,15,5,64,4,4,4,3,4.015086201249999,0.053389918749999765
1180084795436826624,2025,4,15,5,64,4,4,5,2,3.933747529999999,0.13472858999999993
1180084795436826624,2025,4,15,5,64,4,4,6,1,3.8047273512499986,0.2637487687500002
1180084795436826624,2025,4,15,5,64,4,5,3,3,3.926449493749999,0.14202662624999984
1180084795436826624,2025,4,15,5,64,4,5,4,2,3.9675503824999985,0.10092573750000033
1180084795436826624,2025,4,15,5,64,4,5,5,1,3.8041367324999986,0.2643393875000002
1180084795436826624,2025,4,15,5,64,4,6,3,2,3.846078163749999,0.22239795625000003
1180084795436826624,2025,4,15,5,64,4,6,4,1,3.804287617499999,0.2641885024999997
1180084795436826624,2025,4,15,5,64,4,7,3,1,3.624648037499999,0.4438280824999996
1180084795436826624,2025,4,15,5,64,5,2,4,4,3.8818073274999985,0.18666879250000035
1180084795436826624,2025,4,15,5,64,5,2,5,3,3.913532289999999,0.15494382999999967
1180084795436826624,2025,4,15,5,64,5,2,6,2,3.8623912924999986,0.20608482750000023
1180084795436826624,2025,4,15,5,64,5,2,7,1,3.6550577374999986,0.4134183825000002
1180084795436826624,2025,4,15,5,64,5,3,3,4,3.851848841249999,0.21662727874999987
1180084795436826624,2025,4,15,5,64,5,3,4,3,4.004935287499999,0.0635408325000002
1180084795436826624,2025,4,15,5,64,5,3,5,2,3.921874792499999,0.1466013275
1180084795436826624,2025,4,15,5,64,5,3,6,1,3.7917984349999987,0.2766776850000001
1180084795436826624,2025,4,15,5,64,5,4,3,3,3.876379319999999,0.19209679999999985
1180084795436826624,2025,4,15,5,64,5,4,4,2,3.9165431099999988,0.15193301000000003
1180084795436826624,2025,4,15,5,64,5,4,5,1,3.752126383749999,0.31634973624999985
1180084795436826624,2025,4,15,5,64,5,5,3,2,3.8291773299999985,0.23929879000000032
1180084795436826624,2025,4,15,5,64,5,5,4,1,3.7850433612499987,0.28343275875000007
1180084795436826624,2025,4,15,5,64,5,6,3,1,3.6656561324999988,0.40281998750000003
1180084795436826624,2025,4,22,12,64,1,5,12,4,3.8486483749999985,0.6021921125000005
1180084795436826624,2025,4,22,12,64,1,6,11,4,3.914432366249999,0.53640812125
1180084795436826624,2025,4,22,12,64,1,6,12,3,3.8819568862499985,0.5688836012500005
1180084795436826624,2025,4,22,12,64,1,7,10,4,3.8622317987499986,0.5886086887500004
1180084795436826624,2025,4,22,12,64,1,7,11,3,3.8887756562499987,0.5620648312500003
1180084795436826624,2025,4,22,12,64,1,7,12,2,3.7432068649999986,0.7076336225000004
1180084795436826624,2025,4,22,12,64,1,8,9,4,3.8521863799999982,0.5986541075000007
1180084795436826624,2025,4,22,12,64,1,8,10,3,3.8339351424999983,0.6169053450000006
1180084795436826624,2025,4,22,12,64,1,8,11,2,3.747356128749998,0.7034843587500008
1180084795436826624,2025,4,22,12,64,1,8,12,1,3.5201447124999987,0.9306957750000002
1180084795436826624,2025,4,22,12,64,1,9,8,4,3.8388274499999984,0.6120130375000006
1180084795436826624,2025,4,22,12,64,1,9,9,3,3.8497569049999982,0.6010835825000007
1180084795436826624,2025,4,22,12,64,1,9,10,2,3.717843337499999,0.7329971500000001
1180084795436826624,2025,4,22,12,64,1,9,11,1,3.5511624287499988,0.8996780587500002
1180084795436826624,2025,4,22,12,64,2,4,12,4,4.174156721249998,0.2766837662500006
1180084795436826624,2025,4,22,12,64,2,5,11,4,4.270483993749998,0.18035649375000062
1180084795436826624,2025,4,22,12,64,2,5,12,3,4.238875332499998,0.21196515500000057
1180084795436826624,2025,4,22,12,64,2,6,10,4,4.275834727499999,0.17500576000000034
1180084795436826624,2025,4,22,12,64,2,6,11,3,4.302193173749998,0.14864731375000062
1180084795436826624,2025,4,22,12,64,2,6,12,2,4.1640268112499985,0.2868136762500004
1180084795436826624,2025,4,22,12,64,2,7,9,4,4.267921508749998,0.18291897875000096
1180084795436826624,2025,4,22,12,64,2,7,10,3,4.250827232499998,0.2000132550000009
1180084795436826624,2025,4,22,12,64,2,7,11,2,4.170188358749998,0.2806521287500008
1180084795436826624,2025,4,22,12,64,2,7,12,1,3.9467137224999984,0.5041267650000005
1180084795436826624,2025,4,22,12,64,2,8,8,4,4.231972998749998,0.21886748875000084
1180084795436826624,2025,4,22,12,64,2,8,9,3,4.240931289999998,0.20990919750000092
1180084795436826624,2025,4,22,12,64,2,8,10,2,4.114510533749999,0.33632995374999997
1180084795436826624,2025,4,22,12,64,2,8,11,1,3.9510704787499984,0.49977000875000055
1180084795436826624,2025,4,22,12,64,2,9,7,4,4.220144681249999,0.23069580624999997
1180084795436826624,2025,4,22,12,64,2,9,8,3,4.229778211249998,0.22106227625000052
1180084795436826624,2025,4,22,12,64,2,9,9,2,4.129558531249998,0.3212819562500009
1180084795436826624,2025,4,22,12,64,2,9,10,1,3.920413234999999,0.5304272525
1180084795436826624,2025,4,22,12,64,3,3,12,4,4.277331349999998,0.17350913750000085
1180084795436826624,2025,4,22,12,64,3,4,11,4,4.335420832499999,0.11541965500000018
1180084795436826624,2025,4,22,12,64,3,4,12,3,4.303867648749999,0.14697283875
1180084795436826624,2025,4,22,12,64,3,5,10,4,4.3737695474999985,0.07707094000000048
1180084795436826624,2025,4,22,12,64,3,5,11,3,4.399663121249999,0.051177366250000134
1180084795436826624,2025,4,22,12,64,3,5,12,2,4.262518713749998,0.18832177375000114
1180084795436826624,2025,4,22,12,64,3,6,9,4,4.421602729999998,0.029237757500000683
1180084795436826624,2025,4,22,12,64,3,6,10,3,4.404857204999998,0.04598328250000083
1180084795436826624,2025,4,22,12,64,3,6,11,2,4.326748188749998,0.12409229875000083
1180084795436826624,2025,4,22,12,64,3,6,12,1,4.104518107499999,0.34632238000000015
1180084795436826624,2025,4,22,12,64,3,7,8,4,4.3879650962499985,0.06287539125000041
1180084795436826624,2025,4,22,12,64,3,7,9,3,4.396904689999998,0.053935797500001215
1180084795436826624,2025,4,22,12,64,3,7,10,2,4.274173227499999,0.17666726000000033
1180084795436826624,2025,4,22,12,64,3,7,11,1,4.112011701249998,0.33882878625000057
1180084795436826624,2025,4,22,12,64,3,8,7,4,4.351684138749998,0.09915634875000112
1180084795436826624,2025,4,22,12,64,3,8,8,3,4.3609409237499985,0.08989956375000041
1180084795436826624,2025,4,22,12,64,3,8,9,2,4.264041384999999,0.1867991025000002
1180084795436826624,2025,4,22,12,64,3,8,10,1,4.056976176249998,0.39386431125000065
1180084795436826624,2025,4,22,12,64,3,9,6,4,4.360711609999998,0.09012887750000065
1180084795436826624,2025,4,22,12,64,3,9,7,3,4.349986114999998,0.10085437250000062
1180084795436826624,2025,4,22,12,64,3,9,8,2,4.252185119999998,0.19865536750000068
1180084795436826624,2025,4,22,12,64,3,9,9,1,4.072636477499999,0.37820401000000015
1180084795436826624,2025,4,22,12,64,4,2,12,4,4.174195288749999,0.2766451987499998
1180084795436826624,2025,4,22,12,64,4,3,11,4,4.329118531249998,0.12172195625000093
1180084795436826624,2025,4,22,12,64,4,3,12,3,4.297319408749999,0.15352107874999987
1180084795436826624,2025,4,22,12,64,4,4,10,4,4.330013658749999,0.12082682875000028
1180084795436826624,2025,4,22,12,64,4,4,11,3,4.355569739999998,0.09527074750000075
1180084795436826624,2025,4,22,12,64,4,4,12,2,4.217365214999998,0.23347527250000066
1180084795436826624,2025,4,22,12,64,4,5,9,4,4.4110952037499995,0.039745283749999416
1180084795436826624,2025,4,22,12,64,4,5,10,3,4.394101868749998,0.05673861875000075
1180084795436826624,2025,4,22,12,64,4,5,11,2,4.3142019937499985,0.13663849375000048
1180084795436826624,2025,4,22,12,64,4,5,12,1,4.091038636249999,0.3598018512500003
1180084795436826624,2025,4,22,12,64,4,6,8,4,4.432856217499999,0.017984270000000357
1180084795436826624,2025,4,22,12,64,4,6,9,3,4.442346449999999,0.008494037500000218
1180084795436826624,2025,4,22,12,64,4,6,10,2,4.3196149875,0.13122549999999933
1180084795436826624,2025,4,22,12,64,4,6,11,1,4.156299827499998,0.2945406600000009
1180084795436826624,2025,4,22,12,64,4,7,7,4,4.398555624999998,0.05228486250000053
1180084795436826624,2025,4,22,12,64,4,7,8,3,4.408043918749998,0.04279656875000093
1180084795436826624,2025,4,22,12,64,4,7,9,2,4.311144379999998,0.13969610750000072
1180084795436826624,2025,4,22,12,64,4,7,10,1,4.105114738749998,0.3457257487500005
1180084795436826624,2025,4,22,12,64,4,8,6,4,4.382483342499999,0.06835714500000023
1180084795436826624,2025,4,22,12,64,4,8,7,3,4.371969358749999,0.07887112875000035
1180084795436826624,2025,4,22,12,64,4,8,8,2,4.273686087499998,0.17715440000000093
1180084795436826624,2025,4,22,12,64,4,8,9,1,4.0947392224999986,0.3561012650000004
1180084795436826624,2025,4,22,12,64,4,9,5,4,4.313686499999999,0.13715398749999963
1180084795436826624,2025,4,22,12,64,4,9,6,3,4.380031786249999,0.07080870124999983
1180084795436826624,2025,4,22,12,64,4,9,7,2,4.261198574999998,0.18964191250000084
1180084795436826624,2025,4,22,12,64,4,9,8,1,4.081363102499999,0.3694773849999997
1180084795436826624,2025,4,22,12,64,5,2,11,4,4.2226219024999985,0.22821858500000047
1180084795436826624,2025,4,22,12,64,5,2,12,3,4.190650331249999,0.2601901562500002
1180084795436826624,2025,4,22,12,64,5,3,10,4,4.320650336249999,0.13019015124999989
1180084795436826624,2025,4,22,12,64,5,3,11,3,4.345746022499998,0.10509446500000053
1180084795436826624,2025,4,22,12,64,5,3,12,2,4.206127802499998,0.24471268500000054
1180084795436826624,2025,4,22,12,64,5,4,9,4,4.364437332499999,0.08640315500000018
1180084795436826624,2025,4,22,12,64,5,4,10,3,4.346863058749999,0.10397742875000038
1180084795436826624,2025,4,22,12,64,5,4,11,2,4.266045159999998,0.18479532750000072
1180084795436826624,2025,4,22,12,64,5,4,12,1,4.041261503749999,0.40957898375000035
1180084795436826624,2025,4,22,12,64,5,5,8,4,4.419950953749999,0.03088953374999992
1180084795436826624,2025,4,22,12,64,5,5,9,3,4.428684494999999,0.02215599250000011
1180084795436826624,2025,4,22,12,64,5,5,10,2,4.303337806249999,0.14750268124999977
1180084795436826624,2025,4,22,12,64,5,5,11,1,4.140107243749998,0.31073324375000055
1180084795436826624,2025,4,22,12,64,5,6,7,4,4.441702096249999,0.0091383912499996
1180084795436826624,2025,4,22,12,64,5,6,8,3,4.450840487499999,0.0
1180084795436826624,2025,4,22,12,64,5,6,9,2,4.354013826249998,0.09682666125000061
1180084795436826624,2025,4,22,12,64,5,6,10,1,4.146764452499999,0.3040760349999996
1180084795436826624,2025,4,22,12,64,5,7,6,4,4.427855869999998,0.02298461750000058
1180084795436826624,2025,4,22,12,64,5,7,7,3,4.416926456249999,0.03391403125000014
1180084795436826624,2025,4,22,12,64,5,7,8,2,4.318254522499998,0.13258596500000053
1180084795436826624,2025,4,22,12,64,5,7,9,1,4.139658566249999,0.3111819212500002
1180084795436826624,2025,4,22,12,64,5,8,5,4,4.3342474387499985,0.11659304875000043
1180084795436826624,2025,4,22,12,64,5,8,6,3,4.400271976249998,0.050568511250000725
1180084795436826624,2025,4,22,12,64,5,8,7,2,4.280799683749999,0.17004080375000008
1180084795436826624,2025,4,22,12,64,5,8,8,1,4.100020193749999,0.35082029375
1180084795436826624,2025,4,22,12,64,5,9,4,4,4.2978090587499995,0.15303142874999942
1180084795436826624,2025,4,22,12,64,5,9,5,3,4.3312140562499994,0.1196264312499995
1180084795436826624,2025,4,22,12,64,5,9,6,2,4.288296319999999,0.16254416750000011
1180084795436826624,2025,4,22,12,64,5,9,7,1,4.088098903749999,0.3627415837500001
1180084795436826624,2025,8,15,5,64,1,2,8,4,3.0645471337499997,0.6409743674999993
1180084795436826624,2025,8,15,5,64,1,2,9,3,3.0647348124999994,0.6407866887499996
1180084795436826624,2025,8,15,5,64,1,2,10,2,2.906523591249999,0.7989979099999998
1180084795436826624,2025,8,15,5,64,1,2,11,1,2.8036366187499993,0.9018848824999997
1180084795436826624,2025,8,15,5,64,1,3,7,4,3.192388638749999,0.5131328625
1180084795436826624,2025,8,15,5,64,1,3,8,3,3.240933912499999,0.4645875887499997
1180084795436826624,2025,8,15,5,64,1,3,9,2,3.0897126224999996,0.6158088787499993
1180084795436826624,2025,8,15,5,64,1,3,10,1,2.9898103574999992,0.7157111437499997
1180084795436826624,2025,8,15,5,64,1,4,6,4,3.2219432437499993,0.4835782574999996
1180084795436826624,2025,8,15,5,64,1,4,7,3,3.3187395999999993,0.38678190124999956
1180084795436826624,2025,8,15,5,64,1,4,8,2,3.213960844999999,0.4915606562499999
1180084795436826624,2025,8,15,5,64,1,4,9,1,3.121434182499999,0.58408731875
1180084795436826624,2025,8,15,5,64,1,5,5,4,3.1942738887499993,0.5112476124999996
1180084795436826624,2025,8,15,5,64,1,5,6,3,3.276539252499999,0.4289822487499997
1180084795436826624,2025,8,15,5,64,1,5,7,2,3.2196119312499993,0.48590956999999957
1180084795436826624,2025,8,15,5,64,1,5,8,1,3.176083464999999,0.5294380362499997
1180084795436826624,2025,8,15,5,64,1,6,4,4,3.1563368237499994,0.5491846774999996
1180084795436826624,2025,8,15,5,64,1,6,5,3,3.269239643749999,0.43628185750000004
1180084795436826624,2025,8,15,5,64,1,6,6,2,3.199012451249999,0.50650905
1180084795436826624,2025,8,15,5,64,1,6,7,1,3.203909736249999,0.5016117649999998
1180084795436826624,2025,8,15,5,64,1,7,3,4,3.0779903249999996,0.6275311762499993
1180084795436826624,2025,8,15,5,64,1,7,4,3,3.163326254999999,0.5421952462499999
1180084795436826624,2025,8,15,5,64,1,7,5,2,3.1239946812499992,0.5815268199999997
1180084795436826624,2025,8,15,5,64,1,7,6,1,3.114644384999999,0.5908771162499997
1180084795436826624,2025,8,15,5,64,1,8,3,3,3.107738187499999,0.5977833137499999
1180084795436826624,2025,8,15,5,64,1,8,4,2,3.041319582499999,0.6642019187499999
1180084795436826624,2025,8,15,5,64,1,8,5,1,3.063143634999999,0.6423778662499999
1180084795436826624,2025,8,15,5,64,1,9,3,2,2.9377699174999994,0.7677515837499995
1180084795436826624,2025,8,15,5,64,1,9,4,1,2.930716802499999,0.7748046987499997
1180084795436826624,2025,8,15,5,64,2,2,7,4,3.367994809999999,0.3375266912499999
1180084795436826624,2025,8,15,5,64,2,2,8,3,3.414349128749999,0.2911723724999997
1180084795436826624,2025,8,15,5,64,2,2,9,2,3.264439602499999,0.4410818987499998
1180084795436826624,2025,8,15,5,64,2,2,10,1,3.1648232162499994,0.5406982849999995
1180084795436826624,2025,8,15,5,64,2,3,6,4,3.447908913749999,0.2576125874999997
1180084795436826624,2025,8,15,5,64,2,3,7,3,3.544981452499999,0.16054004874999972
1180084795436826624,2025,8,15,5,64,2,3,8,2,3.441033322499999,0.26448817874999975
1180084795436826624,2025,8,15,5,64,2,3,9,1,3.3488127837499997,0.3567087174999992
1180084795436826624,2025,8,15,5,64,2,4,5,4,3.4924334575,0.21308804374999912
1180084795436826624,2025,8,15,5,64,2,4,6,3,3.573459452499999,0.13206204874999994
1180084795436826624,2025,8,15,5,64,2,4,7,2,3.5192476999999993,0.1862738012499996
1180084795436826624,2025,8,15,5,64,2,4,8,1,3.4735484987499987,0.2319730025000002
1180084795436826624,2025,8,15,5,64,2,5,4,4,3.4318711674999993,0.2736503337499996
1180084795436826624,2025,8,15,5,64,2,5,5,3,3.544458618749999,0.1610628825
1180084795436826624,2025,8,15,5,64,2,5,6,2,3.475655411249999,0.2298660899999998
1180084795436826624,2025,8,15,5,64,2,5,7,1,3.480965259999999,0.22455624124999973
1180084795436826624,2025,8,15,5,64,2,6,3,4,3.420021244999999,0.28550025624999975
1180084795436826624,2025,8,15,5,64,2,6,4,3,3.505574907499999,0.19994659375
1180084795436826624,2025,8,15,5,64,2,6,5,2,3.467320871249999,0.2382006299999997
1180084795436826624,2025,8,15,5,64,2,6,6,1,3.4593751399999992,0.24614636124999967
1180084795436826624,2025,8,15,5,64,2,7,3,3,3.425977799999999,0.2795437012499997
1180084795436826624,2025,8,15,5,64,2,7,4,2,3.3608281587499995,0.3446933424999994
1180084795436826624,2025,8,15,5,64,2,7,5,1,3.384866721249999,0.3206547799999999
1180084795436826624,2025,8,15,5,64,2,8,3,2,3.3053585299999995,0.40016297124999944
1180084795436826624,2025,8,15,5,64,2,8,4,1,3.300226627499999,0.40529487374999995
1180084795436826624,2025,8,15,5,64,2,9,3,1,3.1955451987499996,0.5099763024999993
1180084795436826624,2025,8,15,5,64,3,2,6,4,3.4838009099999994,0.22172059124999954
1180084795436826624,2025,8,15,5,64,3,2,7,3,3.581089017499999,0.12443248374999971
1180084795436826624,2025,8,15,5,64,3,2,8,2,3.478363308749999,0.2271581924999997
1180084795436826624,2025,8,15,5,64,3,2,9,1,3.3863895887499993,0.3191319124999996
1180084795436826624,2025,8,15,5,64,3,3,5,4,3.5797910062499994,0.12573049499999955
1180084795436826624,2025,8,15,5,64,3,3,6,3,3.660879863749999,0.04464163749999983
1180084795436826624,2025,8,15,5,64,3,3,7,2,3.606949409999999,0.09857209124999988
1180084795436826624,2025,8,15,5,64,3,3,8,1,3.563319753749999,0.1422017474999997
1180084795436826624,2025,8,15,5,64,3,4,4,4,3.5912989362499994,0.1142225649999995
1180084795436826624,2025,8,15,5,64,3,4,5,3,3.705521501249999,0.0
1180084795436826624,2025,8,15,5,64,3,4,6,2,3.635584621249999,0.06993687999999976
1180084795436826624,2025,8,15,5,64,3,4,7,1,3.640908831249999,0.06461266999999982
1180084795436826624,2025,8,15,5,64,3,5,3,4,3.556376647499999,0.14914485374999975
1180084795436826624,2025,8,15,5,64,3,5,4,3,3.643617598749999,0.06190390250000011
1180084795436826624,2025,8,15,5,64,3,5,5,2,3.606301287499999,0.09922021374999979
1180084795436826624,2025,8,15,5,64,3,5,6,1,3.5977436212499994,0.10777787999999955
1180084795436826624,2025,8,15,5,64,3,6,3,3,3.631082968749999,0.07443853249999988
1180084795436826624,2025,8,15,5,64,3,6,4,2,3.5663927587499993,0.13912874249999962
1180084795436826624,2025,8,15,5,64,3,6,5,1,3.5899720674999993,0.1155494337499996
1180084795436826624,2025,8,15,5,64,3,7,3,2,3.487547692499999,0.21797380875000005
1180084795436826624,2025,8,15,5,64,3,7,4,1,3.482843569999999,0.2226779312499998
1180084795436826624,2025,8,15,5,64,3,8,3,1,3.4264032887499996,0.27911821249999935
1180084795436826624,2025,8,15,5,64,4,2,5,4,3.4155111037499992,0.2900103974999997
1180084795436826624,2025,8,15,5,64,4,2,6,3,3.497032473749999,0.20848902749999976
1180084795436826624,2025,8,15,5,64,4,2,7,2,3.4423630749999994,0.2631584262499995
1180084795436826624,2025,8,15,5,64,4,2,8,1,3.3977863262499994,0.3077351749999995
1180084795436826624,2025,8,15,5,64,4,3,4,4,3.477810156249999,0.2277113449999999
1180084795436826624,2025,8,15,5,64,4,3,5,3,3.592173942499999,0.11334755874999969
1180084795436826624,2025,8,15,5,64,4,3,6,2,3.5215523537499993,0.1839691474999996
1180084795436826624,2025,8,15,5,64,4,3,7,1,3.526226193749999,0.1792953074999999
1180084795436826624,2025,8,15,5,64,4,4,3,4,3.5171357174999986,0.18838578375000026
1180084795436826624,2025,8,15,5,64,4,4,4,3,3.604166629999999,0.10135487124999987
1180084795436826624,2025,8,15,5,64,4,4,5,2,3.564047867499999,0.14147363375
1180084795436826624,2025,8,15,5,64,4,4,6,1,3.554687411249999,0.15083409000000003
1180084795436826624,2025,8,15,5,64,4,5,3,3,3.569565091249999,0.13595640999999992
1180084795436826624,2025,8,15,5,64,4,5,4,2,3.5038673187499993,0.20165418249999956
1180084795436826624,2025,8,15,5,64,4,5,5,1,3.5258082762499994,0.17971322499999953
1180084795436826624,2025,8,15,5,64,4,6,3,2,3.4921071037499996,0.21341439749999935
1180084795436826624,2025,8,15,5,64,4,6,4,1,3.485215878749999,0.22030562249999974
1180084795436826624,2025,8,15,5,64,4,7,3,1,3.408557914999999,0.29696358624999997
1180084795436826624,2025,8,15,5,64,5,2,4,4,3.305944996249999,0.39957650499999975
1180084795436826624,2025,8,15,5,64,5,2,5,3,3.421045758749999,0.28447574249999974
1180084795436826624,2025,8,15,5,64,5,2,6,2,3.3505711362499992,0.35495036499999966
1180084795436826624,2025,8,15,5,64,5,2,7,1,3.354160957499999,0.3513605437499998
1180084795436826624,2025,8,15,5,64,5,3,3,4,3.3966145874999993,0.30890691374999957
1180084795436826624,2025,8,15,5,64,5,3,4,3,3.483444876249999,0.2220766249999997
1180084795436826624,2025,8,15,5,64,5,3,5,2,3.443617712499999,0.26190378874999976
1180084795436826624,2025,8,15,5,64,5,3,6,1,3.4333584237499988,0.27216307750000013
1180084795436826624,2025,8,15,5,64,5,4,3,3,3.5230064249999993,0.18251507624999963
1180084795436826624,2025,8,15,5,64,5,4,4,2,3.4551892987499992,0.25033220249999966
1180084795436826624,2025,8,15,5,64,5,4,5,1,3.4765472387499994,0.22897426249999953
1180084795436826624,2025,8,15,5,64,5,5,3,2,3.4224739662499992,0.2830475349999997
1180084795436826624,2025,8,15,5,64,5,5,4,1,3.4146808087499996,0.29084069249999933
1180084795436826624,2025,8,15,5,64,5,6,3,1,3.403837216249999,0.3016842849999999
1180084795436826624,2025,8,22,12,64,1,5,12,4,3.540928728749999,0.6784482499999998
1180084795436826624,2025,8,22,12,64,1,6,11,4,3.624742167499999,0.5946348112499997
1180084795436826624,2025,8,22,12,64,1,6,12,3,3.615633603749999,0.6037433749999996
1180084795436826624,2025,8,22,12,64,1,7,10,4,3.638433636249999,0.5809433424999999
1180084795436826624,2025,8,22,12,64,1,7,11,3,3.631620369999999,0.5877566087499999
1180084795436826624,2025,8,22,12,64,1,7,12,2,3.4746506424999994,0.7447263362499994
1180084795436826624,2025,8,22,12,64,1,8,9,4,3.673397249999999,0.5459797287499999
1180084795436826624,2025,8,22,12,64,1,8,10,3,3.668458344999999,0.5509186337499998
1180084795436826624,2025,8,22,12,64,1,8,11,2,3.515062261249999,0.7043147175
1180084795436826624,2025,8,22,12,64,1,8,12,1,3.415493939999999,0.80388303875
1180084795436826624,2025,8,22,12,64,1,9,8,4,3.657403633749999,0.5619733449999997
1180084795436826624,2025,8,22,12,64,1,9,9,3,3.6574407762499987,0.5619362025000001
1180084795436826624,2025,8,22,12,64,1,9,10,2,3.5057699512499987,0.7136070275000002
1180084795436826624,2025,8,22,12,64,1,9,11,1,3.407898517499999,0.8114784612499997
1180084795436826624,2025,8,22,12,64,2,4,12,4,3.8317174949999986,0.38765948375000026
1180084795436826624,2025,8,22,12,64,2,5,11,4,3.8923328699999993,0.32704410874999956
1180084795436826624,2025,8,22,12,64,2,5,12,3,3.883934064999999,0.3354429137499997
1180084795436826624,2025,8,22,12,64,2,6,10,4,3.9732171137499988,0.2461598650000001
1180084795436826624,2025,8,22,12,64,2,6,11,3,3.966518901249999,0.2528580775
1180084795436826624,2025,8,22,12,64,2,6,12,2,3.813334416249999,0.4060425624999997
1180084795436826624,2025,8,22,12,64,2,7,9,4,3.9844192649999997,0.2349577137499992
1180084795436826624,2025,8,22,12,64,2,7,10,3,3.979235973749999,0.2401410049999999
1180084795436826624,2025,8,22,12,64,2,7,11,2,3.8287170474999987,0.3906599312500001
1180084795436826624,2025,8,22,12,64,2,7,12,1,3.7321617162499994,0.48721526249999947
1180084795436826624,2025,8,22,12,64,2,8,8,4,4.012594868749998,0.20678211000000069
1180084795436826624,2025,8,22,12,64,2,8,9,3,4.012315858749998,0.20706112000000054
1180084795436826624,2025,8,22,12,64,2,8,10,2,3.864667966249999,0.35470901249999987
1180084795436826624,2025,8,22,12,64,2,8,11,1,3.770274318749999,0.4491026599999999
1180084795436826624,2025,8,22,12,64,2,9,7,4,3.9538334512499986,0.2655435275000002
1180084795436826624,2025,8,22,12,64,2,9,8,3,3.997235109999999,0.22214186874999964
1180084795436826624,2025,8,22,12,64,2,9,9,2,3.853837712499999,0.3655392662499999
1180084795436826624,2025,8,22,12,64,2,9,10,1,3.761080963749999,0.4582960149999997
1180084795436826624,2025,8,22,12,64,3,3,12,4,3.9207720837499993,0.29860489499999954
1180084795436826624,2025,8,22,12,64,3,4,11,4,4.051049964999999,0.16832701374999992
1180084795436826624,2025,8,22,12,64,3,4,12,3,4.042763738749999,0.17661324
1180084795436826624,2025,8,22,12,64,3,5,10,4,4.1088496662499985,0.11052731250000036
1180084795436826624,2025,8,22,12,64,3,5,11,3,4.101773172499999,0.11760380625
1180084795436826624,2025,8,22,12,64,3,5,12,2,3.9499683237499994,0.26940865499999944
1180084795436826624,2025,8,22,12,64,3,6,9,4,4.1871498549999995,0.032227123749999365
1180084795436826624,2025,8,22,12,64,3,6,10,3,4.181955794999999,0.03742118375000025
1180084795436826624,2025,8,22,12,64,3,6,11,2,4.032116899999999,0.18726007874999961
1180084795436826624,2025,8,22,12,64,3,6,12,1,3.9358608337499987,0.2835161450000001
1180084795436826624,2025,8,22,12,64,3,7,8,4,4.192573598749998,0.026803380000000487
1180084795436826624,2025,8,22,12,64,3,7,9,3,4.192061752499999,0.027315226249999824
1180084795436826624,2025,8,22,12,64,3,7,10,2,4.045794704999999,0.17358227375000013
1180084795436826624,2025,8,22,12,64,3,7,11,1,3.9518710999999986,0.2675058787500002
1180084795436826624,2025,8,22,12,64,3,8,7,4,4.177408547499999,0.04196843124999994
1180084795436826624,2025,8,22,12,64,3,8,8,3,4.219376978749999,0.0
1180084795436826624,2025,8,22,12,64,3,8,9,2,4.078318341249998,0.14105863750000047
1180084795436826624,2025,8,22,12,64,3,8,10,1,3.9877459024999986,0.23163107625000023
1180084795436826624,2025,8,22,12,64,3,9,6,4,4.069887629999998,0.14948934875000042
1180084795436826624,2025,8,22,12,64,3,9,7,3,4.162580538749999,0.05679644000000028
1180084795436826624,2025,8,22,12,64,3,9,8,2,4.0632473749999996,0.1561296037499993
1180084795436826624,2025,8,22,12,64,3,9,9,1,3.9770371762499988,0.2423398025000001
1180084795436826624,2025,8,22,12,64,4,2,12,4,3.757618672499999,0.4617583062499997
1180084795436826624,2025,8,22,12,64,4,3,11,4,3.942208299999999,0.27716867874999984
1180084795436826624,2025,8,22,12,64,4,3,12,3,3.933709164999999,0.28566781374999994
1180084795436826624,2025,8,22,12,64,4,4,10,4,4.071188124999999,0.1481888537499998
1180084795436826624,2025,8,22,12,64,4,4,11,3,4.064153986249998,0.1552229925000006
1180084795436826624,2025,8,22,12,64,4,4,12,2,3.9101276762499992,0.3092493024999996
1180084795436826624,2025,8,22,12,64,4,5,9,4,4.127392684999999,0.0919842937499995
1180084795436826624,2025,8,22,12,64,4,5,10,3,4.12231680625,0.0970601724999991
1180084795436826624,2025,8,22,12,64,4,5,11,2,3.971346849999999,0.24803012874999997
1180084795436826624,2025,8,22,12,64,4,5,12,1,3.874151433749999,0.3452255449999999
1180084795436826624,2025,8,22,12,64,4,6,8,4,4.201783013749999,0.017593964999999656
1180084795436826624,2025,8,22,12,64,4,6,9,3,4.2006708137499995,0.01870616499999933
1180084795436826624,2025,8,22,12,64,4,6,10,2,4.0531134249999985,0.16626355375000035
1180084795436826624,2025,8,22,12,64,4,6,11,1,3.9572393599999987,0.2621376187500002
1180084795436826624,2025,8,22,12,64,4,7,7,4,4.163668199999998,0.055708778750000576
1180084795436826624,2025,8,22,12,64,4,7,8,3,4.206694911249999,0.012682067500000116
1180084795436826624,2025,8,22,12,64,4,7,9,2,4.064550207499998,0.15482677125000066
1180084795436826624,2025,8,22,12,64,4,7,10,1,3.972803596249999,0.24657338249999983
1180084795436826624,2025,8,22,12,64,4,8,6,4,4.098867284999999,0.12050969374999987
1180084795436826624,2025,8,22,12,64,4,8,7,3,4.191339252499999,0.028037726250000006
1180084795436826624,2025,8,22,12,64,4,8,8,2,4.092006088749999,0.1273708899999999
1180084795436826624,2025,8,22,12,64,4,8,9,1,4.005795889999999,0.21358108874999981
1180084795436826624,2025,8,22,12,64,4,9,5,4,4.003512377499999,0.21586460124999984
1180084795436826624,2025,8,22,12,64,4,9,6,3,4.083625727499999,0.13575125124999943
1180084795436826624,2025,8,22,12,64,4,9,7,2,4.032877628749999,0.18649935000000006
1180084795436826624,2025,8,22,12,64,4,9,8,1,3.989786199999999,0.22959077875
1180084795436826624,2025,8,22,12,64,5,2,11,4,3.773002583749999,0.44637439499999987
1180084795436826624,2025,8,22,12,64,5,2,12,3,3.764563628749999,0.4548133499999998
1180084795436826624,2025,8,22,12,64,5,3,10,4,3.956537577499999,0.26283940124999994
1180084795436826624,2025,8,22,12,64,5,3,11,3,3.9492109524999988,0.2701660262500001
1180084795436826624,2025,8,22,12,64,5,3,12,2,3.7941640124999987,0.42521296625000016
1180084795436826624,2025,8,22,12,64,5,4,9,4,4.083627571249998,0.13574940750000053
1180084795436826624,2025,8,22,12,64,5,4,10,3,4.07846913375,0.1409078449999992
1180084795436826624,2025,8,22,12,64,5,4,11,2,3.925489099999999,0.29388787874999966
1180084795436826624,2025,8,22,12,64,5,4,12,1,3.827226733749999,0.39215024499999984
1180084795436826624,2025,8,22,12,64,5,5,8,4,4.1355783837499995,0.08379859499999931
1180084795436826624,2025,8,22,12,64,5,5,9,3,4.134883732499999,0.0844932462500001
1180084795436826624,2025,8,22,12,64,5,5,10,2,3.9857508037499993,0.2336261749999995
1180084795436826624,2025,8,22,12,64,5,5,11,1,3.889643637499999,0.32973334124999987
1180084795436826624,2025,8,22,12,64,5,6,7,4,4.165338418749998,0.0540385600000004
1180084795436826624,2025,8,22,12,64,5,6,8,3,4.209117248749999,0.010259729999999578
1180084795436826624,2025,8,22,12,64,5,6,9,2,4.065469456249999,0.15390752249999995
1180084795436826624,2025,8,22,12,64,5,6,10,1,3.972131866249999,0.24724511249999992
1180084795436826624,2025,8,22,12,64,5,7,6,4,4.077776534999999,0.1416004437499998
1180084795436826624,2025,8,22,12,64,5,7,7,3,4.171271736249999,0.048105242500000145
1180084795436826624,2025,8,22,12,64,5,7,8,2,4.072364634999999,0.14701234375000016
1180084795436826624,2025,8,22,12,64,5,7,9,1,3.985235681249999,0.2341412974999999
1180084795436826624,2025,8,22,12,64,5,8,5,4,4.026257944999999,0.1931190337499995
1180084795436826624,2025,8,22,12,64,5,8,6,3,4.1066025999999995,0.1127743787499993
1180084795436826624,2025,8,22,12,64,5,8,7,2,4.055569038749999,0.16380793999999987
1180084795436826624,2025,8,22,12,64,5,8,8,1,4.0129270112499995,0.20644996749999933
1180084795436826624,2025,8,22,12,64,5,9,4,4,3.895809128749999,0.3235678499999999
1180084795436826624,2025,8,22,12,64,5,9,5,3,4.010785076249999,0.20859190250000026
1180084795436826624,2025,8,22,12,64,5,9,6,2,3.945599259999999,0.2737777187499999
1180084795436826624,2025,8,22,12,64,5,9,7,1,3.952523801249999,0.2668531774999998
1180084795436826624,2025,12,15,5,64,1,2,8,4,3.281811749999999,0.5090319412499995
1180084795436826624,2025,12,15,5,64,1,2,9,3,3.326648614999999,0.46419507624999934
1180084795436826624,2025,12,15,5,64,1,2,10,2,3.202988556249999,0.5878551349999994
1180084795436826624,2025,12,15,5,64,1,2,11,1,3.044233624999999,0.7466100662499993
1180084795436826624,2025,12,15,5,64,1,3,7,4,3.383348444999999,0.40749524624999944
1180084795436826624,2025,12,15,5,64,1,3,8,3,3.3691086262499987,0.4217350649999996
1180084795436826624,2025,12,15,5,64,1,3,9,2,3.3100088187499987,0.48083487249999957
1180084795436826624,2025,12,15,5,64,1,3,10,1,3.140953756249999,0.6498899349999991
1180084795436826624,2025,12,15,5,64,1,4,6,4,3.3456568549999988,0.44518683624999955
1180084795436826624,2025,12,15,5,64,1,4,7,3,3.435537934999999,0.3553057562499995
1180084795436826624,2025,12,15,5,64,1,4,8,2,3.317368596249999,0.4734750949999995
1180084795436826624,2025,12,15,5,64,1,4,9,1,3.213204886249999,0.5776388049999994
1180084795436826624,2025,12,15,5,64,1,5,5,4,3.406201037499999,0.3846426537499994
1180084795436826624,2025,12,15,5,64,1,5,6,3,3.4422645287499987,0.34857916249999965
1180084795436826624,2025,12,15,5,64,1,5,7,2,3.4278118837499987,0.36303180749999964
1180084795436826624,2025,12,15,5,64,1,5,8,1,3.265129117499999,0.5257145737499993
1180084795436826624,2025,12,15,5,64,1,6,4,4,3.3264902274999986,0.46435346374999975
1180084795436826624,2025,12,15,5,64,1,6,5,3,3.421646309999999,0.36919738124999935
1180084795436826624,2025,12,15,5,64,1,6,6,2,3.355795709999999,0.43504798124999944
1180084795436826624,2025,12,15,5,64,1,6,7,1,3.296014012499999,0.4948296787499995
1180084795436826624,2025,12,15,5,64,1,7,3,4,3.2486363999999988,0.5422072912499996
1180084795436826624,2025,12,15,5,64,1,7,4,3,3.3473878237499988,0.44345586749999955
1180084795436826624,2025,12,15,5,64,1,7,5,2,3.3405712324999985,0.45027245874999977
1180084795436826624,2025,12,15,5,64,1,7,6,1,3.2267806212499988,0.5640630699999996
1180084795436826624,2025,12,15,5,64,1,8,3,3,3.236295904999999,0.5545477862499992
1180084795436826624,2025,12,15,5,64,1,8,4,2,3.232440813749999,0.5584028774999994
1180084795436826624,2025,12,15,5,64,1,8,5,1,3.177866611249999,0.6129770799999994
1180084795436826624,2025,12,15,5,64,1,9,3,2,3.104754458749999,0.6860892324999992
1180084795436826624,2025,12,15,5,64,1,9,4,1,3.052289781249999,0.7385539099999994
1180084795436826624,2025,12,15,5,64,2,2,7,4,3.593534676249999,0.1973090149999992
1180084795436826624,2025,12,15,5,64,2,2,8,3,3.578401397499999,0.21244229374999923
1180084795436826624,2025,12,15,5,64,2,2,9,2,3.519327897499999,0.27151579374999946
1180084795436826624,2025,12,15,5,64,2,2,10,1,3.3515267987499993,0.43931689249999906
1180084795436826624,2025,12,15,5,64,2,3,6,4,3.5907531337499985,0.20009055749999982
1180084795436826624,2025,12,15,5,64,2,3,7,3,3.678750533749999,0.11209315749999949
1180084795436826624,2025,12,15,5,64,2,3,8,2,3.561533571249999,0.22931011999999917
1180084795436826624,2025,12,15,5,64,2,3,9,1,3.4581088199999988,0.33273487124999956
1180084795436826624,2025,12,15,5,64,2,4,5,4,3.6074358524999983,0.18340783875
1180084795436826624,2025,12,15,5,64,2,4,6,3,3.642571782499999,0.14827190874999951
1180084795436826624,2025,12,15,5,64,2,4,7,2,3.628753787499999,0.1620899037499992
1180084795436826624,2025,12,15,5,64,2,4,8,1,3.466473854999999,0.3243698362499994
1180084795436826624,2025,12,15,5,64,2,5,4,4,3.608094861249999,0.18274882999999953
1180084795436826624,2025,12,15,5,64,2,5,5,3,3.7015984162499986,0.08924527499999968
1180084795436826624,2025,12,15,5,64,2,5,6,2,3.6363510112499986,0.15449267999999972
1180084795436826624,2025,12,15,5,64,2,5,7,1,3.5772421324999986,0.21360155874999975
1180084795436826624,2025,12,15,5,64,2,6,3,4,3.5240756924999985,0.2667679987499998
1180084795436826624,2025,12,15,5,64,2,6,4,3,3.6228253062499984,0.16801838499999988
1180084795436826624,2025,12,15,5,64,2,6,5,2,3.616493564999999,0.17435012624999935
1180084795436826624,2025,12,15,5,64,2,6,6,1,3.503704844999999,0.2871388462499995
1180084795436826624,2025,12,15,5,64,2,7,3,3,3.5448199987499986,0.24602369249999967
1180084795436826624,2025,12,15,5,64,2,7,4,2,3.542570083749999,0.24827360749999938
1180084795436826624,2025,12,15,5,64,2,7,5,1,3.488582649999999,0.30226104124999953
1180084795436826624,2025,12,15,5,64,2,8,3,2,3.432255641249999,0.3585880499999994
1180084795436826624,2025,12,15,5,64,2,8,4,1,3.380435339999999,0.4104083512499992
1180084795436826624,2025,12,15,5,64,2,9,3,1,3.253911113749999,0.5369325774999991
1180084795436826624,2025,12,15,5,64,3,2,6,4,3.6875579662499987,0.10328572499999966
1180084795436826624,2025,12,15,5,64,3,2,7,3,3.776331609999999,0.014512081249999476
1180084795436826624,2025,12,15,5,64,3,2,8,2,3.6594787749999993,0.13136491624999902
1180084795436826624,2025,12,15,5,64,3,2,9,1,3.5547128412499993,0.236130849999999
1180084795436826624,2025,12,15,5,64,3,3,5,4,3.7391197899999984,0.051723901249999926
1180084795436826624,2025,12,15,5,64,3,3,6,3,3.7737768137499987,0.017066877499999578
1180084795436826624,2025,12,15,5,64,3,3,7,2,3.7608295787499992,0.03001411249999908
1180084795436826624,2025,12,15,5,64,3,3,8,1,3.598168894999999,0.1926747962499995
1180084795436826624,2025,12,15,5,64,3,4,4,4,3.697533849999999,0.09330984124999953
1180084795436826624,2025,12,15,5,64,3,4,5,3,3.790754723749999,8.896749999953713e-05
1180084795436826624,2025,12,15,5,64,3,4,6,2,3.7248919949999992,0.06595169624999908
1180084795436826624,2025,12,15,5,64,3,4,7,1,3.665368974999999,0.1254747162499994
1180084795436826624,2025,12,15,5,64,3,5,3,4,3.6936310274999986,0.0972126637499997
1180084795436826624,2025,12,15,5,64,3,5,4,3,3.7908436912499983,0.0
1180084795436826624,2025,12,15,5,64,3,5,5,2,3.784863222499999,0.005980468749999357
1180084795436826624,2025,12,15,5,64,3,5,6,1,3.6732051674999986,0.11763852374999972
1180084795436826624,2025,12,15,5,64,3,6,3,3,3.7074830724999988,0.08336061874999956
1180084795436826624,2025,12,15,5,64,3,6,4,2,3.7058381537499985,0.08500553749999984
1180084795436826624,2025,12,15,5,64,3,6,5,1,3.651886511249999,0.13895717999999935
1180084795436826624,2025,12,15,5,64,3,7,3,2,3.6287585687499986,0.16208512249999973
1180084795436826624,2025,12,15,5,64,3,7,4,1,3.5782280474999992,0.21261564374999908
1180084795436826624,2025,12,15,5,64,3,8,3,1,3.4680066812499986,0.32283700999999976
1180084795436826624,2025,12,15,5,64,4,2,5,4,3.681154617499998,0.10968907375000025
1180084795436826624,2025,12,15,5,64,4,2,6,3,3.7158854399999988,0.07495825124999955
1180084795436826624,2025,12,15,5,64,4,2,7,2,3.702679388749999,0.08816430249999918
1180084795436826624,2025,12,15,5,64,4,2,8,1,3.5389074999999988,0.25193619124999955
1180084795436826624,2025,12,15,5,64,4,3,4,4,3.673326808749999,0.11751688249999948
1180084795436826624,2025,12,15,5,64,4,3,5,3,3.7670015562499986,0.023842134999999764
1180084795436826624,2025,12,15,5,64,4,3,6,2,3.700024281249999,0.09081940999999949
1180084795436826624,2025,12,15,5,64,4,3,7,1,3.6413695087499987,0.14947418249999966
1180084795436826624,2025,12,15,5,64,4,4,3,4,3.6283127099999986,0.16253098124999976
1180084795436826624,2025,12,15,5,64,4,4,4,3,3.725296296249999,0.0655473949999994
1180084795436826624,2025,12,15,5,64,4,4,5,2,3.7173663799999987,0.07347731124999957
1180084795436826624,2025,12,15,5,64,4,4,6,1,3.602948003749999,0.1878956874999993
1180084795436826624,2025,12,15,5,64,4,5,3,3,3.7221534887499987,0.06869020249999958
1180084795436826624,2025,12,15,5,64,4,5,4,2,3.7192947174999986,0.07154897374999969
1180084795436826624,2025,12,15,5,64,4,5,5,1,3.6649320112499986,0.12591167999999975
1180084795436826624,2025,12,15,5,64,4,6,3,2,3.636932481249999,0.15391120999999952
1180084795436826624,2025,12,15,5,64,4,6,4,1,3.585897501249999,0.20494618999999936
1180084795436826624,2025,12,15,5,64,4,7,3,1,3.509765927499999,0.2810777637499995
1180084795436826624,2025,12,15,5,64,5,2,4,4,3.5976071637499984,0.19323652749999987
1180084795436826624,2025,12,15,5,64,5,2,5,3,3.6909226637499986,0.09992102749999976
1180084795436826624,2025,12,15,5,64,5,2,6,2,3.622873736249999,0.16796995499999934
1180084795436826624,2025,12,15,5,64,5,2,7,1,3.564730623749999,0.22611306749999915
1180084795436826624,2025,12,15,5,64,5,3,3,4,3.586532554999999,0.20431113624999941
1180084795436826624,2025,12,15,5,64,5,3,4,3,3.6835261049999986,0.10731758624999976
1180084795436826624,2025,12,15,5,64,5,3,5,2,3.6750913649999988,0.11575232624999954
1180084795436826624,2025,12,15,5,64,5,3,6,1,3.560712247499999,0.2301314437499995
1180084795436826624,2025,12,15,5,64,5,4,3,3,3.6391082162499986,0.15173547499999973
1180084795436826624,2025,12,15,5,64,5,4,4,2,3.6339943749999986,0.15684931624999976
1180084795436826624,2025,12,15,5,64,5,4,5,1,3.577030034999999,0.21381365624999926
1180084795436826624,2025,12,15,5,64,5,5,3,2,3.633330343749999,0.15751334749999923
1180084795436826624,2025,12,15,5,64,5,5,4,1,3.581300633749999,0.20954305749999946
1180084795436826624,2025,12,15,5,64,5,6,3,1,3.4999331274999985,0.2909105637499998
1180084795436826624,2025,12,15,5,64,6,2,3,4,3.497470558749999,0.2933731324999993
1180084795436826624,2025,12,15,5,64,6,2,4,3,3.594382423749999,0.19646126749999926
1180084795436826624,2025,12,15,5,64,6,2,5,2,3.584425741249999,0.20641794999999918
1180084795436826624,2025,12,15,5,64,6,2,6,1,3.470046623749999,0.32079706749999914
1180084795436826624,2025,12,15,5,64,6,3,3,3,3.5833894999999987,0.20745419124999964
1180084795436826624,2025,12,15,5,64,6,3,4,2,3.577235987499999,0.21360770374999927
1180084795436826624,2025,12,15,5,64,6,3,5,1,3.521152686249999,0.26969100499999943
1180084795436826624,2025,12,15,5,64,6,4,3,2,3.534064283749999,0.2567794074999994
1180084795436826624,2025,12,15,5,64,6,4,4,1,3.479728276249999,0.3111154149999993
1180084795436826624,2025,12,15,5,64,6,5,3,1,3.4818702112499986,0.3089734799999997
1180084795436826624,2025,12,22,12,64,1,5,12,4,3.709914057499999,0.5643773149999998
1180084795436826624,2025,12,22,12,64,1,6,11,4,3.7474370874999985,0.5268542850000002
1180084795436826624,2025,12,22,12,64,1,6,12,3,3.7229250649999983,0.5513663075000004
1180084795436826624,2025,12,22,12,64,1,7,10,4,3.7757912837499985,0.4985000887500002
1180084795436826624,2025,12,22,12,64,1,7,11,3,3.7679196774999983,0.5063716950000003
1180084795436826624,2025,12,22,12,64,1,7,12,2,3.643208206249999,0.6310831662499998
1180084795436826624,2025,12,22,12,64,1,8,9,4,3.781522107499999,0.49276926499999973
1180084795436826624,2025,12,22,12,64,1,8,10,3,3.7645299649999986,0.5097614075000001
1180084795436826624,2025,12,22,12,64,1,8,11,2,3.6566350749999987,0.6176562975
1180084795436826624,2025,12,22,12,64,1,8,12,1,3.4856528574999985,0.7886385150000002
1180084795436826624,2025,12,22,12,64,1,9,8,4,3.7091108574999985,0.5651805150000002
1180084795436826624,2025,12,22,12,64,1,9,9,3,3.7542903837499986,0.5200009887500001
1180084795436826624,2025,12,22,12,64,1,9,10,2,3.637410859999999,0.6368805124999999
1180084795436826624,2025,12,22,12,64,1,9,11,1,3.4824938224999986,0.7917975500000001
1180084795436826624,2025,12,22,12,64,2,4,12,4,3.9081421662499984,0.36614920625000025
1180084795436826624,2025,12,22,12,64,2,5,11,4,4.023461643749998,0.2508297287500003
1180084795436826624,2025,12,22,12,64,2,5,12,3,4.000288284999998,0.2740030875000006
1180084795436826624,2025,12,22,12,64,2,6,10,4,4.0427900337499985,0.23150133875000023
1180084795436826624,2025,12,22,12,64,2,6,11,3,4.035750123749999,0.23854124874999982
1180084795436826624,2025,12,22,12,64,2,6,12,2,3.912571171249999,0.3617202012499998
1180084795436826624,2025,12,22,12,64,2,7,9,4,4.078624358749998,0.1956670137500005
1180084795436826624,2025,12,22,12,64,2,7,10,3,4.062891393749998,0.21139997875000027
1180084795436826624,2025,12,22,12,64,2,7,11,2,3.9570677312499987,0.31722364125
1180084795436826624,2025,12,22,12,64,2,7,12,1,3.7890495462499985,0.48524182625000023
1180084795436826624,2025,12,22,12,64,2,8,8,4,4.023187581249999,0.2511037912499994
1180084795436826624,2025,12,22,12,64,2,8,9,3,4.067781412499999,0.20650996
1180084795436826624,2025,12,22,12,64,2,8,10,2,3.953506814999999,0.3207845574999997
1180084795436826624,2025,12,22,12,64,2,8,11,1,3.801205487499999,0.4730858849999997
1180084795436826624,2025,12,22,12,64,2,9,7,4,4.011151306249999,0.2631400662500001
1180084795436826624,2025,12,22,12,64,2,9,8,3,3.996922401249998,0.2773689712500005
1180084795436826624,2025,12,22,12,64,2,9,9,2,3.9436488999999986,0.3306424725000001
1180084795436826624,2025,12,22,12,64,2,9,10,1,3.7820607199999987,0.4922306525
1180084795436826624,2025,12,22,12,64,3,3,12,4,4.039661934999999,0.23462943749999976
1180084795436826624,2025,12,22,12,64,3,4,11,4,4.114010426249999,0.16028094624999945
1180084795436826624,2025,12,22,12,64,3,4,12,3,4.091201993749998,0.18308937875000098
1180084795436826624,2025,12,22,12,64,3,5,10,4,4.2131099024999985,0.06118147000000018
1180084795436826624,2025,12,22,12,64,3,5,11,3,4.205790253749999,0.06850111874999953
1180084795436826624,2025,12,22,12,64,3,5,12,2,4.0831333562499985,0.19115801625000017
1180084795436826624,2025,12,22,12,64,3,6,9,4,4.2409358037499985,0.03335556875000023
1180084795436826624,2025,12,22,12,64,3,6,10,3,4.225151972499999,0.04913939999999961
1180084795436826624,2025,12,22,12,64,3,6,11,2,4.120452033749999,0.1538393387500001
1180084795436826624,2025,12,22,12,64,3,6,12,1,3.9512955687499987,0.32299580375000003
1180084795436826624,2025,12,22,12,64,3,7,8,4,4.2153751012499985,0.05891627125000021
1180084795436826624,2025,12,22,12,64,3,7,9,3,4.260177529999998,0.014113842500000473
1180084795436826624,2025,12,22,12,64,3,7,10,2,4.148318871249998,0.1259725012500006
1180084795436826624,2025,12,22,12,64,3,7,11,1,3.996460673749999,0.2778306987499999
1180084795436826624,2025,12,22,12,64,3,8,7,4,4.218174239999998,0.05611713250000072
1180084795436826624,2025,12,22,12,64,3,8,8,3,4.204211606249999,0.07007976625000012
1180084795436826624,2025,12,22,12,64,3,8,9,2,4.1537497187499985,0.12054165375000014
1180084795436826624,2025,12,22,12,64,3,8,10,1,3.9930855024999987,0.28120586999999997
1180084795436826624,2025,12,22,12,64,3,9,6,4,4.1079543112499985,0.16633706125000014
1180084795436826624,2025,12,22,12,64,3,9,7,3,4.192340947499998,0.08195042500000049
1180084795436826624,2025,12,22,12,64,3,9,8,2,4.082836357499999,0.19145501499999984
1180084795436826624,2025,12,22,12,64,3,9,9,1,3.9832275874999987,0.29106378499999996
1180084795436826624,2025,12,22,12,64,4,2,12,4,3.9856277399999986,0.28866363250000004
1180084795436826624,2025,12,22,12,64,4,3,11,4,4.094289471249999,0.18000190124999982
1180084795436826624,2025,12,22,12,64,4,3,12,3,4.070619798749998,0.20367157375000033
1180084795436826624,2025,12,22,12,64,4,4,10,4,4.152655559999999,0.1216358125000001
1180084795436826624,2025,12,22,12,64,4,4,11,3,4.145911486249998,0.1283798862500003
1180084795436826624,2025,12,22,12,64,4,4,12,2,4.021474746249998,0.25281662625000045
1180084795436826624,2025,12,22,12,64,4,5,9,4,4.260627892499999,0.01366347999999995
1180084795436826624,2025,12,22,12,64,4,5,10,3,4.244639574999999,0.029651797499999688
1180084795436826624,2025,12,22,12,64,4,5,11,2,4.137958763749998,0.13633260875000097
1180084795436826624,2025,12,22,12,64,4,5,12,1,3.968378563749999,0.3059128087499996
1180084795436826624,2025,12,22,12,64,4,6,8,4,4.228835893749999,0.04545547875000011
1180084795436826624,2025,12,22,12,64,4,6,9,3,4.273147587499999,0.0011437850000000083
1180084795436826624,2025,12,22,12,64,4,6,10,2,4.159301354999998,0.11499001750000026
1180084795436826624,2025,12,22,12,64,4,6,11,1,4.006918926249999,0.26737244624999956
1180084795436826624,2025,12,22,12,64,4,7,7,4,4.260837501249998,0.013453871250000304
1180084795436826624,2025,12,22,12,64,4,7,8,3,4.247078106249999,0.027213266249999535
1180084795436826624,2025,12,22,12,64,4,7,9,2,4.195949703749999,0.07834166874999937
1180084795436826624,2025,12,22,12,64,4,7,10,1,4.035572056249999,0.2387193162500001
1180084795436826624,2025,12,22,12,64,4,8,6,4,4.165428122499998,0.10886325000000063
1180084795436826624,2025,12,22,12,64,4,8,7,3,4.249883128749999,0.024408243749999947
1180084795436826624,2025,12,22,12,64,4,8,8,2,4.140325104999999,0.13396626749999996
1180084795436826624,2025,12,22,12,64,4,8,9,1,4.041076844999997,0.23321452750000127
1180084795436826624,2025,12,22,12,64,4,9,5,4,4.102865368749999,0.17142600374999972
1180084795436826624,2025,12,22,12,64,4,9,6,3,4.139247577499998,0.13504379500000052
1180084795436826624,2025,12,22,12,64,4,9,7,2,4.127815406249999,0.1464759662499997
1180084795436826624,2025,12,22,12,64,4,9,8,1,3.969400027499999,0.3048913449999997
1180084795436826624,2025,12,22,12,64,5,2,11,4,4.0217823687499985,0.2525090037500002
1180084795436826624,2025,12,22,12,64,5,2,12,3,3.9980555087499985,0.2762358637500002
1180084795436826624,2025,12,22,12,64,5,3,10,4,4.114235314999998,0.1600560575000003
1180084795436826624,2025,12,22,12,64,5,3,11,3,4.106774427499999,0.16751694500000003
1180084795436826624,2025,12,22,12,64,5,3,12,2,3.9823094149999987,0.2919819575
1180084795436826624,2025,12,22,12,64,5,4,9,4,4.181750501249999,0.09254087124999977
1180084795436826624,2025,12,22,12,64,5,4,10,3,4.165437458749999,0.10885391374999998
1180084795436826624,2025,12,22,12,64,5,4,11,2,4.059236724999999,0.2150546474999997
1180084795436826624,2025,12,22,12,64,5,4,12,1,3.8871659762499986,0.3871253962500001
1180084795436826624,2025,12,22,12,64,5,5,8,4,4.229399467499999,0.044891905000000065
1180084795436826624,2025,12,22,12,64,5,5,9,3,4.273556171249998,0.0007352012500003724
1180084795436826624,2025,12,22,12,64,5,5,10,2,4.159731254999999,0.11456011749999995
1180084795436826624,2025,12,22,12,64,5,5,11,1,4.0060488862499986,0.26824248625000013
1180084795436826624,2025,12,22,12,64,5,6,7,4,4.256003346249999,0.01828802624999959
1180084795436826624,2025,12,22,12,64,5,6,8,3,4.241670943749998,0.032620428750000485
1180084795436826624,2025,12,22,12,64,5,6,9,2,4.188888594999998,0.08540277750000058
1180084795436826624,2025,12,22,12,64,5,6,10,1,4.027976631249999,0.24631474124999997
1180084795436826624,2025,12,22,12,64,5,7,6,4,4.189120072499999,0.08517129999999984
1180084795436826624,2025,12,22,12,64,5,7,7,3,4.274291372499999,0.0
1180084795436826624,2025,12,22,12,64,5,7,8,2,4.164566078749999,0.10972529374999951
1180084795436826624,2025,12,22,12,64,5,7,9,1,4.0654823437499985,0.20880902875000018
1180084795436826624,2025,12,22,12,64,5,8,5,4,4.142199593749998,0.13209177875000044
1180084795436826624,2025,12,22,12,64,5,8,6,3,4.178206391249999,0.09608498124999976
1180084795436826624,2025,12,22,12,64,5,8,7,2,4.167701393749999,0.10658997874999976
1180084795436826624,2025,12,22,12,64,5,8,8,1,4.009156904999998,0.26513446750000025
1180084795436826624,2025,12,22,12,64,5,9,4,4,4.021997846249999,0.2522935262499999
1180084795436826624,2025,12,22,12,64,5,9,5,3,4.115689686249999,0.15860168624999993
1180084795436826624,2025,12,22,12,64,5,9,6,2,4.055745918749999,0.21854545375
1180084795436826624,2025,12,22,12,64,5,9,7,1,3.9966132187499985,0.27767815375000016
1180084795436826624,2025,12,22,12,64,6,2,10,4,4.028473923749999,0.24581744874999956
1180084795436826624,2025,12,22,12,64,6,2,11,3,4.021490646249998,0.2528007262500003
1180084795436826624,2025,12,22,12,64,6,2,12,2,3.8947077812499984,0.3795835912500003
1180084795436826624,2025,12,22,12,64,6,3,9,4,4.1306239374999985,0.14366743500000023
1180084795436826624,2025,12,22,12,64,6,3,10,3,4.113318668749998,0.1609727037500006
1180084795436826624,2025,12,22,12,64,6,3,11,2,4.005909496249998,0.2683818762500003
1180084795436826624,2025,12,22,12,64,6,3,12,1,3.8335399187499988,0.4407514537499999
1180084795436826624,2025,12,22,12,64,6,4,8,4,4.137193138749998,0.13709823375000063
1180084795436826624,2025,12,22,12,64,6,4,9,3,4.181178997499998,0.09311237500000047
1180084795436826624,2025,12,22,12,64,6,4,10,2,4.066005689999999,0.20828568249999968
1180084795436826624,2025,12,22,12,64,6,4,11,1,3.911127171249999,0.3631642012499996
1180084795436826624,2025,12,22,12,64,6,5,7,4,4.2427591387499985,0.03153223375000014
1180084795436826624,2025,12,22,12,64,6,5,8,3,4.228483732499999,0.045807639999999594
1180084795436826624,2025,12,22,12,64,6,5,9,2,4.176119877499999,0.09817149499999989
1180084795436826624,2025,12,22,12,64,6,5,10,1,4.013964251249998,0.26032712125000046
1180084795436826624,2025,12,22,12,64,6,6,6,4,4.171066692499998,0.10322468000000029
1180084795436826624,2025,12,22,12,64,6,6,7,3,4.255757199999998,0.01853417250000078
1180084795436826624,2025,12,22,12,64,6,6,8,2,4.144915159999999,0.12937621249999953
1180084795436826624,2025,12,22,12,64,6,6,9,1,4.045197613749999,0.2290937587499995
1180084795436826624,2025,12,22,12,64,6,7,5,4,4.1540705624999985,0.12022081000000018
1180084795436826624,2025,12,22,12,64,6,7,6,3,4.189430276249999,0.08486109625000005
1180084795436826624,2025,12,22,12,64,6,7,7,2,4.178998914999999,0.09529245749999937
1180084795436826624,2025,12,22,12,64,6,7,8,1,4.020884423749999,0.25340694874999947
1180084795436826624,2025,12,22,12,64,6,8,4,4,4.049107084999998,0.2251842875000003
1180084795436826624,2025,12,22,12,64,6,8,5,3,4.142798924999998,0.13149244750000033
1180084795436826624,2025,12,22,12,64,6,8,6,2,4.082758396249998,0.19153297625000043
1180084795436826624,2025,12,22,12,64,6,8,7,1,4.023692116249999,0.2505992562500001
1180084795436826624,2025,12,22,12,64,6,9,3,4,3.922949738749998,0.3513416337500006
1180084795436826624,2025,12,22,12,64,6,9,4,3,4.022230637499999,0.2520607349999997
1180084795436826624,2025,12,22,12,64,6,9,5,2,4.019890766249999,0.25440060624999994
1180084795436826624,2025,12,22,12,64,6,9,6,1,3.9098791099999985,0.36441226250000014
